{ "frames": [
   {
    "filename": "car_output 0.ase",
    "frame": { "x": 0, "y": 0, "w": 80, "h": 81 },
    "rotated": false,
    "trimmed": false,
    "spriteSourceSize": { "x": 0, "y": 0, "w": 80, "h": 81 },
    "sourceSize": { "w": 80, "h": 81 },
    "duration": 100
   },
   {
    "filename": "car_output 1.ase",
    "frame": { "x": 80, "y": 0, "w": 80, "h": 81 },
    "rotated": false,
    "trimmed": false,
    "spriteSourceSize": { "x": 0, "y": 0, "w": 80, "h": 81 },
    "sourceSize": { "w": 80, "h": 81 },
    "duration": 100
   },
   {
    "filename": "car_output 2.ase",
    "frame": { "x": 160, "y": 0, "w": 80, "h": 81 },
    "rotated": false,
    "trimmed": false,
    "spriteSourceSize": { "x": 0, "y": 0, "w": 80, "h": 81 },
    "sourceSize": { "w": 80, "h": 81 },
    "duration": 100
   },
   {
    "filename": "car_output 3.ase",
    "frame": { "x": 240, "y": 0, "w": 80, "h": 81 },
    "rotated": false,
    "trimmed": false,
    "spriteSourceSize": { "x": 0, "y": 0, "w": 80, "h": 81 },
    "sourceSize": { "w": 80, "h": 81 },
    "duration": 80
   },
   {
    "filename": "car_output 4.ase",
    "frame": { "x": 320, "y": 0, "w": 80, "h": 81 },
    "rotated": false,
    "trimmed": false,
    "spriteSourceSize": { "x": 0, "y": 0, "w": 80, "h": 81 },
    "sourceSize": { "w": 80, "h": 81 },
    "duration": 80
   },
   {
    "filename": "car_output 5.ase",
    "frame": { "x": 400, "y": 0, "w": 80, "h": 81 },
    "rotated": false,
    "trimmed": false,
    "spriteSourceSize": { "x": 0, "y": 0, "w": 80, "h": 81 },
    "sourceSize": { "w": 80, "h": 81 },
    "duration": 80
   },
   {
    "filename": "car_output 6.ase",
    "frame": { "x": 480, "y": 0, "w": 80, "h": 81 },
    "rotated": false,
    "trimmed": false,
    "spriteSourceSize": { "x": 0, "y": 0, "w": 80, "h": 81 },
    "sourceSize": { "w": 80, "h": 81 },
    "duration": 100
   },
   {
    "filename": "car_output 7.ase",
    "frame": { "x": 560, "y": 0, "w": 80, "h": 81 },
    "rotated": false,
    "trimmed": false,
    "spriteSourceSize": { "x": 0, "y": 0, "w": 80, "h": 81 },
    "sourceSize": { "w": 80, "h": 81 },
    "duration": 100
   },
   {
    "filename": "car_output 8.ase",
    "frame": { "x": 640, "y": 0, "w": 80, "h": 81 },
    "rotated": false,
    "trimmed": false,
    "spriteSourceSize": { "x": 0, "y": 0, "w": 80, "h": 81 },
    "sourceSize": { "w": 80, "h": 81 },
    "duration": 100
   }
 ],
 "meta": {
  "app": "http://www.aseprite.org/",
  "version": "1.2.13",
  "image": "car_output.png",
  "format": "I8",
  "size": { "w": 720, "h": 81 },
  "scale": "1",
  "frameTags": [
   { "name": "org", "from": 0, "to": 0, "direction": "forward" },
   { "name": "move", "from": 1, "to": 2, "direction": "forward" },
   { "name": "punch", "from": 3, "to": 5, "direction": "forward" },
   { "name": "idle", "from": 6, "to": 8, "direction": "forward" }
  ],
  "layers": [
   { "name": "Layer 1", "opacity": 255, "blendMode": "normal" },
   { "name": "Layer 2", "opacity": 255, "blendMode": "normal" }
  ],
  "slices": [
  ]
 }
}
