{ "frames": [
   {
    "filename": "cube_sheet_love 0.aseprite",
    "frame": { "x": 0, "y": 0, "w": 18, "h": 19 },
    "rotated": false,
    "trimmed": false,
    "spriteSourceSize": { "x": 0, "y": 0, "w": 18, "h": 19 },
    "sourceSize": { "w": 18, "h": 19 },
    "duration": 100
   },
   {
    "filename": "cube_sheet_love 1.aseprite",
    "frame": { "x": 18, "y": 0, "w": 18, "h": 19 },
    "rotated": false,
    "trimmed": false,
    "spriteSourceSize": { "x": 0, "y": 0, "w": 18, "h": 19 },
    "sourceSize": { "w": 18, "h": 19 },
    "duration": 100
   },
   {
    "filename": "cube_sheet_love 2.aseprite",
    "frame": { "x": 36, "y": 0, "w": 18, "h": 19 },
    "rotated": false,
    "trimmed": false,
    "spriteSourceSize": { "x": 0, "y": 0, "w": 18, "h": 19 },
    "sourceSize": { "w": 18, "h": 19 },
    "duration": 100
   },
   {
    "filename": "cube_sheet_love 3.aseprite",
    "frame": { "x": 54, "y": 0, "w": 18, "h": 19 },
    "rotated": false,
    "trimmed": false,
    "spriteSourceSize": { "x": 0, "y": 0, "w": 18, "h": 19 },
    "sourceSize": { "w": 18, "h": 19 },
    "duration": 100
   },
   {
    "filename": "cube_sheet_love 4.aseprite",
    "frame": { "x": 72, "y": 0, "w": 18, "h": 19 },
    "rotated": false,
    "trimmed": false,
    "spriteSourceSize": { "x": 0, "y": 0, "w": 18, "h": 19 },
    "sourceSize": { "w": 18, "h": 19 },
    "duration": 100
   }
 ],
 "meta": {
  "app": "http://www.aseprite.org/",
  "version": "1.2.12.1",
  "image": "cube_sheet_love.png",
  "format": "I8",
  "size": { "w": 90, "h": 19 },
  "scale": "1",
  "frameTags": [
   { "name": "green", "from": 0, "to": 0, "direction": "forward" },
   { "name": "yellow", "from": 1, "to": 1, "direction": "forward" },
   { "name": "red", "from": 2, "to": 2, "direction": "forward" },
   { "name": "blue", "from": 3, "to": 3, "direction": "forward" },
   { "name": "flash", "from": 4, "to": 4, "direction": "forward" }
  ],
  "layers": [
   { "name": "cubes", "opacity": 255, "blendMode": "normal" },
   { "name": "Layer 1", "opacity": 255, "blendMode": "normal" }
  ],
  "slices": [
  ]
 }
}
