{ "frames": [
   {
    "filename": "tri_sheet_love 0.aseprite",
    "frame": { "x": 0, "y": 0, "w": 18, "h": 19 },
    "rotated": false,
    "trimmed": false,
    "spriteSourceSize": { "x": 0, "y": 0, "w": 18, "h": 19 },
    "sourceSize": { "w": 18, "h": 19 },
    "duration": 500
   },
   {
    "filename": "tri_sheet_love 1.aseprite",
    "frame": { "x": 18, "y": 0, "w": 18, "h": 19 },
    "rotated": false,
    "trimmed": false,
    "spriteSourceSize": { "x": 0, "y": 0, "w": 18, "h": 19 },
    "sourceSize": { "w": 18, "h": 19 },
    "duration": 500
   },
   {
    "filename": "tri_sheet_love 2.aseprite",
    "frame": { "x": 36, "y": 0, "w": 18, "h": 19 },
    "rotated": false,
    "trimmed": false,
    "spriteSourceSize": { "x": 0, "y": 0, "w": 18, "h": 19 },
    "sourceSize": { "w": 18, "h": 19 },
    "duration": 50
   },
   {
    "filename": "tri_sheet_love 3.aseprite",
    "frame": { "x": 54, "y": 0, "w": 18, "h": 19 },
    "rotated": false,
    "trimmed": false,
    "spriteSourceSize": { "x": 0, "y": 0, "w": 18, "h": 19 },
    "sourceSize": { "w": 18, "h": 19 },
    "duration": 50
   },
   {
    "filename": "tri_sheet_love 4.aseprite",
    "frame": { "x": 72, "y": 0, "w": 18, "h": 19 },
    "rotated": false,
    "trimmed": false,
    "spriteSourceSize": { "x": 0, "y": 0, "w": 18, "h": 19 },
    "sourceSize": { "w": 18, "h": 19 },
    "duration": 100
   },
   {
    "filename": "tri_sheet_love 5.aseprite",
    "frame": { "x": 90, "y": 0, "w": 18, "h": 19 },
    "rotated": false,
    "trimmed": false,
    "spriteSourceSize": { "x": 0, "y": 0, "w": 18, "h": 19 },
    "sourceSize": { "w": 18, "h": 19 },
    "duration": 100
   }
 ],
 "meta": {
  "app": "http://www.aseprite.org/",
  "version": "1.2.13",
  "image": "tri_sheet_love.png",
  "format": "I8",
  "size": { "w": 108, "h": 19 },
  "scale": "1",
  "frameTags": [
   { "name": "org", "from": 0, "to": 1, "direction": "forward" },
   { "name": "flash", "from": 2, "to": 3, "direction": "forward" },
   { "name": "red", "from": 4, "to": 5, "direction": "forward" }
  ],
  "layers": [
   { "name": "Layer 1", "opacity": 255, "blendMode": "normal" }
  ],
  "slices": [
  ]
 }
}
