{
    "version": 2,
    "name": "quake.2.zip",
    "items": [
        "Quake 2.sh",
        "quake2/"
    ],
    "items_opt": null,
    "attr": {
        "title": "Quake 2",
        "desc": "Quake 2 is the sequel to Quake 1, one of the first fully 3D First-person shooter games released by id software.",
        "inst": "You need to add your own full game pak files to the ports/quake2/baseq2 folder.",
        "genres": [
            "fps"
        ],
        "porter": [
            "romadu"
        ],
        "image": {},
        "rtr": false,
        "runtime": null,
        "reqs": []
    }
}