{
  "version": 2,
  "name": "Bleed2.zip",
  "items": [
    "Bleed2.sh",
    "bleed2"
  ],
  "items_opt": [],
  "attr": {
    "title": "Bleed 2",
    "porter": [
      "Johnny on Flame"
    ],
    "desc": "Bleed 2 is a relentless arcade action game featuring air-dodging, bullet-reflecting, and tons of bosses. Now with randomly-generated levels and daily challenges, too!",
    "inst": "Copy the retail game's assets into 'bleed2/gamedata'.",
    "genres": [
      "action",
      "platformer"
    ],
    "image": null,
    "rtr": false,
    "runtime": "mono-6.12.0.122-aarch64.squashfs",
    "reqs": []
  }
}