{
    "version": 2,
    "name": "hoverboard.zip",
    "items": [
        "xkcd Hoverboard.sh",
        "xkcdhoverboard/"
    ],
    "items_opt": null,
    "attr": {
        "title": "xkcd Hoverboard",
        "porter": [
            "Bamboozler"
        ],
        "desc": "Standalone version of xkcd 1608 Hoverboard game",
        "inst": "All files are included and game is ready to play.",
        "genres": [
            "platformer"
        ],
        "image": {},
        "rtr": true,
        "runtime": null,
        "reqs": []
    }
}