{
  "version": 2,
  "name": "zeldoschallenge.zip",
  "items": [
    "The Legend of Zelda: Zeldo's Challenge.sh",
    "zeldoschallenge/"
  ],
  "items_opt": [],
  "attr": {
    "title": "The Legend of Zelda: Zeldo's Challenge",
    "porter": [
      "Jeod"
    ],
    "desc": "This game is then the first entry in ZeldoRetro’s series Le Défi de Zeldo (Zeldo’s Challenge). This first chapter is named La Revanche du Bingo (Bingo’s Revenge), and is much less ambitious than its sequel. It contains only one dungeon, and no overworld to explore, which makes the game rather short. You may beat it under an hour.",
    "inst": "Download the game from https://solarus-games.org/games/defi-de-zeldo-ch-1/ and put in the zeldoschallenge/game folder.",
    "genres": [
      "action",
	  "adventure"
    ],
    "image": "zeldoschallenge.screenshot.png",
    "rtr": false,
    "exp": false,
    "runtime": null,
    "reqs": []
  }
}