{
    "version": 2,
    "name": "redneck.rampage.zip",
    "items": [
        "Redneck Rampage.sh",
        "rednukem-redneck1/"
    ],
    "items_opt": null,
    "attr": {
        "title": "Redneck Rampage 1",
        "desc": "Redneck Rampage 1 using the rednukem build open source port by Alexey Khokholov.",
        "inst": "You'll need to add your own full version REDNECK.GRP and REDNECK.RTS and .CON files and optionally CD audio tracks as OGG file in the format trackXX.ogg (where XX is the track number) to the ports/rednukem-redneck1/gamedata folder.",
        "genres": [
            "fps"
        ],
        "porter": [
            "romadu"
        ],
        "image": {},
        "rtr": false,
        "runtime": null,
        "reqs": []
    }
}