{
    "version": "2",
    "name": "ZeroRanger.zip",
    "items": [
        "Zeroranger.sh",
        "zeroranger"
    ],
    "items_opt": null,
    "attr": {
        "title": "ZeroRanger",
        "porter": "Tekkenfede",
        "desc": "*Audio not works on lastest Jelos Releases* ZeroRanger is a vertically scrolling 2D shoot'em up with heavy emphasis on shooting, dodging and... mystery?",
        "inst": "To start the game copy the data.win/game.unx and all the ogg files inside the gamedata folder, then boot the game from the ports menu on your device.",
        "genres": [
            "action",
            "other"
        ],
        "image": null,
        "rtr": false,
        "runtime": null,
        "reqs": []
    }
}