{
    "version": 2,
    "name": "rigelengine.zip",
    "items": [
        "RigelEngine/",
        "RigelEngine.sh"
    ],
    "items_opt": null,
    "attr": {
        "title": "Rigel Engine",
        "desc": "A modern re-implementation of the classic DOS game Duke Nukem II.",
        "inst": "You'll need to add your own full game files to the ports/RigelEngine/ folder.",
        "genres": [
            "action"
        ],
        "porter": [
            "romadu"
        ],
        "image": {},
        "rtr": false,
        "runtime": null,
        "reqs": []
    }
}