{
    "version": 2,
    "name": "world.war.ii.gi.zip",
    "items": [
        "rednukem-WWII/",
        "World War II GI.sh"
    ],
    "items_opt": null,
    "attr": {
        "title": "World War II GI",
        "desc": "World War 2 GI using the rednukem build open source port by Alexey Khokholov.",
        "inst": "You'll need to add your own full version WW2GI.GRP and WW2DI.RTS and .CON files and optionally CD audio tracks as OGG file in the format trackXX.ogg (where XX is the track number) to the ports/rednukem-WWII/gamedata folder.",
        "genres": [
            "fps"
        ],
        "porter": [
            "romadu"
        ],
        "image": {},
        "rtr": false,
        "runtime": null,
        "reqs": []
    }
}