{
    "version": "2",
    "name": "thwack.zip",
    "items": [
        "Thwack.sh",
        "thwack"
    ],
    "items_opt": null,
    "attr": {
        "title": "Thwack",
        "porter": [
            "tabreturn"
        ],
        "desc": "Funky-legged tennis game. Thwack demo/jam files are already included and ready to go.",
        "inst": "The full game is available for purchase at https://jontopielski.itch.io/thwack. To run the full game, down ThwackLinux.zip, extract it, and copy the Thwack.pck file into the gamedata directory. This supports the ThwackLinux.zip, Apr 28 2023 release.\n\nDPAD/ANALOG = Movement\nA/B = Thwack it",
        "genres": [
            "sports"
        ],
        "image": null,
        "rtr": false,
        "runtime": "frt_3.5.0.squashfs",
        "reqs": []
    },
    "status": {
        "source": "Unknown",
        "md5": null,
        "status": "Installed"
    },
    "files": {
        "port.json": "thwack/thwack.port.json",
        "Thwack.sh": "Thwack.sh",
        "thwack": "thwack"
    }
}
