{
    "version": 2,
    "name": "corsixth.zip",
    "items": [
        "CorsixTH/",
        "CorsixTH.sh"
    ],
    "items_opt": null,
    "attr": {
        "title": "CorsixTH",
        "desc": "An opensource clone of Theme Hospital.",
        "inst": "Load your Theme Hospital files into the ports/corsixth/HOSP folder.  As an example, the demo files of Theme Hospital is already included.",
        "genres": [
            "simulation",
            "strategy"
        ],
        "porter": [
            "Jetup",
            "romadu"
        ],
        "image": {},
        "rtr": true,
        "runtime": null,
        "reqs": []
    }
}