{
    "version": 2,
    "name": "Trolley Delayma.zip",
    "items": [
        "Trolley Delayma.sh",
        "trolleydelayma/"
    ],
    "items_opt": null,
    "attr": {
        "title": "Trolley Delayma",
        "porter": [
            "tabreturn"
        ],
        "desc": "Trolley Delayma is a tiny puzzle game where you move around manipulating the tracks to save the victims and delay the inevitable fate forever. A combination of puzzle solving and fast reaction to save everyone, including you!",
        "inst": "You can download Trolley Delayma free at: https://albertnez.itch.io/trolley-delayma . Download the Linux version version and extract it, and place the trolley_delayma.run.pck file in the gamedata directory. This has been tested with the linux_v1_0_1.zip release.",
        "genres": [
            "puzzle"
        ],
        "image": {},
        "rtr": false,
        "runtime": "frt_3.5.2.squashfs",
        "reqs": []
    }
}

