{
    "version": 2,
    "name": "rick.dangerous.zip",
    "items": [
        "Rick Dangerous.sh",
        "xrick/"
    ],
    "items_opt": null,
    "attr": {
        "title": "Rick Dangerous",
        "desc": "An open source implementation of the legendary game \"Rick Dangerous\" using the xrick libretro retroarch core.",
        "inst": "All necessary files are already included.",
        "genres": [
            "action",
            "adventure"
        ],
        "porter": [
            "Christian_Haitian"
        ],
        "image": {},
        "rtr": true,
        "runtime": null,
        "reqs": []
    }
}