{
    "version": "2",
    "name": "Valhalla.zip",
    "items": [
        "Valhalla.sh",
        "Valhalla"
    ],
    "items_opt": null,
    "attr": {
        "title": "VA-11 Hall-A: Cyberpunk Bartender Action",
        "porter": "Tekkenfede",
        "desc": "*Audio not works on lastest Jelos Releases* VA-11 HALL-A: Cyberpunk Bartender Action is a booze em' up about waifus, technology, and post-dystopia life. In this world, corporations reign supreme, all human life is infected with nanomachines designed to oppress them, and the terrifying White Knights ensure that everyone obeys the laws..",
        "inst": "To boot copy the data.win/game.unx files and all the folder inside the gamedata folder and then boot the game from Valhalla.sh.",
        "genres": [
            "visual novel"
        ],
        "image": null,
        "rtr": false,
        "runtime": null,
        "reqs": []
    }
}