{
    "version": 2,
    "name": "meritous.zip",
    "items": [
        "Meritous.sh",
        "meritous/"
    ],
    "items_opt": null,
    "attr": {
        "title": "Meritous",
        "desc": "Action-adventure dungeon crawl game.",
        "inst": "Meritous files are already included and ready to go.",
        "genres": [
            "action",
            "adventure"
        ],
        "porter": [
            "Cebion"
        ],
        "image": {},
        "rtr": true,
        "runtime": null,
        "reqs": []
    }
}