{
    "version": 2,
    "name": "hydorah.zip",
    "items": [
        "Hydorah/",
        "Hydorah.sh"
    ],
    "items_opt": null,
    "attr": {
        "title": "Supet Hydorah",
        "porter": [
            "Tekkenfede"
        ],
        "desc": "Super Hydorah is a nonlinear horizontal shoot' em up designed to offer a challenging experience, sublimating the richness of traditional shmup classics.",
        "inst": "Copy the data.win file and the texts and music folders inside gamedata. Then Boot the game from Hydorah.sh\n",
        "genres": [
            "arcade"
        ],
        "image": {},
        "rtr": true,
        "runtime": null,
        "reqs": []
    }
}