{
    "version": 2,
    "name": "rawgl.zip",
    "items": [
        "RAWGL.sh",
        "rawgl/"
    ],
    "items_opt": null,
    "attr": {
        "title": "RAWGL",
        "desc": "A re-implementation of the engine used in the game Another World aka Out of this World in the US.",
        "inst": "Includes the Out of this World demo files.  You can add your own full game files to the ports/rawgl/gamedata/ folder.  See https://github.com/cyxx/rawgl#supported-versions for more supported files info.",
        "genres": [
            "action",
            "adventure"
        ],
        "porter": [
            "Jetup"
        ],
        "image": {},
        "rtr": true,
        "runtime": null,
        "reqs": []
    }
}