{
    "windowMode": "ExclusiveFullscreen",
    "windowPosX": 0,
    "windowPosY": 0,
    "windowWidth": 1920,
    "windowHeight": 1080,
    "enableVsync": true,
    "enableFpsLimit": true,
    "maxFps": 60,
    "showFpsCounter": false,
    "musicVolume": 1.0,
    "soundVolume": 1.0,
    "musicOn": true,
    "soundOn": true,
    "upKeybinding": "Up",
    "downKeybinding": "Down",
    "leftKeybinding": "Left",
    "rightKeybinding": "Right",
    "jumpKeybinding": "Left Ctrl",
    "fireKeybinding": "Left Alt",
    "quickSaveKeybinding": "F5",
    "quickLoadKeybinding": "F7",
    "widescreenModeOn": false,
    "quickSavingEnabled": false
}