{
    "version": 2,
    "name": "freegemas.zip",
    "items": [
        "freegemas/",
        "Freegemas.sh"
    ],
    "items_opt": null,
    "attr": {
        "title": "Freegemas",
        "desc": "Freegemas is an open source version of the well known Bejeweled.",
        "inst": "Ready to run.",
        "genres": [
            "puzzle"
        ],
        "porter": [
            "Bamboozler"
        ],
        "image": {},
        "rtr": true,
        "runtime": null,
        "reqs": []
    }
}