{
    "version": 2,
    "name": "sonic.cd.zip",
    "items": [
        "Sonic CD.sh",
        "soniccd/"
    ],
    "items_opt": null,
    "attr": {
        "title": "Sonic CD",
        "desc": "Sonic the Hedgehog CD decompilation by Rubberduckycooly.",
        "inst": "Just add your own android Data.rsdk file to the ports/soniccd folder.  See the wiki for more info on this.",
        "genres": [
            "platformer"
        ],
        "porter": [
            "Christian_Haitian"
        ],
        "image": {},
        "rtr": false,
        "runtime": null,
        "reqs": []
    }
}