{
  "version": 2,
  "name": "kobodeluxe.zip",
  "items": [
    "Kobo Deluxe.sh",
    "kobodeluxe"
  ],
  "items_opt": [],
  "attr": {
    "title": "Kobo Deluxe",
    "porter": [
      "Bamboozler"
    ],
    "desc": "Kobo Deluxe is an enhanced version of Akira Higuchi's game XKobo for Un*x systems with X11. Kobo Deluxe adds sound, smoother animation, high resolution support, OpenGL acceleration (optional), an intuitive menu driven user interface, joystick support and other features.",
    "inst": "All files are included and game is ready to play.",
    "genres": [
      "action"
    ],
    "image": null,
    "rtr": true,
    "runtime": null,
    "reqs": []
  }
}