{
    "version": "2",
    "name": "planetwaves.zip",
    "items": [
        "PlanetWaves/",
        "PlanetWaves.sh"
    ],
    "items_opt": null,
    "attr": {
        "title": "Planet Waves",
        "porter": "Tekkenfede",
        "desc": "An arcade tower defense about protecting a small planet made for the gotm.io jam #3 by Escada Games\n",
        "inst": "All files already included. Run PlanetWaves.sh",
        "genres": [
            "strategy"
        ],
        "image": {},
        "rtr": true,
        "runtime": "frt_3.5.2.squashfs",
        "reqs": []
    },
    "status": {
        "source": "PortMaster",
        "md5": "5ed1a7649f1a740808d2836df36cf09e",
        "status": "Installed"
    },
    "files": {
        "port.json": "PlanetWaves/PlanetWaves.port.json",
        "PlanetWaves/": "PlanetWaves/",
        "PlanetWaves.sh": "PlanetWaves.sh"
    }
}