{
    "version": 2,
    "name": "fheroes2.zip",
    "items": [
        "fheroes2/",
        "Fheroes2.sh"
    ],
    "items_opt": null,
    "attr": {
        "title": "Free Heroes of Might and Magic II",
        "desc": "A a recreation of Heroes of Might and Magic 2 game engine by Ihar Hubchyk.",
        "inst": "Includes demo files, just add the data and maps folders from your full version GOG HOMM2 to the ports/fheroes2 folder for the full game.",
        "genres": [
            "strategy",
            "rpg"
        ],
        "porter": [
            "romadu"
        ],
        "image": {},
        "rtr": true,
        "runtime": null,
        "reqs": []
    }
}