{
    "version": 2,
    "name": "dinothawr.zip",
    "items": [
        "Dinothawr.sh",
        "dinothawr/"
    ],
    "items_opt": null,
    "attr": {
        "title": "Dinothawr",
        "desc": "Dinothawr is a block pushing puzzle game on slippery surfaces.",
        "inst": "Ready to run.",
        "genres": [
            "puzzle"
        ],
        "porter": [
            "Christian_Haitian"
        ],
        "image": {},
        "rtr": true,
        "runtime": null,
        "reqs": []
    }
}