{
    "version": 2,
    "name": "feather.park.zip",
    "items": [
        "Feather Park.sh",
        "featherpark/"
    ],
    "items_opt": null,
    "attr": {
        "title": "Feather Park",
        "porter": [
            "tabreturn"
        ],
        "desc": "Explore an autumn park and play minigames. Make friends and enter the barn.\n\nDPAD = Directional movement\nA = Interact/action\nB = Back/escape\n",
        "inst": "Ready to run.",
        "genres": [
            "adventure"
        ],
        "image": {},
        "rtr": true,
        "runtime": "frt_3.5.squashfs",
        "reqs": []
    }
}
