{
    "version": 2,
    "name": "davegnukem.zip",
    "items": [
        "Dave Gnukem.sh",
        "davegnukem/"
    ],
    "items_opt": null,
    "attr": {
        "title": "Dave Gnukem",
        "desc": "Dave Gnukem is a cross-platform 2D scrolling platform shooter inspired by Duke Nukem 1.",
        "inst": "Ready to run.",
        "genres": [
            "action",
            "platformer"
        ],
        "porter": [
            "Bamboozler"
        ],
        "image": {},
        "rtr": true,
        "runtime": null,
        "reqs": []
    }
}