{
    "version": 2,
    "name": "bstone-aog.zip",
    "items": [
        "Blake Stone - Aliens of Gold.sh",
        "bstone-aog/"
    ],
    "items_opt": null,
    "attr": {
        "title": "Blake Stone Aliens of Gold",
        "desc": "The unofficial source port for Blake Stone Aliens of Gold.",
        "inst": "Includes the shareware files.  You can also add your own full version Blake Stone Aliens of Gold files to the ports/bstone-aog/gamedata/alien_of_gold folder.",
        "genres": [
            "fps",
            "action"
        ],
        "porter": [
            "Cebion",
            "romadu"
        ],
        "image": {},
        "rtr": true,
        "runtime": null,
        "reqs": []
    }
}