{
    "version": 2,
    "name": "pinball_disc_room.zip",
    "items": [
        "Pinball Disc Room.sh",
        "pinball_disc_room/"
    ],
    "items_opt": null,
    "attr": {
        "title": "Pinball Disc Room",
        "porter": [
            "Cebion"
        ],
        "desc": "How did you end up in this pinball of death? The blades teleport in. Dodge the discs to survive. Knock down the popups to open the passage way but beware you can't control when you exit.",
        "inst": "All game files included",
        "genres": [
            "arcade"
        ],
        "image": {},
        "rtr": true,
        "runtime": "frt_3.2.3.squashfs",
        "reqs": []
    }
}