{
  "version": 2,
  "name": "siegeofosaka.zip",
  "items": [
    "Siege of Osaka.sh",
    "siegeofosaka"
  ],
  "items_opt": [],
  "attr": {
    "title": "Siege of Osaka",
    "porter": [
      "mattyj513"
    ],
    "desc": "SIEGE OF OSAKA is a retro hybrid of Beat-em-up and Brick Breaker. Send enemy ninja rolling into walls and fortifications to bring down their castles. Localized/parodied for American audiences.",
    "inst": "All game files are included",
    "genres": [
      "arcade"
    ],
    "image": null,
    "rtr": true,
    "runtime": null,
    "reqs": []
  }
}