{
    "version": 2,
    "name": "pixelheat.zip",
    "items": [
        "beat/",
        "PixelHeat.sh"
    ],
    "items_opt": null,
    "attr": {
        "title": "Beat of The PixelHeat",
        "porter": [
            "Tekkenfede"
        ],
        "desc": "Beat of The Pixel Heat is a rhythm game in which you must control HEAT, an artificial intelligence responsible for defending cyberspace from a wave of viral elements that have invaded your home!",
        "inst": "Run PixelHeat.sh",
        "genres": [
            "rhythm"
        ],
        "image": {},
        "rtr": true,
        "runtime": "frt_3.5.2.squashfs",
        "reqs": []
    }
}