{
    "version": 2,
    "name": "colorlines.zip",
    "items": [
        "colorlines/",
        "ColorLines.sh"
    ],
    "items_opt": null,
    "attr": {
        "title": "ColorLines",
        "porter": [
            "Bamboozler"
        ],
        "desc": "A forked and updated version of SDL re-implementation of classic Color Lines game, originally written by Nikita Zimin in 2010.",
        "inst": "All files are included and game is ready to play.",
        "genres": [
            "puzzle"
        ],
        "image": {},
        "rtr": false,
        "runtime": null,
        "reqs": []
    }
}