{
  "version": 2,
  "name": "ColorLines.zip",
  "items": [
    "ColorLines.sh",
    "colorlines"
  ],
  "items_opt": [],
  "attr": {
    "title": "ColorLines",
    "porter": [
      "Bamboozler"
    ],
    "desc": "A forked and updated version of SDL re-implementation of classic Color Lines game, originally written by Nikita Zimin in 2010.",
    "inst": "All files are included and game is ready to play.",
    "genres": [
      "puzzle"
    ],
    "image": null,
    "rtr": false,
    "runtime": "blank",
    "reqs": []
  }
}