{
  "version": 2,
  "name": "infra_arcana.zip",
  "items": [
    "Infra Arcana.sh",
    "infra_arcana"
  ],
  "items_opt": [],
  "attr": {
    "title": "Infra Arcana",
    "porter": [
      "Troidem",
      "Cebion"
    ],
    "desc": "Infra Arcana is a Roguelike set in the early 20th century. The goal is to explore the lair of a dreaded cult called The Church of Starry Wisdom. Buried deep beneath their hallowed grounds lies an artefact called The Shining Trapezohedron - a window to all secrets of the universe. Your ultimate goal is to unearth this artefact.",
    "inst": "All game files are included. \nThe controls are rather complex, carefully study the instructions for the controls.",
    "genres": [
      "rpg"
    ],
    "image": null,
    "rtr": true,
    "runtime": null,
    "reqs": []
  }
}