{
  "version": 2,
  "name": "deadicedeluxe.zip",
  "items": [
    "Dead Ice Deluxe.sh",
    "deadicedeluxe"
  ],
  "items_opt": [],
  "attr": {
    "title": "Dead Ice Deluxe",
    "porter": [
      "mattyj513"
    ],
    "desc": "A small and kinda silly 1-v-1 Player-Vs-CPU Ice Hockey game, but the rink is full of zombies, powerups, mines, and meat.",
    "inst": "All game files are included.",
    "genres": [
      "sport"
    ],
    "image": null,
    "rtr": true,
    "runtime": null,
    "reqs": []
  }
}