{
    "version": 2,
    "name": "rvgl.zip",
    "items": [
        "rvgl/",
        "RVGL.sh"
    ],
    "items_opt": null,
    "attr": {
        "title": "RVGL",
        "desc": "An open source port of Re-Volt by the RV Team.",
        "inst": "Necessary files will be downloaded and installed upon initial launch while connected to the internet.",
        "genres": [
            "racing"
        ],
        "porter": [
            "romadu"
        ],
        "image": {},
        "rtr": false,
        "runtime": null,
        "reqs": []
    }
}