{
  "version": 2,
  "name": "russiansubwaydogs.zip",
  "items": [
    "Russian Subway Dogs.sh",
    "russiansubwaydogs"
  ],
  "items_opt": [],
  "attr": {
    "title": "Russian Subway Dogs",
    "porter": [
      "mattyj513"
    ],
    "desc": "A fast-paced arcade game inspired by the real-life stray dogs of the Moscow metro. Juggle vodka, bark fire, cook bears, and more! Can you steal enough food to survive?",
    "inst": "Download the game from https://store.steampowered.com/app/762610/Russian_Subway_Dogs/ copy data.win and all .ini files to /ports/russiansubwaydogs/gamedata",
    "genres": [
      "arcade"
    ],
    "image": null,
    "rtr": false,
    "runtime": null,
    "reqs": []
  }
}