{
    "version": "2",
    "name": "rota.zip",
    "items": [
        "ROTA.sh",
        "rota/"
    ],
    "items_opt": null,
    "attr": {
        "title": "ROTA",
        "porter": "Cebion",
        "desc": "Rotate gravity as you walk over the edge!\nPush, pull and rotate gravity-blocks to traverse the stage and solve puzzles.\nCollect all 50 gems to unlock doors and explore 8 vibrant worlds!\nListen to an original ambient soundtrack that will keep you relaxed while solving challenging puzzles. (:\nWatch out for spikes! 0:",
        "inst": "",
        "genres": [
            "platformer"
        ],
        "image": {},
        "rtr": true,
        "runtime": "frt_3.5.2.squashfs",
        "reqs": []
    },
    "status": {
        "source": "PortMaster",
        "md5": "85de70c49b7e446110134db267f9e421",
        "status": "Installed"
    },
    "files": {
        "port.json": "rota/rota.port.json",
        "ROTA.sh": "ROTA.sh",
        "rota/": "rota/"
    }
}