{
    "version": 2,
    "name": "chip.zip",
    "items": [
        "CHIPNDALE/",
        "CHIPNDALE.sh"
    ],
    "items_opt": null,
    "attr": {
        "title": "Chip n Dale Rescue Rangers: Remastered",
        "porter": [
            "Tekkenfede"
        ],
        "desc": "Nutcase was kidnapped by the cat Fatso, and Chip and Dale went to save her. As they begin the operation, they discover that the enemy has plotted more serious difficulties for the entire world. Not only will you need to help Gaika, but also destroy the antagonist's further plans. In the remaster, the developer completely changed the textures and character animations",
        "inst": "Ready to run, launch CHIPNDALE.sh",
        "genres": [
            "arcade",
            "platformer"
        ],
        "image": {},
        "rtr": true,
        "runtime": null,
        "reqs": []
    }
}