{
    "version": 2,
    "name": "final_quest.zip",
    "items": [
        "Final Quest.sh",
        "final_quest/"
    ],
    "items_opt": null,
    "attr": {
        "title": "Final Quest",
        "porter": [
            "Cebion"
        ],
        "desc": "Embark on an exciting journey in Final Quest: A Godot Research, a unique blend of a captivating 2D platform game and an in-depth research guide for the Godot game engine. ",
        "inst": "",
        "genres": [
            "platformer"
        ],
        "image": {},
        "rtr": false,
        "runtime": "frt_3.5.2.squashfs",
        "reqs": []
    }
}