{
  "version": 1,
  "name": "oceansheart.zip",
  "items": [
    "Ocean's Heart.sh",
    "oceansheart/"
  ],
  "items_opt": [],
  "attr": {
    "title": "Ocean's Heart",
    "porter": [
      "Jeod"
    ],
    "desc": "When pirates attacked Limestone Island, it fell to Tilia’s father to go after them and rescue the young woman they kidnapped. When he hasn’t returned six months later, Tilia decides it’s up to her to track down her dad and find out what went wrong.\n\nPlay as Tilia as she travels across an archipelago full of pirate forts, forgotten magic, abominable beasts, and a diverse cast of people trying to find their place in it all. As Tilia follows her dad’s trail, she becomes entrangled in the pirates’ plot to use an old magic to control the ocean. And maybe along the way, she’ll play in a tick-tack-toe championship, prevent an art heist, or impresonate a piano tuner. It’s a large world full of secrets, dangers, and quirky wierdos for you to explore.",
    "inst": "Buy the game from GOG or Steam and place the data.solarus file in the oceansheart/game folder.",
    "genres": [
      "action",
	  "adventure"
    ],
    "image": "oceansheart.screenshot.png",
    "rtr": false,
    "exp": false,
    "runtime": null,
    "reqs": []
  }
}