{
    "version": 2,
    "name": "worship_vector.zip",
    "items": [
        "Worship Vector.sh",
        "worship/"
    ],
    "items_opt": null,
    "attr": {
        "title": "Worship Vector",
        "desc": "Worship Vector is a Tower Defense type game. The game is based upon a unique map, which extends automatically.",
        "inst": "Just download and play.",
        "genres": [
            "puzzle"
        ],
        "porter": [
            "Cebion"
        ],
        "image": {},
        "rtr": true,
        "runtime": null,
        "reqs": []
    }
}