{
    "version": 2,
    "name": "ultimatetapankaikki.zip",
    "items": [
        "Ultimatetapankaikki.sh",
        "ultimatetapankaikki/"
    ],
    "items_opt": null,
    "attr": {
        "title": "Ultimate Tapan Kaikki",
        "desc": "A simple top-down shooter.",
        "inst": "Just download and play.",
        "genres": [
            "action"
        ],
        "porter": [
            "Cebion"
        ],
        "image": {},
        "rtr": true,
        "runtime": null,
        "reqs": []
    }
}