{
    "version": 2,
    "name": "hota.zip",
    "items": [
        "Heart Of The Alien Redux.sh",
        "hota/"
    ],
    "items_opt": null,
    "attr": {
        "title": "Heart Of The Alien Redux",
        "porter": [
            "Bamboozler"
        ],
        "desc": "Heart of the Alien is a cinematic platform game developed by Interplay Productions and was released by Virgin Interactive Entertainment in 1994.",
        "inst": "Heart Of The Alien (U).iso and \nHeart Of The Alien (U) xx.ogg or Heart Of The Alien (U) xx.mp3 02-42 need to be placed in the data folder",
        "genres": [
            "action",
            "adventure",
            "platformer"
        ],
        "image": {},
        "rtr": false,
        "runtime": null,
        "reqs": []
    }
}