{
  "version": 2,
  "name": "zeldansq.zip",
  "items": [
    "zeldansq",
    "zeldansq.sh"
  ],
  "items_opt": [],
  "attr": {
    "title": "Zelda Navi's Quest",
    "porter": [
      "Tekkenfede"
    ],
    "desc": "At the end of the Time of Triumph, Link left Hyrule to take well-deserved holidays far from the kingdom's restlessness. Link set sail to discover distant lands and paradise islands where he gladly spent the many rupees he had borrowed from the princess.\n\nYet, his holiday took a decisive turn on a small island where he heard interesting rumours.\n\nThose rumours were about a very special island, the most fabulous beach resort, the marvellous Fairy Island. Link was very curious about it, and set sail again to see it by himself.\n\nBut what he found there wan't quite what he expected: a quick and painful death killed by a sea monster. His body was washed ashore on a beach... \n",
    "inst": "RTR\nTo continue dialogues you need to press accept. \nAlso to go after the boot image \n",
    "genres": [
      "action",
      "adventure"
    ],
    "image": null,
    "rtr": true,
    "exp": true,
    "runtime": null,
    "reqs": []
  }
}