{
  "version": "2",
  "name": "gumgem.zip",
  "items": [
    "Gumgem",
    "gumgem"
  ],
  "items_opt": null,
  "attr": {
    "title": "Gumgem",
    "porter": [
      "tabreturn"
    ],
    "desc": "Venture into a procedurally generated castle, different every time you play. The evil gummy bear has taken the prince prisoner, and you're our only hope!",
    "inst": "You can purchase Gumgem at: https://dazel.itch.io/gumgem\n\nDownload the GameShell version and extract it, and place the Gumgem.pck file in the gamedata directory. This has been tested with the Gumgem 2.2 - GameShell\n\nDPAD = Movement\nA = Dash\nB = Jump\n X = Interact",
    "genres": [
      "platformer"
    ],
    "image": null,
    "rtr": false,
    "runtime": "frt_3.4.5.squashfs",
    "reqs": []
  }
}
