{
    "version": 2,
    "name": "iichantra_pear.zip",
    "items": [
        "IIChantra P.E.A.R.sh",
        "iichantra_pear/"
    ],
    "items_opt": null,
    "attr": {
        "title": "iiChantra",
        "desc": "iiChantra is a cross-platform 2D-Action, \u00abretro\u00bb in style but modern in gameplay.",
        "inst": "iiChantra files are already included and ready to go.",
        "genres": [
            "platformer"
        ],
        "porter": [
            "Cebion"
        ],
        "image": {},
        "rtr": true,
        "runtime": null,
        "reqs": []
    }
}