{
    "version": 2,
    "name": "dungeonrush.zip",
    "items": [
        "dungeonrush/",
        "DungeonRush.sh"
    ],
    "items_opt": null,
    "attr": {
        "title": "DungeonRush",
        "desc": "A opensource game inspired by Snake, written in pure C with SDL",
        "inst": "Ready to run.",
        "genres": [
            "rpg"
        ],
        "porter": [
            "Bamboozler"
        ],
        "image": {},
        "rtr": true,
        "runtime": null,
        "reqs": []
    }
}