{
    "version": 2,
    "name": "pigeon.zip",
    "items": [
        "PigeonAscent/",
        "PigeonAscent.sh"
    ],
    "items_opt": null,
    "attr": {
        "title": "Pigeon Ascent",
        "desc": "*Optimized for 4:3 640x480 and 5:3 1920x1152*. Take care of your own pigeon as they fight increasingly stronger foes, and then face the legendary Pigeon God at the end... can you keep death far from your bird?",
        "inst": "Pigeon Ascent files are already included and ready to go.",
        "genres": [
            "strategy"
        ],
        "porter": [
            "Tekkenfede"
        ],
        "image": {},
        "rtr": true,
        "runtime": null,
        "reqs": []
    }
}