{
  "version": 2,
  "name": "Heboris-sdl.zip",
  "items": [
    "Heboris-sdl.sh",
    "heboris-sdl"
  ],
  "items_opt": [],
  "attr": {
    "title": "Heboris C7-EX",
    "porter": [
      "Tekkenfede"
    ],
    "desc": "Heboris is a game developed in 2001 by Kenji Hosimoto, aka Hosiken. Many, but not all, of its behaviors bear a resemblance to Tetris The Absolute The Grand Master 2, the latest TGM series game at that point. The game was developed using YaneuraoGameScript 2000 (YGS2K), which is a scripting language and runtime environment created by Urao Yane. \n\n",
    "inst": "Ready to run",
    "genres": [
      "arcade",
      "puzzle"
    ],
    "image": null,
    "rtr": true,
    "runtime": null,
    "reqs": []
  }
}