{
    "version": 2,
    "name": "super.mario.war.zip",
    "items": [
        "smw/",
        "Super Mario War.sh"
    ],
    "items_opt": null,
    "attr": {
        "title": "Super Mario War",
        "desc": "Super Mario War is a fan-made multiplayer Super Mario Bros. style deathmatch game in which players try to beat one another in a variety of gameplay modes.  Great fun even in single player mode.",
        "inst": "Ready to run.",
        "genres": [
            "platformer"
        ],
        "porter": [
            "Christian_Haitian"
        ],
        "image": {},
        "rtr": true,
        "runtime": null,
        "reqs": []
    }
}