{
	"cloneLimit":	0,
	"timeLimit":	60,
	"entities":	[{
			"x":	64,
			"y":	640,
			"type":	"player",
			"facing":	"left"
		}, {
			"x":	1360,
			"y":	640,
			"type":	"toilet",
			"facing":	"right"
		}, {
			"x":	160,
			"y":	640,
			"type":	"coin"
		}, {
			"x":	160,
			"y":	544,
			"type":	"coin"
		}, {
			"x":	64,
			"y":	448,
			"type":	"coin"
		}, {
			"x":	152,
			"y":	344,
			"type":	"coin"
		}, {
			"x":	64,
			"y":	256,
			"type":	"coin"
		}, {
			"x":	64,
			"y":	112,
			"type":	"coin"
		}, {
			"x":	96,
			"y":	112,
			"type":	"coin"
		}, {
			"x":	128,
			"y":	112,
			"type":	"coin"
		}, {
			"x":	256,
			"y":	344,
			"type":	"coin"
		}, {
			"x":	288,
			"y":	344,
			"type":	"coin"
		}, {
			"x":	320,
			"y":	344,
			"type":	"coin"
		}, {
			"x":	352,
			"y":	344,
			"type":	"coin"
		}, {
			"x":	352,
			"y":	312,
			"type":	"coin"
		}, {
			"x":	320,
			"y":	312,
			"type":	"coin"
		}, {
			"x":	288,
			"y":	312,
			"type":	"coin"
		}, {
			"x":	256,
			"y":	312,
			"type":	"coin"
		}, {
			"x":	256,
			"y":	280,
			"type":	"coin"
		}, {
			"x":	288,
			"y":	280,
			"type":	"coin"
		}, {
			"x":	320,
			"y":	280,
			"type":	"coin"
		}, {
			"x":	352,
			"y":	280,
			"type":	"coin"
		}, {
			"x":	352,
			"y":	248,
			"type":	"coin"
		}, {
			"x":	320,
			"y":	248,
			"type":	"coin"
		}, {
			"x":	288,
			"y":	248,
			"type":	"coin"
		}, {
			"x":	256,
			"y":	248,
			"type":	"coin"
		}, {
			"x":	256,
			"y":	632,
			"type":	"coin"
		}, {
			"x":	288,
			"y":	632,
			"type":	"coin"
		}, {
			"x":	320,
			"y":	632,
			"type":	"coin"
		}, {
			"x":	352,
			"y":	632,
			"type":	"coin"
		}, {
			"x":	384,
			"y":	632,
			"type":	"coin"
		}, {
			"x":	704,
			"y":	112,
			"type":	"coin"
		}, {
			"x":	904,
			"y":	112,
			"type":	"coin"
		}, {
			"x":	1088,
			"y":	112,
			"type":	"coin"
		}, {
			"x":	1544,
			"y":	144,
			"type":	"coin"
		}, {
			"x":	1544,
			"y":	176,
			"type":	"coin"
		}, {
			"x":	1544,
			"y":	208,
			"type":	"coin"
		}, {
			"x":	1544,
			"y":	240,
			"type":	"coin"
		}, {
			"x":	1544,
			"y":	272,
			"type":	"coin"
		}, {
			"x":	1544,
			"y":	304,
			"type":	"coin"
		}, {
			"x":	1544,
			"y":	336,
			"type":	"coin"
		}, {
			"x":	1544,
			"y":	368,
			"type":	"coin"
		}, {
			"x":	1544,
			"y":	400,
			"type":	"coin"
		}, {
			"x":	1544,
			"y":	432,
			"type":	"coin"
		}, {
			"x":	1544,
			"y":	464,
			"type":	"coin"
		}, {
			"x":	1544,
			"y":	496,
			"type":	"coin"
		}, {
			"x":	1544,
			"y":	528,
			"type":	"coin"
		}, {
			"x":	1544,
			"y":	560,
			"type":	"coin"
		}, {
			"x":	1544,
			"y":	592,
			"type":	"coin"
		}, {
			"x":	1544,
			"y":	624,
			"type":	"coin"
		}, {
			"x":	1360,
			"y":	496,
			"type":	"coin"
		}, {
			"x":	1360,
			"y":	496,
			"type":	"coin"
		}, {
			"x":	1448,
			"y":	400,
			"type":	"coin"
		}, {
			"x":	1448,
			"y":	368,
			"type":	"coin"
		}, {
			"x":	1448,
			"y":	336,
			"type":	"coin"
		}, {
			"x":	1448,
			"y":	304,
			"type":	"coin"
		}, {
			"x":	1448,
			"y":	280,
			"type":	"coin"
		}, {
			"x":	1352,
			"y":	360,
			"type":	"coin"
		}, {
			"x":	1352,
			"y":	328,
			"type":	"coin"
		}, {
			"x":	1352,
			"y":	296,
			"type":	"coin"
		}, {
			"x":	1352,
			"y":	264,
			"type":	"coin"
		}, {
			"x":	1256,
			"y":	640,
			"type":	"coin"
		}, {
			"x":	1208,
			"y":	592,
			"type":	"coin"
		}, {
			"x":	1304,
			"y":	400,
			"type":	"coin"
		}, {
			"x":	1160,
			"y":	496,
			"type":	"coin"
		}, {
			"x":	1264,
			"y":	304,
			"type":	"coin"
		}, {
			"x":	1240,
			"y":	304,
			"type":	"coin"
		}, {
			"x":	1216,
			"y":	304,
			"type":	"coin"
		}, {
			"x":	1192,
			"y":	304,
			"type":	"coin"
		}, {
			"x":	1168,
			"y":	304,
			"type":	"coin"
		}, {
			"x":	1192,
			"y":	280,
			"type":	"coin"
		}, {
			"x":	1216,
			"y":	280,
			"type":	"coin"
		}, {
			"x":	1240,
			"y":	280,
			"type":	"coin"
		}, {
			"x":	1264,
			"y":	280,
			"type":	"coin"
		}, {
			"x":	1264,
			"y":	256,
			"type":	"coin"
		}, {
			"x":	1240,
			"y":	256,
			"type":	"coin"
		}, {
			"x":	1216,
			"y":	256,
			"type":	"coin"
		}, {
			"x":	1240,
			"y":	232,
			"type":	"coin"
		}, {
			"x":	1264,
			"y":	232,
			"type":	"coin"
		}, {
			"x":	1264,
			"y":	208,
			"type":	"coin"
		}],
	"tips":	[],
	"map":	"1 1 1 1 1 1 1 1 1 1 1 1 1 1 1 1 1 1 1 1 1 1 1 1 1 1 1 1 1 1 1 1 1 1 0 0 0 0 0 0 0 0 0 0 0 0 0 0 0 0 0 0 0 0 0 0 0 0 0 0 0 0 0 0 0 0 0 0 0 0 0 0 0 0 0 0 0 0 0 0 0 0 0 0 0 0 0 0 0 0 0 0 0 0 0 0 0 0 0 0 0 0 0 0 0 0 0 0 1 0 0 0 0 0 0 0 0 0 0 0 0 0 0 0 0 0 0 0 0 0 0 0 0 0 0 0 0 0 0 0 0 1 0 0 0 0 0 0 0 0 0 0 0 0 0 0 0 0 0 0 0 0 0 0 0 0 0 0 0 0 0 0 0 0 0 0 0 0 0 0 0 0 0 0 0 0 0 0 0 0 0 0 0 0 0 0 0 0 0 0 0 0 0 0 0 0 0 0 0 0 0 0 0 0 0 0 1 0 0 0 0 0 0 0 0 0 0 0 0 0 0 0 0 0 0 0 0 0 0 0 0 0 0 0 0 0 0 0 0 1 0 0 0 0 0 0 0 0 0 0 0 0 0 0 0 0 0 0 0 0 0 0 0 0 0 0 0 0 0 0 0 0 0 0 0 0 0 0 0 0 0 0 0 0 0 0 0 0 0 0 0 0 0 0 0 0 0 0 0 0 0 0 0 0 0 0 0 0 0 0 0 0 0 0 1 0 0 0 0 0 0 0 0 0 0 0 0 0 0 0 0 0 0 0 0 0 0 0 1 1 1 1 1 1 1 1 0 1 0 0 0 0 0 0 0 0 0 0 0 0 0 0 0 0 0 0 0 0 0 0 0 0 0 0 0 0 0 0 0 0 0 0 0 0 0 0 0 0 0 0 0 0 0 0 0 0 0 0 0 0 0 0 0 0 0 0 0 0 0 0 0 0 0 0 0 0 0 0 0 0 0 0 1 0 0 1 1 1 1 1 1 1 1 1 1 1 0 0 1 1 0 0 1 1 0 0 0 0 0 1 0 0 0 1 0 1 0 0 0 0 0 0 0 0 0 0 0 0 0 0 0 0 0 0 0 0 0 0 0 0 0 0 0 0 0 0 0 0 0 0 0 0 0 0 0 0 0 0 0 0 0 0 0 0 0 0 0 0 0 0 0 0 0 0 0 0 0 0 0 0 0 0 0 0 0 0 0 0 0 0 1 0 0 0 0 0 0 0 0 0 0 0 0 0 0 0 0 0 0 0 0 0 0 0 0 0 0 1 0 0 0 1 0 1 0 0 0 0 0 0 0 0 0 0 0 0 0 0 0 0 0 0 0 0 0 0 0 0 0 0 0 0 0 0 0 0 0 0 0 0 0 0 0 0 0 0 0 0 0 0 0 0 0 0 0 0 0 0 0 0 0 0 0 0 0 0 0 0 0 0 0 0 0 0 0 0 0 0 1 1 0 0 1 0 0 0 0 0 0 0 0 0 0 0 0 0 0 0 0 0 0 0 0 0 0 1 0 0 0 1 0 1 0 0 0 0 0 0 0 0 0 0 0 0 0 0 0 0 0 0 0 0 0 0 0 0 0 0 0 0 0 0 0 0 0 0 0 0 0 0 0 0 0 0 0 0 0 0 0 0 0 0 0 0 0 0 0 0 0 0 0 0 0 0 0 0 0 0 0 0 0 0 0 0 0 0 1 0 0 0 1 0 0 0 0 0 0 0 0 0 0 0 0 0 0 0 0 0 0 0 1 1 1 1 0 1 0 1 0 1 0 0 0 0 0 0 0 0 0 0 0 0 0 0 0 0 0 0 0 0 0 0 0 0 0 0 0 0 0 0 0 0 0 0 0 0 0 0 0 0 0 0 0 0 0 0 0 0 0 0 0 0 0 0 0 0 0 0 0 0 0 0 0 0 0 0 0 0 0 0 0 0 0 0 1 0 0 1 1 1 1 1 0 0 0 0 0 0 0 0 0 0 0 0 0 0 0 0 1 0 0 0 0 0 0 1 0 1 0 0 0 0 0 0 0 0 0 0 0 0 0 0 0 0 0 0 0 0 0 0 0 0 0 0 0 0 0 0 0 0 0 0 0 0 0 0 0 0 0 0 0 0 0 0 0 0 0 0 0 0 0 0 0 0 0 0 0 0 0 0 0 0 0 0 0 0 0 0 0 0 0 0 1 0 0 0 1 0 0 0 0 1 0 0 0 0 0 0 0 0 0 0 0 0 0 0 1 0 0 1 0 0 1 1 0 1 0 0 0 0 0 0 0 0 0 0 0 0 0 0 0 0 0 0 0 0 0 0 0 0 0 0 0 0 0 0 0 0 0 0 0 0 0 0 0 0 0 0 0 0 0 0 0 0 0 0 0 0 0 0 0 0 0 0 0 0 0 0 0 0 0 0 0 0 0 0 0 0 0 0 1 1 0 0 1 0 0 0 0 0 0 1 0 0 0 0 0 0 0 0 0 0 0 0 0 0 0 1 0 0 0 1 0 1 0 0 0 0 0 0 0 0 0 0 0 0 0 0 0 0 0 0 0 0 0 0 0 0 0 0 0 0 0 0 0 0 0 0 0 0 0 0 0 0 0 0 0 0 0 0 0 0 0 0 0 0 0 0 0 0 0 0 0 0 0 0 0 0 0 0 0 0 0 0 0 0 0 0 1 0 0 0 1 0 0 0 0 0 0 1 1 0 0 0 0 0 0 0 0 0 0 0 1 0 0 1 1 0 0 0 0 1 0 0 0 0 0 0 0 0 0 0 0 0 0 0 0 0 0 0 0 0 0 0 0 0 0 0 0 0 0 0 0 0 0 0 0 0 0 0 0 0 0 0 0 0 0 0 0 0 0 0 0 0 0 0 0 0 0 0 0 0 0 0 0 0 0 0 0 0 0 0 0 0 0 0 1 0 0 1 1 0 0 0 0 0 1 1 1 1 0 0 0 0 0 0 0 0 0 0 1 0 0 1 0 1 0 0 0 1 0 0 0 0 0 0 0 0 0 0 0 0 0 0 0 0 0 0 0 0 0 0 0 0 0 0 0 0 0 0 0 0 0 0 0 0 0 0 0 0 0 0 0 0 0 0 0 0 0 0 0 0 0 0 0 0 0 0 0 0 0 0 0 0 0 0 0 0 0 0 0 0 0 0 1 0 0 0 1 0 0 0 0 1 1 1 1 1 1 0 0 0 0 0 0 0 0 0 1 1 0 1 0 0 0 0 0 1 0 0 0 0 0 0 0 0 0 0 0 0 0 0 0 0 0 0 0 0 0 0 0 0 0 0 0 0 0 0 0 0 0 0 0 0 0 0 0 0 0 0 0 0 0 0 0 0 0 0 0 0 0 0 0 0 0 0 0 0 0 0 0 0 0 0 0 0 0 0 0 0 0 0 1 1 1 1 1 1 1 1 1 1 1 1 1 1 1 1 1 1 1 1 1 1 1 1 1 1 1 1 1 1 1 1 1 1 0 0 0 0 0 0 0 0 0 0 0 0 0 0 0 0 0 0 0 0 0 0 0 0 0 0 0 0 0 0 0 0 0 0 0 0 0 0 0 0 0 0 0 0 0 0 0 0 0 0 0 0 0 0 0 0 0 0 0 0 0 0 0 0 0 0 0 0 0 0 0 0 0 0 "
}
