{
	"cloneLimit":	0,
	"timeLimit":	60,
	"entities":	[{
			"x":	3744,
			"y":	214,
			"type":	"spikes"
		}, {
			"x":	3792,
			"y":	214,
			"type":	"spikes"
		}, {
			"x":	3840,
			"y":	214,
			"type":	"spikes"
		}, {
			"x":	3888,
			"y":	214,
			"type":	"spikes"
		}, {
			"x":	3936,
			"y":	214,
			"type":	"spikes"
		}, {
			"x":	3984,
			"y":	214,
			"type":	"spikes"
		}, {
			"x":	4032,
			"y":	214,
			"type":	"spikes"
		}, {
			"x":	4080,
			"y":	214,
			"type":	"spikes"
		}, {
			"x":	4128,
			"y":	214,
			"type":	"spikes"
		}, {
			"x":	4176,
			"y":	214,
			"type":	"spikes"
		}, {
			"x":	4224,
			"y":	214,
			"type":	"spikes"
		}, {
			"x":	4272,
			"y":	214,
			"type":	"spikes"
		}, {
			"x":	4320,
			"y":	214,
			"type":	"spikes"
		}, {
			"x":	4368,
			"y":	214,
			"type":	"spikes"
		}, {
			"x":	4416,
			"y":	214,
			"type":	"spikes"
		}, {
			"x":	4464,
			"y":	214,
			"type":	"spikes"
		}, {
			"x":	4512,
			"y":	214,
			"type":	"spikes"
		}, {
			"x":	4560,
			"y":	214,
			"type":	"spikes"
		}, {
			"x":	3936,
			"y":	646,
			"type":	"spikes"
		}, {
			"x":	3984,
			"y":	646,
			"type":	"spikes"
		}, {
			"x":	4032,
			"y":	646,
			"type":	"spikes"
		}, {
			"x":	4080,
			"y":	646,
			"type":	"spikes"
		}, {
			"x":	4128,
			"y":	646,
			"type":	"spikes"
		}, {
			"x":	4176,
			"y":	646,
			"type":	"spikes"
		}, {
			"x":	4224,
			"y":	646,
			"type":	"spikes"
		}, {
			"x":	4320,
			"y":	646,
			"type":	"spikes"
		}, {
			"x":	4368,
			"y":	646,
			"type":	"spikes"
		}, {
			"x":	4416,
			"y":	646,
			"type":	"spikes"
		}, {
			"x":	4464,
			"y":	646,
			"type":	"spikes"
		}, {
			"x":	4560,
			"y":	646,
			"type":	"spikes"
		}, {
			"x":	4608,
			"y":	646,
			"type":	"spikes"
		}, {
			"x":	4656,
			"y":	646,
			"type":	"spikes"
		}, {
			"x":	4704,
			"y":	646,
			"type":	"spikes"
		}, {
			"x":	4752,
			"y":	646,
			"type":	"spikes"
		}, {
			"x":	5040,
			"y":	598,
			"type":	"spikes"
		}, {
			"x":	4992,
			"y":	646,
			"type":	"spikes"
		}, {
			"x":	4944,
			"y":	646,
			"type":	"spikes"
		}, {
			"x":	4896,
			"y":	646,
			"type":	"spikes"
		}, {
			"x":	4848,
			"y":	646,
			"type":	"spikes"
		}, {
			"x":	3840,
			"y":	646,
			"type":	"spikes"
		}, {
			"x":	3792,
			"y":	646,
			"type":	"spikes"
		}, {
			"x":	3744,
			"y":	646,
			"type":	"spikes"
		}, {
			"x":	3696,
			"y":	646,
			"type":	"spikes"
		}, {
			"x":	3648,
			"y":	646,
			"type":	"spikes"
		}, {
			"x":	3600,
			"y":	646,
			"type":	"spikes"
		}, {
			"x":	3408,
			"y":	502,
			"type":	"spikes"
		}, {
			"x":	3552,
			"y":	310,
			"type":	"spikes"
		}, {
			"x":	2880,
			"y":	358,
			"type":	"spikes"
		}, {
			"x":	2928,
			"y":	358,
			"type":	"spikes"
		}, {
			"x":	2976,
			"y":	358,
			"type":	"spikes"
		}, {
			"x":	3024,
			"y":	550,
			"type":	"spikes"
		}, {
			"x":	2824,
			"y":	550,
			"type":	"spikes"
		}, {
			"x":	2840,
			"y":	118,
			"type":	"spikes"
		}, {
			"x":	2800,
			"y":	88,
			"type":	"coin"
		}, {
			"x":	4528,
			"y":	384,
			"type":	"door",
			"open":	0
		}, {
			"x":	2792,
			"y":	472,
			"type":	"coin"
		}, {
			"x":	2896,
			"y":	472,
			"type":	"coin"
		}, {
			"x":	2928,
			"y":	472,
			"type":	"coin"
		}, {
			"x":	2960,
			"y":	472,
			"type":	"coin"
		}, {
			"x":	2992,
			"y":	472,
			"type":	"coin"
		}, {
			"x":	2792,
			"y":	280,
			"type":	"coin"
		}, {
			"x":	2824,
			"y":	280,
			"type":	"coin"
		}, {
			"x":	2856,
			"y":	280,
			"type":	"coin"
		}, {
			"x":	3608,
			"y":	288,
			"type":	"coin"
		}, {
			"x":	3608,
			"y":	256,
			"type":	"coin"
		}, {
			"x":	3608,
			"y":	224,
			"type":	"coin"
		}, {
			"x":	5128,
			"y":	496,
			"type":	"toilet",
			"facing":	"left"
		}, {
			"x":	3368,
			"y":	416,
			"type":	"key"
		}, {
			"x":	5104,
			"y":	208,
			"type":	"player",
			"facing":	"left"
		}],
	"tips":	[],
	"map":	"0 0 0 0 0 0 0 0 0 0 0 0 0 0 0 0 0 0 0 0 0 0 0 0 0 0 0 0 0 0 0 0 0 0 0 0 0 0 0 0 0 0 0 0 0 0 0 0 0 0 0 0 0 0 0 0 0 1 0 0 0 0 0 0 1 1 1 1 1 1 1 1 1 1 1 1 1 0 0 0 0 0 0 0 0 0 0 0 0 0 0 0 0 0 0 0 0 1 1 1 1 1 1 1 1 1 1 1 0 0 0 0 0 0 0 0 0 0 0 0 0 0 0 0 0 0 0 0 0 0 0 0 0 0 0 0 0 0 0 0 0 0 0 0 0 0 0 0 0 0 0 0 0 0 0 0 0 0 0 0 0 0 0 0 0 1 0 0 0 0 0 0 0 0 0 0 0 0 0 0 0 0 0 0 0 0 0 0 0 0 0 0 0 0 0 0 0 0 0 0 0 0 0 0 0 0 0 1 1 1 1 1 1 1 1 1 0 0 0 0 0 0 0 0 0 0 0 0 0 0 0 0 0 0 0 0 0 0 0 0 0 0 0 0 0 0 0 0 0 0 0 0 0 0 0 0 0 0 0 0 0 0 0 0 0 0 0 0 0 0 0 0 0 1 0 0 0 0 0 0 0 0 0 0 0 0 0 0 0 0 0 0 0 0 0 0 0 0 0 0 0 0 0 0 0 0 0 0 0 0 0 0 0 0 0 0 1 1 1 1 1 1 1 1 0 0 0 0 0 0 0 0 0 0 0 0 0 0 0 0 0 0 0 0 0 0 0 0 0 0 0 0 0 0 0 0 0 0 0 0 0 0 0 0 0 0 0 0 0 0 0 0 0 0 0 0 0 0 0 0 0 1 1 1 1 0 0 1 1 1 1 1 1 1 1 1 1 1 1 1 1 0 0 0 1 0 0 0 1 0 0 1 0 0 1 0 0 1 0 0 0 0 0 0 0 0 1 1 1 1 1 1 0 0 0 0 0 0 0 0 0 0 0 0 0 0 0 0 0 0 0 0 0 0 0 0 0 0 0 0 0 0 0 0 0 0 0 0 0 0 0 0 0 0 0 0 0 0 0 0 0 0 0 0 0 0 0 0 0 1 0 0 0 0 0 0 0 0 0 0 0 0 0 0 0 0 0 0 1 1 0 0 0 0 0 0 0 0 0 0 0 0 0 0 0 0 0 0 1 0 0 0 0 0 0 0 0 0 0 1 0 0 0 0 0 0 0 0 0 0 0 0 0 0 0 0 0 0 0 0 0 0 0 0 0 0 0 0 0 0 0 0 0 0 0 0 0 0 0 0 0 0 0 0 0 0 0 0 0 0 0 0 0 0 0 0 0 1 0 0 0 0 0 0 0 0 0 0 0 0 0 0 0 0 0 0 1 1 1 1 1 1 1 1 1 1 1 1 1 1 1 1 1 1 1 1 1 1 1 1 1 1 1 1 1 1 1 1 0 0 0 0 0 0 0 0 0 0 0 0 0 0 0 0 0 0 0 0 0 0 0 0 0 0 0 0 0 0 0 0 0 0 0 0 0 0 0 0 0 0 0 0 0 0 0 0 0 0 0 0 0 0 0 0 0 1 0 0 0 0 0 0 0 0 0 0 0 0 0 0 0 0 0 0 1 1 0 0 0 0 0 0 0 0 0 0 0 0 0 0 0 0 1 0 0 0 0 0 0 0 0 0 0 1 1 1 0 0 0 0 0 0 0 0 0 0 0 0 0 0 0 0 0 0 0 0 0 0 0 0 0 0 0 0 0 0 0 0 0 0 0 0 0 0 0 0 0 0 0 0 0 0 0 0 0 0 0 0 0 0 0 0 0 1 1 1 0 0 0 1 1 1 1 0 0 1 1 1 1 1 1 1 1 0 0 0 0 0 0 0 0 0 0 0 0 0 0 0 0 0 1 0 0 0 0 0 0 0 0 0 0 0 1 1 0 0 0 0 0 0 0 0 0 0 0 0 0 0 0 0 0 0 0 0 0 0 0 0 0 0 0 0 0 0 0 0 0 0 0 0 0 0 0 0 0 0 0 0 0 0 0 0 0 0 0 0 0 0 0 0 0 1 0 0 1 1 1 0 0 0 1 0 0 1 0 0 0 0 0 0 0 0 0 0 0 0 0 0 0 0 0 0 0 0 0 0 0 0 0 0 0 0 0 0 0 0 0 0 0 0 0 0 0 0 0 0 0 0 0 0 0 0 0 0 0 0 0 0 0 0 0 0 0 0 0 0 0 0 0 0 0 0 0 0 0 0 0 0 0 0 0 0 0 0 0 0 0 0 0 0 0 0 0 0 0 0 0 0 0 1 0 0 0 0 0 0 0 0 1 0 0 1 0 0 0 0 0 0 0 0 0 0 0 0 0 0 0 0 0 0 0 0 0 0 0 0 0 0 0 0 0 0 0 0 0 0 0 0 0 0 0 0 0 0 0 0 0 0 0 0 0 0 0 0 0 0 0 0 0 0 0 0 0 0 0 0 0 0 0 0 0 0 0 0 0 0 0 0 0 0 0 0 0 0 0 0 0 0 0 0 0 0 0 0 0 0 0 1 0 0 0 0 0 0 0 0 1 0 0 1 1 0 0 0 0 1 1 0 0 1 1 1 1 1 0 0 0 1 1 1 1 1 0 0 1 0 0 0 1 1 1 1 1 0 0 0 0 0 0 0 0 0 0 0 0 0 0 0 0 0 0 0 0 0 0 0 0 0 0 0 0 0 0 0 0 0 0 0 0 0 0 0 0 0 0 0 0 0 0 0 0 0 0 0 0 0 0 0 0 0 0 0 0 0 0 1 0 0 0 0 0 0 0 0 0 0 0 0 0 1 1 0 0 0 0 0 0 0 0 1 0 0 0 0 0 0 0 1 0 0 0 0 1 0 0 0 0 0 1 0 0 0 0 0 1 1 0 0 0 0 0 0 0 0 0 0 0 0 0 0 0 0 0 0 0 0 0 0 0 0 0 0 0 0 0 0 0 0 0 0 0 0 0 0 0 0 0 0 0 0 0 0 0 0 0 0 0 0 0 0 0 0 0 1 1 1 1 1 1 1 1 0 0 0 0 0 0 0 0 0 1 0 0 0 0 0 0 1 0 0 0 0 0 0 0 1 0 0 0 0 1 0 0 0 0 0 1 0 0 0 0 0 1 1 0 0 0 0 0 0 0 0 0 0 0 0 0 0 0 0 0 0 0 0 0 0 0 0 0 0 0 0 0 0 0 0 0 0 0 0 0 0 0 0 0 0 0 0 0 0 0 0 0 0 0 0 0 0 0 0 0 1 1 1 1 1 1 1 1 1 0 0 0 0 0 0 0 0 1 0 0 0 0 0 0 1 0 0 0 0 0 0 0 1 0 0 0 0 1 0 0 0 0 0 1 0 0 0 0 1 1 1 0 0 0 0 0 0 0 0 0 0 0 0 0 0 0 0 0 0 0 0 0 0 0 0 0 0 0 0 0 0 0 0 0 0 0 0 0 0 0 0 0 0 0 0 0 0 0 0 0 0 0 0 0 0 0 0 0 1 1 1 1 1 1 1 1 1 1 1 1 1 1 1 1 1 1 1 1 1 1 1 1 1 1 1 1 1 1 1 1 1 1 1 1 1 1 1 1 1 1 1 1 1 1 1 1 1 1 1 "
}
