{
	"cloneLimit":	0,
	"timeLimit":	25,
	"entities":	[{
			"x":	1216,
			"y":	112,
			"type":	"player",
			"facing":	"left"
		}, {
			"x":	288,
			"y":	200,
			"type":	"spitter",
			"facing":	"right",
			"interval":	90,
			"enabled":	1
		}, {
			"x":	96,
			"y":	104,
			"type":	"spitter",
			"facing":	"right",
			"interval":	90,
			"enabled":	1
		}, {
			"x":	400,
			"y":	56,
			"type":	"spitter",
			"facing":	"left",
			"interval":	90,
			"enabled":	1
		}, {
			"x":	48,
			"y":	392,
			"type":	"spitter",
			"facing":	"right",
			"interval":	90,
			"enabled":	1
		}, {
			"x":	1168,
			"y":	344,
			"type":	"spitter",
			"facing":	"left",
			"interval":	90,
			"enabled":	1
		}, {
			"x":	720,
			"y":	488,
			"type":	"spitter",
			"facing":	"right",
			"interval":	90,
			"enabled":	1
		}, {
			"x":	688,
			"y":	528,
			"type":	"door",
			"open":	0
		}, {
			"x":	56,
			"y":	48,
			"type":	"key"
		}, {
			"x":	1208,
			"y":	592,
			"type":	"toilet",
			"facing":	"left"
		}, {
			"x":	56,
			"y":	256,
			"type":	"coin"
		}, {
			"x":	88,
			"y":	256,
			"type":	"coin"
		}, {
			"x":	120,
			"y":	256,
			"type":	"coin"
		}, {
			"x":	1216,
			"y":	248,
			"type":	"spitter",
			"facing":	"left",
			"interval": 90,
			"enabled":	1
		}, {
			"x":	64,
			"y":	592,
			"type":	"coin"
		}, {
			"x":	96,
			"y":	592,
			"type":	"coin"
		}, {
			"x":	128,
			"y":	592,
			"type":	"coin"
		}, {
			"x":	64,
			"y":	560,
			"type":	"coin"
		}, {
			"x":	96,
			"y":	560,
			"type":	"coin"
		}, {
			"x":	128,
			"y":	560,
			"type":	"coin"
		}, {
			"x":	128,
			"y":	528,
			"type":	"coin"
		}, {
			"x":	96,
			"y":	528,
			"type":	"coin"
		}, {
			"x":	64,
			"y":	528,
			"type":	"coin"
		}, {
			"x":	64,
			"y":	496,
			"type":	"coin"
		}, {
			"x":	96,
			"y":	496,
			"type":	"coin"
		}, {
			"x":	128,
			"y":	496,
			"type":	"coin"
		}, {
			"x":	400,
			"y":	592,
			"type":	"coin"
		}, {
			"x":	432,
			"y":	592,
			"type":	"coin"
		}, {
			"x":	464,
			"y":	592,
			"type":	"coin"
		}, {
			"x":	496,
			"y":	592,
			"type":	"coin"
		}, {
			"x":	528,
			"y":	592,
			"type":	"coin"
		}, {
			"x":	560,
			"y":	592,
			"type":	"coin"
		}, {
			"x":	592,
			"y":	592,
			"type":	"coin"
		}, {
			"x":	496,
			"y":	560,
			"type":	"coin"
		}, {
			"x":	528,
			"y":	560,
			"type":	"coin"
		}, {
			"x":	560,
			"y":	560,
			"type":	"coin"
		}, {
			"x":	592,
			"y":	560,
			"type":	"coin"
		}, {
			"x":	496,
			"y":	528,
			"type":	"coin"
		}, {
			"x":	528,
			"y":	528,
			"type":	"coin"
		}, {
			"x":	560,
			"y":	528,
			"type":	"coin"
		}, {
			"x":	592,
			"y":	528,
			"type":	"coin"
		}, {
			"x":	592,
			"y":	496,
			"type":	"coin"
		}, {
			"x":	560,
			"y":	496,
			"type":	"coin"
		}],
	"tips":	[],
	"map":	"1 1 1 1 1 1 1 1 1 1 1 1 1 1 1 1 1 1 1 1 1 1 1 1 1 1 1 0 0 0 0 0 0 0 0 0 0 0 0 0 0 0 0 0 0 0 0 0 0 0 0 0 0 0 0 0 0 0 0 0 0 0 0 0 0 0 0 0 0 0 0 0 0 0 0 0 0 0 0 0 0 0 0 0 0 0 0 0 0 0 0 0 0 0 0 0 0 0 0 0 0 0 0 0 0 0 0 0 1 0 0 0 0 0 0 0 0 1 1 0 0 0 1 1 0 1 0 0 1 1 1 1 0 0 1 0 0 0 0 0 0 0 0 0 0 0 0 0 0 0 0 0 0 0 0 0 0 0 0 0 0 0 0 0 0 0 0 0 0 0 0 0 0 0 0 0 0 0 0 0 0 0 0 0 0 0 0 0 0 0 0 0 0 0 0 0 0 0 0 0 0 0 0 0 0 0 0 0 0 0 0 0 0 0 0 0 1 1 0 0 0 0 0 0 0 0 1 1 0 0 0 0 0 1 1 0 0 0 1 1 0 0 1 0 0 0 0 0 0 0 0 0 0 0 0 0 0 0 0 0 0 0 0 0 0 0 0 0 0 0 0 0 0 0 0 0 0 0 0 0 0 0 0 0 0 0 0 0 0 0 0 0 0 0 0 0 0 0 0 0 0 0 0 0 0 0 0 0 0 0 0 0 0 0 0 0 0 0 0 0 0 0 0 0 1 1 1 1 0 0 0 0 0 0 0 0 0 0 0 0 0 0 1 0 0 0 1 0 0 1 1 0 0 0 0 0 0 0 0 0 0 0 0 0 0 0 0 0 0 0 0 0 0 0 0 0 0 0 0 0 0 0 0 0 0 0 0 0 0 0 0 0 0 0 0 0 0 0 0 0 0 0 0 0 0 0 0 0 0 0 0 0 0 0 0 0 0 0 0 0 0 0 0 0 0 0 0 0 0 0 0 0 1 0 0 0 0 1 0 0 0 0 0 0 0 0 0 0 0 0 0 0 0 0 0 0 0 0 1 0 0 0 0 0 0 0 0 0 0 0 0 0 0 0 0 0 0 0 0 0 0 0 0 0 0 0 0 0 0 0 0 0 0 0 0 0 0 0 0 0 0 0 0 0 0 0 0 0 0 0 0 0 0 0 0 0 0 0 0 0 0 0 0 0 0 0 0 0 0 0 0 0 0 0 0 0 0 0 0 0 1 0 0 0 0 0 0 0 0 0 0 0 0 0 0 0 0 0 0 0 0 0 0 0 0 0 1 0 0 0 0 0 0 0 0 0 0 0 0 0 0 0 0 0 0 0 0 0 0 0 0 0 0 0 0 0 0 0 0 0 0 0 0 0 0 0 0 0 0 0 0 0 0 0 0 0 0 0 0 0 0 0 0 0 0 0 0 0 0 0 0 0 0 0 0 0 0 0 0 0 0 0 0 0 0 0 0 0 1 1 1 0 1 1 1 1 1 1 1 1 1 1 1 1 1 1 1 1 1 1 1 1 1 1 1 0 0 0 0 0 0 0 0 0 0 0 0 0 0 0 0 0 0 0 0 0 0 0 0 0 0 0 0 0 0 0 0 0 0 0 0 0 0 0 0 0 0 0 0 0 0 0 0 0 0 0 0 0 0 0 0 0 0 0 0 0 0 0 0 0 0 0 0 0 0 0 0 0 0 0 0 0 0 0 0 0 1 0 0 0 0 0 0 0 0 0 0 0 0 0 0 0 0 0 0 0 0 0 0 0 0 1 1 0 0 0 0 0 0 0 0 0 0 0 0 0 0 0 0 0 0 0 0 0 0 0 0 0 0 0 0 0 0 0 0 0 0 0 0 0 0 0 0 0 0 0 0 0 0 0 0 0 0 0 0 0 0 0 0 0 0 0 0 0 0 0 0 0 0 0 0 0 0 0 0 0 0 0 0 0 0 0 0 0 1 0 0 0 0 0 0 0 0 0 0 0 0 0 0 0 0 0 0 0 0 0 0 0 0 1 1 0 0 0 0 0 0 0 0 0 0 0 0 0 0 0 0 0 0 0 0 0 0 0 0 0 0 0 0 0 0 0 0 0 0 0 0 0 0 0 0 0 0 0 0 0 0 0 0 0 0 0 0 0 0 0 0 0 0 0 0 0 0 0 0 0 0 0 0 0 0 0 0 0 0 0 0 0 0 0 0 0 1 1 1 1 1 1 1 0 0 0 1 1 1 1 1 1 1 1 1 1 1 1 0 1 1 1 1 0 0 0 0 0 0 0 0 0 0 0 0 0 0 0 0 0 0 0 0 0 0 0 0 0 0 0 0 0 0 0 0 0 0 0 0 0 0 0 0 0 0 0 0 0 0 0 0 0 0 0 0 0 0 0 0 0 0 0 0 0 0 0 0 0 0 0 0 0 0 0 0 0 0 0 0 0 0 0 0 0 1 0 0 0 0 0 0 0 0 1 1 0 0 0 1 0 0 0 0 0 0 0 0 0 0 1 1 0 0 0 0 0 0 0 0 0 0 0 0 0 0 0 0 0 0 0 0 0 0 0 0 0 0 0 0 0 0 0 0 0 0 0 0 0 0 0 0 0 0 0 0 0 0 0 0 0 0 0 0 0 0 0 0 0 0 0 0 0 0 0 0 0 0 0 0 0 0 0 0 0 0 0 0 0 0 0 0 0 1 0 0 0 0 0 0 1 1 1 0 0 0 0 0 0 0 0 0 0 0 0 1 0 0 1 1 0 0 0 0 0 0 0 0 0 0 0 0 0 0 0 0 0 0 0 0 0 0 0 0 0 0 0 0 0 0 0 0 0 0 0 0 0 0 0 0 0 0 0 0 0 0 0 0 0 0 0 0 0 0 0 0 0 0 0 0 0 0 0 0 0 0 0 0 0 0 0 0 0 0 0 0 0 0 0 0 0 1 0 0 0 1 1 1 1 0 0 0 0 0 0 0 0 0 0 0 0 1 1 1 1 0 0 1 0 0 0 0 0 0 0 0 0 0 0 0 0 0 0 0 0 0 0 0 0 0 0 0 0 0 0 0 0 0 0 0 0 0 0 0 0 0 0 0 0 0 0 0 0 0 0 0 0 0 0 0 0 0 0 0 0 0 0 0 0 0 0 0 0 0 0 0 0 0 0 0 0 0 0 0 0 0 0 0 0 1 1 1 1 1 1 1 1 1 1 1 1 1 1 1 1 1 1 1 1 1 1 1 1 1 1 1 0 0 0 0 0 0 0 0 0 0 0 0 0 0 0 0 0 0 0 0 0 0 0 0 0 0 0 0 0 0 0 0 0 0 0 0 0 0 0 0 0 0 0 0 0 0 0 0 0 0 0 0 0 0 0 0 0 0 0 0 0 0 0 0 0 0 0 0 0 0 0 0 0 0 0 0 0 0 0 0 0 1 1 1 1 1 1 1 1 1 1 1 1 1 1 1 1 1 1 1 1 1 1 1 1 1 1 1 0 0 0 0 0 0 0 0 0 0 0 0 0 0 0 0 0 0 0 0 0 0 0 0 0 0 0 0 0 0 0 0 0 0 0 0 0 0 0 0 0 0 0 0 0 0 0 0 0 0 0 0 0 0 0 0 0 0 0 0 0 0 0 0 0 0 0 0 0 0 0 0 0 0 0 0 0 0 0 0 0 "
}
