{
	"cloneLimit":	1,
	"timeLimit":	45,
	"entities":	[{
			"x":	2224,
			"y":	160,
			"type":	"player",
			"facing":	"left"
		}, {
			"x":	240,
			"y":	152,
			"type":	"spitter",
			"facing":	"right",
			"interval":	60,
			"enabled":	1
		}, {
			"x":	48,
			"y":	392,
			"type":	"spitter",
			"facing":	"right",
			"interval":	60,
			"enabled":	1
		}, {
			"x":	48,
			"y":	646,
			"type":	"spikes"
		}, {
			"x":	96,
			"y":	646,
			"type":	"spikes"
		}, {
			"x":	144,
			"y":	646,
			"type":	"spikes"
		}, {
			"x":	192,
			"y":	646,
			"type":	"spikes"
		}, {
			"x":	240,
			"y":	646,
			"type":	"spikes"
		}, {
			"x":	288,
			"y":	646,
			"type":	"spikes"
		}, {
			"x":	288,
			"y":	646,
			"type":	"spikes"
		}, {
			"x":	384,
			"y":	646,
			"type":	"spikes"
		}, {
			"x":	432,
			"y":	646,
			"type":	"spikes"
		}, {
			"x":	480,
			"y":	646,
			"type":	"spikes"
		}, {
			"x":	528,
			"y":	646,
			"type":	"spikes"
		}, {
			"x":	576,
			"y":	646,
			"type":	"spikes"
		}, {
			"x":	672,
			"y":	646,
			"type":	"spikes"
		}, {
			"x":	720,
			"y":	646,
			"type":	"spikes"
		}, {
			"x":	768,
			"y":	646,
			"type":	"spikes"
		}, {
			"x":	816,
			"y":	646,
			"type":	"spikes"
		}, {
			"x":	864,
			"y":	646,
			"type":	"spikes"
		}, {
			"x":	960,
			"y":	646,
			"type":	"spikes"
		}, {
			"x":	1008,
			"y":	646,
			"type":	"spikes"
		}, {
			"x":	1056,
			"y":	646,
			"type":	"spikes"
		}, {
			"x":	1104,
			"y":	646,
			"type":	"spikes"
		}, {
			"x":	1152,
			"y":	646,
			"type":	"spikes"
		}, {
			"x":	1248,
			"y":	646,
			"type":	"spikes"
		}, {
			"x":	1296,
			"y":	646,
			"type":	"spikes"
		}, {
			"x":	1344,
			"y":	646,
			"type":	"spikes"
		}, {
			"x":	1392,
			"y":	646,
			"type":	"spikes"
		}, {
			"x":	1440,
			"y":	646,
			"type":	"spikes"
		}, {
			"x":	1536,
			"y":	646,
			"type":	"spikes"
		}, {
			"x":	1584,
			"y":	646,
			"type":	"spikes"
		}, {
			"x":	1632,
			"y":	646,
			"type":	"spikes"
		}, {
			"x":	1680,
			"y":	646,
			"type":	"spikes"
		}, {
			"x":	1728,
			"y":	646,
			"type":	"spikes"
		}, {
			"x":	1824,
			"y":	646,
			"type":	"spikes"
		}, {
			"x":	1872,
			"y":	646,
			"type":	"spikes"
		}, {
			"x":	1920,
			"y":	646,
			"type":	"spikes"
		}, {
			"x":	1968,
			"y":	646,
			"type":	"spikes"
		}, {
			"x":	2016,
			"y":	646,
			"type":	"spikes"
		}, {
			"x":	56,
			"y":	160,
			"type":	"toilet",
			"facing":	"right"
		}, {
			"x":	584,
			"y":	392,
			"type":	"coin"
		}, {
			"x":	616,
			"y":	392,
			"type":	"coin"
		}, {
			"x":	648,
			"y":	392,
			"type":	"coin"
		}, {
			"x":	680,
			"y":	392,
			"type":	"coin"
		}, {
			"x":	296,
			"y":	392,
			"type":	"coin"
		}, {
			"x":	328,
			"y":	392,
			"type":	"coin"
		}, {
			"x":	360,
			"y":	392,
			"type":	"coin"
		}, {
			"x":	392,
			"y":	392,
			"type":	"coin"
		}, {
			"x":	872,
			"y":	392,
			"type":	"coin"
		}, {
			"x":	904,
			"y":	392,
			"type":	"coin"
		}, {
			"x":	936,
			"y":	392,
			"type":	"coin"
		}, {
			"x":	968,
			"y":	392,
			"type":	"coin"
		}, {
			"x":	1160,
			"y":	392,
			"type":	"coin"
		}, {
			"x":	1192,
			"y":	392,
			"type":	"coin"
		}, {
			"x":	1224,
			"y":	392,
			"type":	"coin"
		}, {
			"x":	1256,
			"y":	392,
			"type":	"coin"
		}, {
			"x":	1208,
			"y":	352,
			"type":	"coin"
		}, {
			"x":	888,
			"y":	352,
			"type":	"coin"
		}, {
			"x":	664,
			"y":	352,
			"type":	"coin"
		}, {
			"x":	600,
			"y":	352,
			"type":	"coin"
		}, {
			"x":	344,
			"y":	344,
			"type":	"coin"
		}, {
			"x":	344,
			"y":	312,
			"type":	"coin"
		}, {
			"x":	1448,
			"y":	392,
			"type":	"coin"
		}, {
			"x":	1480,
			"y":	392,
			"type":	"coin"
		}, {
			"x":	1512,
			"y":	392,
			"type":	"coin"
		}, {
			"x":	1512,
			"y":	360,
			"type":	"coin"
		}, {
			"x":	1544,
			"y":	392,
			"type":	"coin"
		}, {
			"x":	1840,
			"y":	392,
			"type":	"coin"
		}, {
			"x":	1808,
			"y":	392,
			"type":	"coin"
		}, {
			"x":	1776,
			"y":	392,
			"type":	"coin"
		}, {
			"x":	1744,
			"y":	392,
			"type":	"coin"
		}, {
			"x":	1760,
			"y":	360,
			"type":	"coin"
		}, {
			"x":	1856,
			"y":	88,
			"type":	"coin"
		}, {
			"x":	1424,
			"y":	88,
			"type":	"coin"
		}, {
			"x":	944,
			"y":	88,
			"type":	"coin"
		}, {
			"x":	608,
			"y":	88,
			"type":	"coin"
		}, {
			"x":	312,
			"y":	88,
			"type":	"coin"
		}, {
			"x":	56,
			"y":	280,
			"type":	"item",
			"textureFilename" : "gfx/entities/item04.png"
		}],
	"tips":	[],
	"map":	"1 1 1 1 1 1 1 1 1 1 1 1 1 1 1 1 1 1 1 1 1 1 1 1 1 1 1 1 1 1 1 1 1 1 1 1 1 1 1 1 1 1 1 1 1 1 1 1 0 0 0 0 0 0 0 0 0 0 0 0 0 0 0 0 0 0 0 0 0 0 0 0 0 0 0 0 0 0 0 0 0 0 0 0 0 0 0 0 0 0 0 0 0 0 0 0 0 0 0 0 0 0 0 0 0 0 0 0 1 0 0 0 0 0 0 0 0 0 0 0 0 0 0 0 0 0 0 0 0 0 0 0 0 0 0 0 0 0 0 0 0 0 0 0 0 0 0 0 0 0 0 0 0 0 0 1 0 0 0 0 0 0 0 0 0 0 0 0 0 0 0 0 0 0 0 0 0 0 0 0 0 0 0 0 0 0 0 0 0 0 0 0 0 0 0 0 0 0 0 0 0 0 0 0 0 0 0 0 0 0 0 0 0 0 0 0 1 0 0 0 0 0 0 0 0 0 0 0 0 0 0 0 0 0 0 0 0 0 0 0 0 0 0 0 0 0 0 0 0 0 0 0 0 0 0 0 0 0 0 0 0 0 0 1 0 0 0 0 0 0 0 0 0 0 0 0 0 0 0 0 0 0 0 0 0 0 0 0 0 0 0 0 0 0 0 0 0 0 0 0 0 0 0 0 0 0 0 0 0 0 0 0 0 0 0 0 0 0 0 0 0 0 0 0 1 0 0 0 1 0 0 0 0 0 0 0 0 0 0 0 0 0 0 0 0 0 0 0 0 0 0 0 0 0 0 0 0 0 0 0 0 0 0 0 0 0 0 0 0 0 0 1 0 0 0 0 0 0 0 0 0 0 0 0 0 0 0 0 0 0 0 0 0 0 0 0 0 0 0 0 0 0 0 0 0 0 0 0 0 0 0 0 0 0 0 0 0 0 0 0 0 0 0 0 0 0 0 0 0 0 0 0 1 1 1 1 1 1 1 1 1 1 1 1 1 1 1 1 1 1 1 1 1 1 1 1 1 1 1 1 1 1 1 1 1 1 1 1 1 1 1 1 1 1 1 0 1 1 1 1 0 0 0 0 0 0 0 0 0 0 0 0 0 0 0 0 0 0 0 0 0 0 0 0 0 0 0 0 0 0 0 0 0 0 0 0 0 0 0 0 0 0 0 0 0 0 0 0 0 0 0 0 0 0 0 0 0 0 0 0 1 0 0 0 0 0 0 0 0 0 0 0 0 0 0 0 0 0 0 0 0 0 0 0 0 0 0 0 0 0 0 0 0 0 0 0 0 0 0 0 0 0 0 0 0 0 0 1 0 0 0 0 0 0 0 0 0 0 0 0 0 0 0 0 0 0 0 0 0 0 0 0 0 0 0 0 0 0 0 0 0 0 0 0 0 0 0 0 0 0 0 0 0 0 0 0 0 0 0 0 0 0 0 0 0 0 0 0 1 0 0 0 0 0 0 0 0 0 0 0 0 0 0 0 0 0 0 0 0 0 0 0 0 0 0 0 0 0 0 0 0 0 0 0 0 0 0 0 0 0 0 0 0 0 0 1 0 0 0 0 0 0 0 0 0 0 0 0 0 0 0 0 0 0 0 0 0 0 0 0 0 0 0 0 0 0 0 0 0 0 0 0 0 0 0 0 0 0 0 0 0 0 0 0 0 0 0 0 0 0 0 0 0 0 0 0 1 1 0 0 0 0 0 0 0 0 0 0 0 0 0 0 0 0 0 0 0 0 0 0 0 0 0 0 0 0 0 0 0 0 0 0 0 0 0 0 0 0 0 0 0 0 0 1 0 0 0 0 0 0 0 0 0 0 0 0 0 0 0 0 0 0 0 0 0 0 0 0 0 0 0 0 0 0 0 0 0 0 0 0 0 0 0 0 0 0 0 0 0 0 0 0 0 0 0 0 0 0 0 0 0 0 0 0 1 0 0 0 0 0 0 0 0 0 0 0 0 0 0 0 0 0 0 0 0 0 0 0 0 0 0 0 0 0 0 0 0 0 0 0 0 0 0 0 0 0 0 0 0 0 0 1 0 0 0 0 0 0 0 0 0 0 0 0 0 0 0 0 0 0 0 0 0 0 0 0 0 0 0 0 0 0 0 0 0 0 0 0 0 0 0 0 0 0 0 0 0 0 0 0 0 0 0 0 0 0 0 0 0 0 0 0 1 1 1 0 0 0 1 1 1 0 0 0 1 1 1 0 0 0 1 1 1 0 0 0 1 1 1 0 0 0 1 1 1 0 0 0 1 1 1 0 0 0 1 1 1 1 1 1 0 0 0 0 0 0 0 0 0 0 0 0 0 0 0 0 0 0 0 0 0 0 0 0 0 0 0 0 0 0 0 0 0 0 0 0 0 0 0 0 0 0 0 0 0 0 0 0 0 0 0 0 0 0 0 0 0 0 0 0 1 0 0 0 0 0 0 1 0 0 0 0 0 1 0 0 0 0 0 1 0 0 0 0 0 1 0 0 0 0 0 1 0 0 0 0 0 1 0 0 0 0 0 1 1 1 1 1 0 0 0 0 0 0 0 0 0 0 0 0 0 0 0 0 0 0 0 0 0 0 0 0 0 0 0 0 0 0 0 0 0 0 0 0 0 0 0 0 0 0 0 0 0 0 0 0 0 0 0 0 0 0 0 0 0 0 0 0 1 0 0 0 0 0 0 1 0 0 0 0 0 1 0 0 0 0 0 1 0 0 0 0 0 1 0 0 0 0 0 1 0 0 0 0 0 1 0 0 0 0 0 1 1 1 1 1 0 0 0 0 0 0 0 0 0 0 0 0 0 0 0 0 0 0 0 0 0 0 0 0 0 0 0 0 0 0 0 0 0 0 0 0 0 0 0 0 0 0 0 0 0 0 0 0 0 0 0 0 0 0 0 0 0 0 0 0 1 0 0 0 0 0 0 1 0 0 0 0 0 1 0 0 0 0 0 1 0 0 0 0 0 1 0 0 0 0 0 1 0 0 0 0 0 1 0 0 0 0 0 1 1 1 1 1 0 0 0 0 0 0 0 0 0 0 0 0 0 0 0 0 0 0 0 0 0 0 0 0 0 0 0 0 0 0 0 0 0 0 0 0 0 0 0 0 0 0 0 0 0 0 0 0 0 0 0 0 0 0 0 0 0 0 0 0 1 0 0 0 0 0 0 1 0 0 0 0 0 1 0 0 0 0 0 1 0 0 0 0 0 1 0 0 0 0 0 1 0 0 0 0 0 1 0 0 0 0 0 1 1 1 1 1 0 0 0 0 0 0 0 0 0 0 0 0 0 0 0 0 0 0 0 0 0 0 0 0 0 0 0 0 0 0 0 0 0 0 0 0 0 0 0 0 0 0 0 0 0 0 0 0 0 0 0 0 0 0 0 0 0 0 0 0 1 1 1 1 1 1 1 1 1 1 1 1 1 1 1 1 1 1 1 1 1 1 1 1 1 1 1 1 1 1 1 1 1 1 1 1 1 1 1 1 1 1 1 1 1 1 1 1 0 0 0 0 0 0 0 0 0 0 0 0 0 0 0 0 0 0 0 0 0 0 0 0 0 0 0 0 0 0 0 0 0 0 0 0 0 0 0 0 0 0 0 0 0 0 0 0 0 0 0 0 0 0 0 0 0 0 0 0 "
}
