{
	"cloneLimit":	0,
	"timeLimit":	60,
	"entities":	[{
			"x":	4368,
			"y":	640,
			"type":	"player",
			"facing":	"right"
		}, {
			"x":	3904,
			"y":	576,
			"name":	"exitDoor",
			"type":	"door",
			"open":	0
		}, {
			"x":	4336,
			"y":	112,
			"type":	"toilet",
			"facing":	"right"
		}, {
			"x":	3536,
			"y":	80,
			"type":	"key"
		}, {
			"x":	3536,
			"y":	376,
			"type":	"trafficLight",
			"targetName":	"exitDoor",
			"on":	0
		}, {
			"x":	4480,
			"y":	192,
			"type":	"door",
			"open":	0
		}, {
			"x":	3984,
			"y":	694,
			"type":	"spikes"
		}, {
			"x":	4032,
			"y":	694,
			"type":	"spikes"
		}, {
			"x":	4080,
			"y":	694,
			"type":	"spikes"
		}, {
			"x":	3984,
			"y":	48,
			"type":	"roofSpikes"
		}, {
			"x":	4032,
			"y":	48,
			"type":	"roofSpikes"
		}, {
			"x":	4080,
			"y":	48,
			"type":	"roofSpikes"
		}, {
			"x":	4128,
			"y":	48,
			"type":	"roofSpikes"
		}, {
			"x":	4176,
			"y":	48,
			"type":	"roofSpikes"
		}, {
			"x":	4224,
			"y":	48,
			"type":	"roofSpikes"
		}, {
			"x":	4848,
			"y":	336,
			"type":	"roofSpikes"
		}, {
			"x":	4800,
			"y":	336,
			"type":	"roofSpikes"
		}, {
			"x":	4752,
			"y":	336,
			"type":	"roofSpikes"
		}, {
			"x":	4704,
			"y":	336,
			"type":	"roofSpikes"
		}, {
			"x":	3696,
			"y":	48,
			"type":	"roofSpikes"
		}, {
			"x":	3648,
			"y":	48,
			"type":	"roofSpikes"
		}, {
			"x":	3600,
			"y":	48,
			"type":	"roofSpikes"
		}, {
			"x":	4688,
			"y":	632,
			"type":	"platform",
			"sx":	4688,
			"sy":	632,
			"ex":	4688,
			"ey":	376,
			"pause":	60,
			"speed":	2,
			"enabled" : 1
		}, {
			"x":	4656,
			"y":	336,
			"type":	"roofSpikes"
		}, {
			"x":	4832,
			"y":	496,
			"type":	"platform",
			"sx":	4832,
			"sy":	496,
			"ex":	4832,
			"ey":	384,
			"pause":	60,
			"speed":	2,
			"enabled" : 1
		}, {
			"x":	4008,
			"y":	656,
			"type":	"platform",
			"sx":	4008,
			"sy":	656,
			"ex":	4008,
			"ey":	96,
			"pause":	60,
			"speed":	2,
			"enabled" : 1
		}, {
			"x":	3624,
			"y":	432,
			"type":	"platform",
			"sx":	3624,
			"sy":	432,
			"ex":	3624,
			"ey":	96,
			"pause":	60,
			"speed":	2,
			"enabled" : 1
		}, {
			"x":	3904,
			"y":	56,
			"type":	"coin"
		}, {
			"x":	3872,
			"y":	56,
			"type":	"coin"
		}, {
			"x":	3840,
			"y":	56,
			"type":	"coin"
		}, {
			"x":	3904,
			"y":	88,
			"type":	"coin"
		}, {
			"x":	3872,
			"y":	88,
			"type":	"coin"
		}, {
			"x":	3840,
			"y":	88,
			"type":	"coin"
		}, {
			"x":	4136,
			"y":	104,
			"type":	"coin"
		}, {
			"x":	4136,
			"y":	136,
			"type":	"coin"
		}, {
			"x":	4136,
			"y":	168,
			"type":	"coin"
		}, {
			"x":	4136,
			"y":	200,
			"type":	"coin"
		}, {
			"x":	4136,
			"y":	232,
			"type":	"coin"
		}, {
			"x":	4136,
			"y":	264,
			"type":	"coin"
		}, {
			"x":	4136,
			"y":	296,
			"type":	"coin"
		}, {
			"x":	4136,
			"y":	328,
			"type":	"coin"
		}, {
			"x":	4136,
			"y":	360,
			"type":	"coin"
		}, {
			"x":	4136,
			"y":	392,
			"type":	"coin"
		}, {
			"x":	4616,
			"y":	376,
			"type":	"item",
			"textureFilename" : "gfx/entities/item09.png"
		}, {
			"x":	4512,
			"y":	96,
			"type":	"roofSpikes"
		}, {
			"x":	4560,
			"y":	96,
			"type":	"roofSpikes"
		}, {
			"x":	4608,
			"y":	96,
			"type":	"roofSpikes"
		}, {
			"x":	4656,
			"y":	96,
			"type":	"roofSpikes"
		}, {
			"x":	4704,
			"y":	96,
			"type":	"roofSpikes"
		}, {
			"x":	4752,
			"y":	96,
			"type":	"roofSpikes"
		}, {
			"x":	4800,
			"y":	96,
			"type":	"roofSpikes"
		}, {
			"x":	4848,
			"y":	96,
			"type":	"roofSpikes"
		}, {
			"x":	4896,
			"y":	96,
			"type":	"roofSpikes"
		}, {
			"x":	4944,
			"y":	96,
			"type":	"roofSpikes"
		}, {
			"x":	4992,
			"y":	96,
			"type":	"roofSpikes"
		}, {
			"x":	4416,
			"y":	48,
			"type":	"roofSpikes"
		}, {
			"x":	4320,
			"y":	48,
			"type":	"roofSpikes"
		}, {
			"x":	4416,
			"y":	248,
			"type":	"spitter",
			"facing":	"right",
			"interval":	60,
			"enabled":	0,
			"name" : "exitDoor"
		}],
	"tips":	[],
	"map":	"0 0 0 0 0 0 0 0 0 0 0 0 0 0 0 0 0 0 0 0 0 0 0 0 0 0 0 0 0 0 0 0 0 0 0 0 0 0 0 0 0 0 0 0 0 0 0 0 0 0 0 0 0 0 0 0 0 0 0 0 0 0 0 0 0 0 0 0 0 0 0 0 1 1 1 1 1 1 1 1 1 1 1 1 1 1 1 1 1 1 1 1 1 1 1 1 1 1 1 1 1 1 1 1 1 1 1 1 0 0 0 0 0 0 0 0 0 0 0 0 0 0 0 0 0 0 0 0 0 0 0 0 0 0 0 0 0 0 0 0 0 0 0 0 0 0 0 0 0 0 0 0 0 0 0 0 0 0 0 0 0 0 0 0 0 0 0 0 0 0 0 0 0 0 0 0 0 0 0 0 1 0 0 0 0 0 0 0 0 0 1 0 0 0 0 0 0 1 0 0 0 1 1 1 1 1 1 1 1 1 1 1 1 1 1 1 0 0 0 0 0 0 0 0 0 0 0 0 0 0 0 0 0 0 0 0 0 0 0 0 0 0 0 0 0 0 0 0 0 0 0 0 0 0 0 0 0 0 0 0 0 0 0 0 0 0 0 0 0 0 0 0 0 0 0 0 0 0 0 0 0 0 0 0 0 0 0 0 1 0 0 0 0 0 0 0 0 0 1 0 0 0 0 0 0 1 0 0 0 1 0 0 0 0 0 0 0 0 0 0 0 1 1 1 0 0 0 0 0 0 0 0 0 0 0 0 0 0 0 0 0 0 0 0 0 0 0 0 0 0 0 0 0 0 0 0 0 0 0 0 0 0 0 0 0 0 0 0 0 0 0 0 0 0 0 0 0 0 0 0 0 0 0 0 0 0 0 0 0 0 0 0 0 0 0 0 1 1 1 0 0 0 1 1 1 1 1 0 0 0 0 0 0 1 1 0 0 1 0 0 0 0 0 0 0 0 0 0 0 1 1 1 0 0 0 0 0 0 0 0 0 0 0 0 0 0 0 0 0 0 0 0 0 0 0 0 0 0 0 0 0 0 0 0 0 0 0 0 0 0 0 0 0 0 0 0 0 0 0 0 0 0 0 0 0 0 0 0 0 0 0 0 0 0 0 0 0 0 0 0 0 0 0 0 1 0 0 0 0 0 0 0 0 0 0 0 0 0 0 0 0 1 1 0 0 0 0 0 0 0 0 0 0 0 0 0 0 0 1 1 0 0 0 0 0 0 0 0 0 0 0 0 0 0 0 0 0 0 0 0 0 0 0 0 0 0 0 0 0 0 0 0 0 0 0 0 0 0 0 0 0 0 0 0 0 0 0 0 0 0 0 0 0 0 0 0 0 0 0 0 0 0 0 0 0 0 0 0 0 0 0 0 1 0 0 0 0 0 0 0 0 0 0 0 0 0 0 0 0 0 1 1 0 0 0 0 0 0 0 0 0 0 0 0 0 0 1 1 0 0 0 0 0 0 0 0 0 0 0 0 0 0 0 0 0 0 0 0 0 0 0 0 0 0 0 0 0 0 0 0 0 0 0 0 0 0 0 0 0 0 0 0 0 0 0 0 0 0 0 0 0 0 0 0 0 0 0 0 0 0 0 0 0 0 0 0 0 0 0 0 1 0 0 0 0 0 0 0 0 0 1 0 0 0 0 0 0 0 0 1 1 1 1 1 1 1 1 1 1 1 0 0 0 1 1 1 0 0 0 0 0 0 0 0 0 0 0 0 0 0 0 0 0 0 0 0 0 0 0 0 0 0 0 0 0 0 0 0 0 0 0 0 0 0 0 0 0 0 0 0 0 0 0 0 0 0 0 0 0 0 0 0 0 0 0 0 0 0 0 0 0 0 0 0 0 0 0 0 1 0 0 0 0 0 0 0 0 0 1 0 0 0 0 0 0 0 0 0 0 0 0 0 0 0 0 0 0 0 0 0 0 1 1 1 0 0 0 0 0 0 0 0 0 0 0 0 0 0 0 0 0 0 0 0 0 0 0 0 0 0 0 0 0 0 0 0 0 0 0 0 0 0 0 0 0 0 0 0 0 0 0 0 0 0 0 0 0 0 0 0 0 0 0 0 0 0 0 0 0 0 0 0 0 0 0 0 1 0 0 0 0 0 0 0 0 0 1 0 0 0 0 0 0 0 0 0 0 0 0 0 0 0 0 0 0 0 0 1 1 1 1 1 0 0 0 0 0 0 0 0 0 0 0 0 0 0 0 0 0 0 0 0 0 0 0 0 0 0 0 0 0 0 0 0 0 0 0 0 0 0 0 0 0 0 0 0 0 0 0 0 0 0 0 0 0 0 0 0 0 0 0 0 0 0 0 0 0 0 0 0 0 0 0 0 1 1 1 0 0 0 1 1 1 1 1 0 0 0 0 0 0 0 0 0 0 0 0 0 0 0 0 0 0 0 0 1 1 1 1 1 0 0 0 0 0 0 0 0 0 0 0 0 0 0 0 0 0 0 0 0 0 0 0 0 0 0 0 0 0 0 0 0 0 0 0 0 0 0 0 0 0 0 0 0 0 0 0 0 0 0 0 0 0 0 0 0 0 0 0 0 0 0 0 0 0 0 0 0 0 0 0 0 1 1 1 0 0 0 1 1 1 1 1 0 0 0 0 0 0 0 0 0 0 0 0 0 0 0 0 0 0 0 0 1 1 1 1 1 0 0 0 0 0 0 0 0 0 0 0 0 0 0 0 0 0 0 0 0 0 0 0 0 0 0 0 0 0 0 0 0 0 0 0 0 0 0 0 0 0 0 0 0 0 0 0 0 0 0 0 0 0 0 0 0 0 0 0 0 0 0 0 0 0 0 0 0 0 0 0 0 1 1 1 0 0 0 1 1 1 1 0 0 0 0 0 0 0 0 0 0 0 0 0 0 0 0 0 0 1 1 1 1 1 1 1 1 0 0 0 0 0 0 0 0 0 0 0 0 0 0 0 0 0 0 0 0 0 0 0 0 0 0 0 0 0 0 0 0 0 0 0 0 0 0 0 0 0 0 0 0 0 0 0 0 0 0 0 0 0 0 0 0 0 0 0 0 0 0 0 0 0 0 0 0 0 0 0 0 1 1 1 0 0 0 1 1 0 0 0 0 0 0 0 0 0 0 0 0 0 0 0 0 0 0 0 0 1 1 1 1 1 1 1 1 0 0 0 0 0 0 0 0 0 0 0 0 0 0 0 0 0 0 0 0 0 0 0 0 0 0 0 0 0 0 0 0 0 0 0 0 0 0 0 0 0 0 0 0 0 0 0 0 0 0 0 0 0 0 0 0 0 0 0 0 0 0 0 0 0 0 0 0 0 0 0 0 1 1 1 0 0 0 0 0 0 0 0 0 0 0 0 0 0 0 0 0 0 0 0 0 0 0 0 0 1 1 1 1 1 1 1 1 0 0 0 0 0 0 0 0 0 0 0 0 0 0 0 0 0 0 0 0 0 0 0 0 0 0 0 0 0 0 0 0 0 0 0 0 0 0 0 0 0 0 0 0 0 0 0 0 0 0 0 0 0 0 0 0 0 0 0 0 0 0 0 0 0 0 0 0 0 0 0 0 1 1 1 1 1 1 1 1 1 1 1 0 0 0 1 1 1 1 1 1 1 1 1 1 1 1 1 1 1 1 1 1 1 1 1 1 "
}
