{
	"cloneLimit":	1,
	"timeLimit":	30,
	"entities":	[{
			"x":	88,
			"y":	208,
			"type":	"player",
			"facing":	"right"
		}, {
			"x":	168,
			"y":	208,
			"type":	"platform",
			"sx":	168,
			"sy":	208,
			"ex":	1248,
			"ey":	208,
			"pause":	60,
			"speed":	2,
			"enabled" : 1
		}, {
			"x":	64,
			"y":	592,
			"type":	"platform",
			"sx":	64,
			"sy":	592,
			"ex":	1248,
			"ey":	592,
			"pause":	60,
			"speed":	2,
			"enabled" : 1
		}, {
			"x":	48,
			"y":	646,
			"type":	"spikes"
		}, {
			"x":	96,
			"y":	646,
			"type":	"spikes"
		}, {
			"x":	144,
			"y":	646,
			"type":	"spikes"
		}, {
			"x":	192,
			"y":	646,
			"type":	"spikes"
		}, {
			"x":	240,
			"y":	646,
			"type":	"spikes"
		}, {
			"x":	336,
			"y":	646,
			"type":	"spikes"
		}, {
			"x":	384,
			"y":	646,
			"type":	"spikes"
		}, {
			"x":	432,
			"y":	646,
			"type":	"spikes"
		}, {
			"x":	480,
			"y":	646,
			"type":	"spikes"
		}, {
			"x":	528,
			"y":	646,
			"type":	"spikes"
		}, {
			"x":	624,
			"y":	646,
			"type":	"spikes"
		}, {
			"x":	672,
			"y":	646,
			"type":	"spikes"
		}, {
			"x":	720,
			"y":	646,
			"type":	"spikes"
		}, {
			"x":	768,
			"y":	646,
			"type":	"spikes"
		}, {
			"x":	816,
			"y":	646,
			"type":	"spikes"
		}, {
			"x":	912,
			"y":	646,
			"type":	"spikes"
		}, {
			"x":	960,
			"y":	646,
			"type":	"spikes"
		}, {
			"x":	1008,
			"y":	646,
			"type":	"spikes"
		}, {
			"x":	1056,
			"y":	646,
			"type":	"spikes"
		}, {
			"x":	1104,
			"y":	646,
			"type":	"spikes"
		}, {
			"x":	1152,
			"y":	646,
			"type":	"spikes"
		}, {
			"x":	1248,
			"y":	646,
			"type":	"spikes"
		}, {
			"x":	1296,
			"y":	646,
			"type":	"spikes"
		}, {
			"x":	1344,
			"y":	646,
			"type":	"spikes"
		}, {
			"x":	1392,
			"y":	646,
			"type":	"spikes"
		}, {
			"x":	1392,
			"y":	208,
			"type":	"toilet",
			"facing":	"left"
		}, {
			"x":	1408,
			"y":	496,
			"type":	"coin"
		}, {
			"x":	1408,
			"y":	464,
			"type":	"coin"
		}, {
			"x":	1408,
			"y":	432,
			"type":	"coin"
		}, {
			"x":	1408,
			"y":	400,
			"type":	"coin"
		}, {
			"x":	1216,
			"y":	104,
			"type":	"coin"
		}, {
			"x":	872,
			"y":	104,
			"type":	"coin"
		}, {
			"x":	584,
			"y":	104,
			"type":	"coin"
		}, {
			"x":	296,
			"y":	104,
			"type":	"coin"
		}, {
			"x":	432,
			"y":	496,
			"type":	"coin"
		}, {
			"x":	736,
			"y":	496,
			"type":	"coin"
		}, {
			"x":	1000,
			"y":	496,
			"type":	"coin"
		}, {
			"x":	1096,
			"y":	496,
			"type":	"coin"
		}],
	"tips":	[],
	"map":	"1 1 1 1 1 1 1 1 1 1 1 1 1 1 1 1 1 1 1 1 1 1 1 1 1 1 1 1 1 1 1 0 0 0 0 0 0 0 0 0 0 0 0 0 0 0 0 0 0 0 0 0 0 0 0 0 0 0 0 0 0 0 0 0 0 0 0 0 0 0 0 0 0 0 0 0 0 0 0 0 0 0 0 0 0 0 0 0 0 0 0 0 0 0 0 0 0 0 0 0 0 0 0 0 0 0 0 0 1 0 0 0 0 0 0 0 0 0 0 0 0 0 0 0 0 0 0 0 0 0 0 0 0 0 0 0 0 0 1 0 0 0 0 0 0 0 0 0 0 0 0 0 0 0 0 0 0 0 0 0 0 0 0 0 0 0 0 0 0 0 0 0 0 0 0 0 0 0 0 0 0 0 0 0 0 0 0 0 0 0 0 0 0 0 0 0 0 0 0 0 0 0 0 0 0 0 0 0 0 0 0 0 0 0 0 0 1 0 0 0 0 0 0 0 0 0 0 0 0 0 0 0 0 0 0 0 0 0 0 0 0 0 0 0 0 0 1 0 0 0 0 0 0 0 0 0 0 0 0 0 0 0 0 0 0 0 0 0 0 0 0 0 0 0 0 0 0 0 0 0 0 0 0 0 0 0 0 0 0 0 0 0 0 0 0 0 0 0 0 0 0 0 0 0 0 0 0 0 0 0 0 0 0 0 0 0 0 0 0 0 0 0 0 0 1 0 0 0 0 0 1 0 0 0 0 0 1 0 0 0 0 0 1 0 0 0 0 0 0 1 0 0 0 0 1 0 0 0 0 0 0 0 0 0 0 0 0 0 0 0 0 0 0 0 0 0 0 0 0 0 0 0 0 0 0 0 0 0 0 0 0 0 0 0 0 0 0 0 0 0 0 0 0 0 0 0 0 0 0 0 0 0 0 0 0 0 0 0 0 0 0 0 0 0 0 0 0 0 0 0 0 0 1 0 0 0 0 0 0 0 0 0 0 0 0 0 0 0 0 0 0 0 0 0 0 0 0 0 0 0 0 0 1 0 0 0 0 0 0 0 0 0 0 0 0 0 0 0 0 0 0 0 0 0 0 0 0 0 0 0 0 0 0 0 0 0 0 0 0 0 0 0 0 0 0 0 0 0 0 0 0 0 0 0 0 0 0 0 0 0 0 0 0 0 0 0 0 0 0 0 0 0 0 0 0 0 0 0 0 0 1 1 1 0 0 0 1 0 0 0 0 0 1 0 0 0 0 0 1 0 0 0 0 0 0 1 0 0 1 1 1 0 0 0 0 0 0 0 0 0 0 0 0 0 0 0 0 0 0 0 0 0 0 0 0 0 0 0 0 0 0 0 0 0 0 0 0 0 0 0 0 0 0 0 0 0 0 0 0 0 0 0 0 0 0 0 0 0 0 0 0 0 0 0 0 0 0 0 0 0 0 0 0 0 0 0 0 0 1 0 0 0 0 0 1 0 0 0 0 0 1 0 0 0 0 0 1 0 0 0 0 0 0 1 0 0 0 0 1 0 0 0 0 0 0 0 0 0 0 0 0 0 0 0 0 0 0 0 0 0 0 0 0 0 0 0 0 0 0 0 0 0 0 0 0 0 0 0 0 0 0 0 0 0 0 0 0 0 0 0 0 0 0 0 0 0 0 0 0 0 0 0 0 0 0 0 0 0 0 0 0 0 0 0 0 0 1 0 0 0 0 0 1 0 0 0 0 0 1 0 0 0 0 0 1 0 0 0 0 0 0 1 0 0 0 0 1 0 0 0 0 0 0 0 0 0 0 0 0 0 0 0 0 0 0 0 0 0 0 0 0 0 0 0 0 0 0 0 0 0 0 0 0 0 0 0 0 0 0 0 0 0 0 0 0 0 0 0 0 0 0 0 0 0 0 0 0 0 0 0 0 0 0 0 0 0 0 0 0 0 0 0 0 0 1 0 0 0 0 0 1 0 0 0 0 0 1 0 0 0 0 0 1 0 0 0 0 0 0 1 0 0 0 0 1 0 0 0 0 0 0 0 0 0 0 0 0 0 0 0 0 0 0 0 0 0 0 0 0 0 0 0 0 0 0 0 0 0 0 0 0 0 0 0 0 0 0 0 0 0 0 0 0 0 0 0 0 0 0 0 0 0 0 0 0 0 0 0 0 0 0 0 0 0 0 0 0 0 0 0 0 0 1 0 0 0 0 0 1 0 0 0 0 0 1 0 0 0 0 0 1 0 0 0 0 0 0 1 0 0 0 0 1 0 0 0 0 0 0 0 0 0 0 0 0 0 0 0 0 0 0 0 0 0 0 0 0 0 0 0 0 0 0 0 0 0 0 0 0 0 0 0 0 0 0 0 0 0 0 0 0 0 0 0 0 0 0 0 0 0 0 0 0 0 0 0 0 0 0 0 0 0 0 0 0 0 0 0 0 0 1 0 0 0 0 0 0 0 0 0 0 0 0 0 0 0 0 0 0 0 0 0 0 0 0 0 0 0 0 0 1 0 0 0 0 0 0 0 0 0 0 0 0 0 0 0 0 0 0 0 0 0 0 0 0 0 0 0 0 0 0 0 0 0 0 0 0 0 0 0 0 0 0 0 0 0 0 0 0 0 0 0 0 0 0 0 0 0 0 0 0 0 0 0 0 0 0 0 0 0 0 0 0 0 0 0 0 0 1 0 0 0 0 0 1 0 0 0 0 0 1 0 0 0 0 0 1 0 0 0 0 0 0 1 0 0 1 1 1 0 0 0 0 0 0 0 0 0 0 0 0 0 0 0 0 0 0 0 0 0 0 0 0 0 0 0 0 0 0 0 0 0 0 0 0 0 0 0 0 0 0 0 0 0 0 0 0 0 0 0 0 0 0 0 0 0 0 0 0 0 0 0 0 0 0 0 0 0 0 0 0 0 0 0 0 0 1 0 0 0 0 0 0 0 0 0 0 0 0 0 0 0 0 0 0 0 0 0 0 0 0 0 0 0 0 0 1 0 0 0 0 0 0 0 0 0 0 0 0 0 0 0 0 0 0 0 0 0 0 0 0 0 0 0 0 0 0 0 0 0 0 0 0 0 0 0 0 0 0 0 0 0 0 0 0 0 0 0 0 0 0 0 0 0 0 0 0 0 0 0 0 0 0 0 0 0 0 0 0 0 0 0 0 0 1 0 0 0 0 0 1 0 0 0 0 0 1 0 0 0 0 0 1 0 0 0 0 0 0 1 0 0 0 0 1 0 0 0 0 0 0 0 0 0 0 0 0 0 0 0 0 0 0 0 0 0 0 0 0 0 0 0 0 0 0 0 0 0 0 0 0 0 0 0 0 0 0 0 0 0 0 0 0 0 0 0 0 0 0 0 0 0 0 0 0 0 0 0 0 0 0 0 0 0 0 0 0 0 0 0 0 0 1 1 1 1 1 1 1 1 1 1 1 1 1 1 1 1 1 1 1 1 1 1 1 1 1 1 1 1 1 1 1 0 0 0 0 0 0 0 0 0 0 0 0 0 0 0 0 0 0 0 0 0 0 0 0 0 0 0 0 0 0 0 0 0 0 0 0 0 0 0 0 0 0 0 0 0 0 0 0 0 0 0 0 0 0 0 0 0 0 0 0 0 0 0 0 0 0 0 0 0 0 0 0 0 0 0 0 0 "
}
