{
	"cloneLimit":	1,
	"timeLimit":	30,
	"entities":	[{
			"x":	152,
			"y":	112,
			"type":	"player",
			"facing":	"right"
		}, {
			"x":	1216,
			"y":	232,
			"type":	"trafficLight",
			"targetName":	"plungerLift",
			"on":	0
		}, {
			"x":	64,
			"y":	112,
			"type":	"toilet",
			"facing":	"right",
			"requiresPlunger":	1
		}, {
			"x":	432,
			"y":	288,
			"name":	"plungerLift",
			"type":	"platform",
			"sx":	432,
			"sy":	288,
			"ex":	432,
			"ey":	528,
			"pause":	60,
			"speed":	2,
			"enabled":	0
		}, {
			"x":	48,
			"y":	646,
			"type":	"spikes"
		}, {
			"x":	96,
			"y":	646,
			"type":	"spikes"
		}, {
			"x":	144,
			"y":	646,
			"type":	"spikes"
		}, {
			"x":	192,
			"y":	646,
			"type":	"spikes"
		}, {
			"x":	240,
			"y":	646,
			"type":	"spikes"
		}, {
			"x":	288,
			"y":	646,
			"type":	"spikes"
		}, {
			"x":	336,
			"y":	646,
			"type":	"spikes"
		}, {
			"x":	384,
			"y":	646,
			"type":	"spikes"
		}, {
			"x":	432,
			"y":	646,
			"type":	"spikes"
		}, {
			"x":	480,
			"y":	646,
			"type":	"spikes"
		}, {
			"x":	528,
			"y":	646,
			"type":	"spikes"
		}, {
			"x":	56,
			"y":	416,
			"type":	"plunger"
		}, {
			"x":	720,
			"y":	608,
			"type":	"platform",
			"sx":	720,
			"sy":	608,
			"ex":	944,
			"ey":	608,
			"pause":	30,
			"speed":	2,
			"enabled":	1
		}, {
			"x":	1152,
			"y":	432,
			"type":	"coin"
		}, {
			"x":	1184,
			"y":	432,
			"type":	"coin"
		}, {
			"x":	1216,
			"y":	432,
			"type":	"coin"
		}, {
			"x":	1216,
			"y":	400,
			"type":	"coin"
		}, {
			"x":	1184,
			"y":	400,
			"type":	"coin"
		}, {
			"x":	1152,
			"y":	400,
			"type":	"coin"
		}, {
			"x":	1152,
			"y":	368,
			"type":	"coin"
		}, {
			"x":	1184,
			"y":	368,
			"type":	"coin"
		}, {
			"x":	1216,
			"y":	368,
			"type":	"coin"
		}, {
			"x":	576,
			"y":	646,
			"type":	"spikes"
		}, {
			"x":	624,
			"y":	646,
			"type":	"spikes"
		}, {
			"x":	672,
			"y":	646,
			"type":	"spikes"
		}, {
			"x":	720,
			"y":	646,
			"type":	"spikes"
		}, {
			"x":	768,
			"y":	646,
			"type":	"spikes"
		}, {
			"x":	816,
			"y":	646,
			"type":	"spikes"
		}, {
			"x":	864,
			"y":	646,
			"type":	"spikes"
		}, {
			"x":	912,
			"y":	646,
			"type":	"spikes"
		}, {
			"x":	960,
			"y":	646,
			"type":	"spikes"
		}, {
			"x":	1008,
			"y":	646,
			"type":	"spikes"
		}, {
			"x":	1056,
			"y":	648,
			"type":	"spikes"
		}],
	"tips":	[],
	"map":	"1 1 1 1 1 1 1 1 1 1 1 1 1 1 1 1 1 1 1 1 1 1 1 1 1 1 1 0 0 0 0 0 0 0 0 0 0 0 0 0 0 0 0 0 0 0 0 0 0 0 0 0 0 0 0 0 0 0 0 0 0 0 0 0 0 0 0 0 0 0 0 0 0 0 0 0 0 0 0 0 0 0 0 0 0 0 0 0 0 0 0 0 0 0 0 0 0 0 0 0 0 0 0 0 0 0 0 0 1 0 0 0 0 0 0 0 0 0 0 0 0 0 0 0 0 0 0 0 0 0 0 0 0 1 1 0 0 0 0 0 0 0 0 0 0 0 0 0 0 0 0 0 0 0 0 0 0 0 0 0 0 0 0 0 0 0 0 0 0 0 0 0 0 0 0 0 0 0 0 0 0 0 0 0 0 0 0 0 0 0 0 0 0 0 0 0 0 0 0 0 0 0 0 0 0 0 0 0 0 0 0 0 0 0 0 0 1 0 0 0 0 0 0 0 0 0 0 0 0 0 0 0 0 0 0 0 0 0 0 0 0 0 1 0 0 0 0 0 0 0 0 0 0 0 0 0 0 0 0 0 0 0 0 0 0 0 0 0 0 0 0 0 0 0 0 0 0 0 0 0 0 0 0 0 0 0 0 0 0 0 0 0 0 0 0 0 0 0 0 0 0 0 0 0 0 0 0 0 0 0 0 0 0 0 0 0 0 0 0 0 0 0 0 0 1 1 1 1 0 0 0 0 0 0 0 0 0 0 0 0 0 0 0 0 0 0 0 0 0 0 1 0 0 0 0 0 0 0 0 0 0 0 0 0 0 0 0 0 0 0 0 0 0 0 0 0 0 0 0 0 0 0 0 0 0 0 0 0 0 0 0 0 0 0 0 0 0 0 0 0 0 0 0 0 0 0 0 0 0 0 0 0 0 0 0 0 0 0 0 0 0 0 0 0 0 0 0 0 0 0 0 0 1 1 1 1 0 0 0 0 0 0 0 0 0 0 0 0 0 0 0 0 0 0 0 0 0 0 1 0 0 0 0 0 0 0 0 0 0 0 0 0 0 0 0 0 0 0 0 0 0 0 0 0 0 0 0 0 0 0 0 0 0 0 0 0 0 0 0 0 0 0 0 0 0 0 0 0 0 0 0 0 0 0 0 0 0 0 0 0 0 0 0 0 0 0 0 0 0 0 0 0 0 0 0 0 0 0 0 0 1 1 1 1 1 1 1 0 0 0 0 0 0 0 0 0 0 0 0 0 0 0 0 0 0 0 1 0 0 0 0 0 0 0 0 0 0 0 0 0 0 0 0 0 0 0 0 0 0 0 0 0 0 0 0 0 0 0 0 0 0 0 0 0 0 0 0 0 0 0 0 0 0 0 0 0 0 0 0 0 0 0 0 0 0 0 0 0 0 0 0 0 0 0 0 0 0 0 0 0 0 0 0 0 0 0 0 0 1 1 1 1 1 1 1 1 1 0 0 1 0 0 1 0 0 0 1 0 0 0 1 1 1 1 1 0 0 0 0 0 0 0 0 0 0 0 0 0 0 0 0 0 0 0 0 0 0 0 0 0 0 0 0 0 0 0 0 0 0 0 0 0 0 0 0 0 0 0 0 0 0 0 0 0 0 0 0 0 0 0 0 0 0 0 0 0 0 0 0 0 0 0 0 0 0 0 0 0 0 0 0 0 0 0 0 0 1 1 1 1 1 1 1 1 1 0 0 0 0 0 0 0 0 0 0 0 0 0 0 0 0 0 1 0 0 0 0 0 0 0 0 0 0 0 0 0 0 0 0 0 0 0 0 0 0 0 0 0 0 0 0 0 0 0 0 0 0 0 0 0 0 0 0 0 0 0 0 0 0 0 0 0 0 0 0 0 0 0 0 0 0 0 0 0 0 0 0 0 0 0 0 0 0 0 0 0 0 0 0 0 0 0 0 0 1 0 0 0 0 0 0 0 0 0 0 0 0 0 0 0 0 0 0 0 0 0 0 0 0 0 1 0 0 0 0 0 0 0 0 0 0 0 0 0 0 0 0 0 0 0 0 0 0 0 0 0 0 0 0 0 0 0 0 0 0 0 0 0 0 0 0 0 0 0 0 0 0 0 0 0 0 0 0 0 0 0 0 0 0 0 0 0 0 0 0 0 0 0 0 0 0 0 0 0 0 0 0 0 0 0 0 0 1 0 0 0 0 0 0 0 0 0 0 0 0 1 1 0 0 0 0 0 0 0 0 0 0 0 1 0 0 0 0 0 0 0 0 0 0 0 0 0 0 0 0 0 0 0 0 0 0 0 0 0 0 0 0 0 0 0 0 0 0 0 0 0 0 0 0 0 0 0 0 0 0 0 0 0 0 0 0 0 0 0 0 0 0 0 0 0 0 0 0 0 0 0 0 0 0 0 0 0 0 0 0 0 0 0 0 0 1 1 0 0 0 0 0 0 0 0 0 0 1 1 0 0 0 0 0 0 0 0 0 0 1 1 1 0 0 0 0 0 0 0 0 0 0 0 0 0 0 0 0 0 0 0 0 0 0 0 0 0 0 0 0 0 0 0 0 0 0 0 0 0 0 0 0 0 0 0 0 0 0 0 0 0 0 0 0 0 0 0 0 0 0 0 0 0 0 0 0 0 0 0 0 0 0 0 0 0 0 0 0 0 0 0 0 0 1 0 0 1 0 0 1 0 1 0 0 1 1 0 0 0 0 0 0 0 0 0 0 1 1 1 1 0 0 0 0 0 0 0 0 0 0 0 0 0 0 0 0 0 0 0 0 0 0 0 0 0 0 0 0 0 0 0 0 0 0 0 0 0 0 0 0 0 0 0 0 0 0 0 0 0 0 0 0 0 0 0 0 0 0 0 0 0 0 0 0 0 0 0 0 0 0 0 0 0 0 0 0 0 0 0 0 0 1 0 0 0 0 0 0 0 0 0 0 1 0 0 0 0 0 0 0 0 0 0 0 1 1 1 1 0 0 0 0 0 0 0 0 0 0 0 0 0 0 0 0 0 0 0 0 0 0 0 0 0 0 0 0 0 0 0 0 0 0 0 0 0 0 0 0 0 0 0 0 0 0 0 0 0 0 0 0 0 0 0 0 0 0 0 0 0 0 0 0 0 0 0 0 0 0 0 0 0 0 0 0 0 0 0 0 0 1 0 0 0 0 0 0 0 0 0 0 0 0 0 0 0 0 0 0 0 0 0 0 1 1 1 1 0 0 0 0 0 0 0 0 0 0 0 0 0 0 0 0 0 0 0 0 0 0 0 0 0 0 0 0 0 0 0 0 0 0 0 0 0 0 0 0 0 0 0 0 0 0 0 0 0 0 0 0 0 0 0 0 0 0 0 0 0 0 0 0 0 0 0 0 0 0 0 0 0 0 0 0 0 0 0 0 0 1 1 1 1 1 1 1 1 1 1 1 1 1 1 1 1 1 1 1 1 1 1 1 1 1 1 1 0 0 0 0 0 0 0 0 0 0 0 0 0 0 0 0 0 0 0 0 0 0 0 0 0 0 0 0 0 0 0 0 0 0 0 0 0 0 0 0 0 0 0 0 0 0 0 0 0 0 0 0 0 0 0 0 0 0 0 0 0 0 0 0 0 0 0 0 0 0 0 0 0 0 0 0 0 0 0 0 0 "
}
