{
	"cloneLimit":	3,
	"timeLimit":	75,
	"entities":	[{
			"x":	72,
			"y":	544,
			"type":	"player",
			"facing":	"right"
		}, {
			"x":	1296,
			"y":	480,
			"type":	"platform",
			"sx":	1296,
			"sy":	480,
			"ex":	1296,
			"ey":	624,
			"pause":	60,
			"speed":	2,
			"enabled":	1
		}, {
			"x":	1600,
			"y":	384,
			"type":	"door",
			"open":	0
		}, {
			"x":	1672,
			"y":	448,
			"type":	"toilet",
			"facing":	"left",
			"requiresPlunger":	1
		}, {
			"x":	1208,
			"y":	632,
			"type":	"item",
			"textureFilename" : "gfx/entities/item11.png"
		}, {
			"x":	144,
			"y":	248,
			"type":	"spitter",
			"facing":	"right",
			"interval":	45,
			"enabled":	1
		}, {
			"x":	64,
			"y":	224,
			"type":	"plunger"
		}, {
			"x":	720,
			"y":	104,
			"type":	"manholeCover"
		}, {
			"x":	1824,
			"y":	310,
			"type":	"spikes"
		}, {
			"x":	1920,
			"y":	310,
			"type":	"spikes"
		}, {
			"x":	1880,
			"y":	64,
			"type":	"key"
		}, {
			"x":	288,
			"y":	192,
			"type":	"roofSpikes"
		}, {
			"x":	336,
			"y":	192,
			"type":	"roofSpikes"
		}, {
			"x":	384,
			"y":	192,
			"type":	"roofSpikes"
		}, {
			"x":	432,
			"y":	192,
			"type":	"roofSpikes"
		}, {
			"x":	480,
			"y":	192,
			"type":	"roofSpikes"
		}, {
			"x":	528,
			"y":	192,
			"type":	"roofSpikes"
		}, {
			"x":	576,
			"y":	192,
			"type":	"roofSpikes"
		}, {
			"x":	624,
			"y":	192,
			"type":	"roofSpikes"
		}, {
			"x":	280,
			"y":	56,
			"type":	"coin"
		}, {
			"x":	280,
			"y":	88,
			"type":	"coin"
		}, {
			"x":	248,
			"y":	56,
			"type":	"coin"
		}, {
			"x":	248,
			"y":	88,
			"type":	"coin"
		}, {
			"x":	1888,
			"y":	344,
			"type":	"coin"
		}, {
			"x":	1880,
			"y":	376,
			"type":	"coin"
		}, {
			"x":	1888,
			"y":	408,
			"type":	"coin"
		}, {
			"x":	1880,
			"y":	440,
			"type":	"coin"
		}, {
			"x":	1888,
			"y":	472,
			"type":	"coin"
		}, {
			"x":	1880,
			"y":	504,
			"type":	"coin"
		}, {
			"x":	1888,
			"y":	536,
			"type":	"coin"
		}, {
			"x":	1672,
			"y":	408,
			"type":	"coin"
		}, {
			"x":	1672,
			"y":	376,
			"type":	"coin"
		}, {
			"x":	1480,
			"y":	424,
			"type":	"trafficLight",
			"targetName":	"itemDoor",
			"on":	0
		}, {
			"x":	1120,
			"y":	432,
			"name":	"itemDoor",
			"type":	"door",
			"open":	0
		}, {
			"x":	720,
			"y":	192,
			"type":	"roofSpikes"
		}, {
			"x":	768,
			"y":	192,
			"type":	"roofSpikes"
		}, {
			"x":	816,
			"y":	192,
			"type":	"roofSpikes"
		}, {
			"x":	864,
			"y":	192,
			"type":	"roofSpikes"
		}, {
			"x":	912,
			"y":	192,
			"type":	"roofSpikes"
		}, {
			"x":	64,
			"y":	64,
			"type":	"coin"
		}, {
			"x":	104,
			"y":	64,
			"type":	"coin"
		}, {
			"x":	144,
			"y":	64,
			"type":	"coin"
		}, {
			"x":	64,
			"y":	104,
			"type":	"coin"
		}, {
			"x":	104,
			"y":	104,
			"type":	"coin"
		}, {
			"x":	144,
			"y":	104,
			"type":	"coin"
		}, {
			"x":	144,
			"y":	144,
			"type":	"coin"
		}, {
			"x":	104,
			"y":	144,
			"type":	"coin"
		}, {
			"x":	64,
			"y":	144,
			"type":	"coin"
		}],
	"tips":	[],
	"map":	"1 1 1 1 1 1 1 1 1 1 1 1 1 1 1 1 1 1 1 1 1 1 1 1 1 1 1 1 1 1 1 1 1 1 1 1 1 1 1 1 1 1 0 0 0 0 0 0 0 0 0 0 0 0 0 0 0 0 0 0 0 0 0 0 0 0 0 0 0 0 0 0 0 0 0 0 0 0 0 0 0 0 0 0 0 0 0 0 0 0 0 0 0 0 0 0 0 0 0 0 0 0 0 0 0 0 0 0 1 0 0 0 1 0 0 0 0 0 0 0 0 0 0 0 0 0 0 0 0 0 0 0 0 0 0 0 0 0 0 0 0 0 0 0 0 0 0 0 0 1 0 0 0 0 0 0 0 0 0 0 0 0 0 0 0 0 0 0 0 0 0 0 0 0 0 0 0 0 0 0 0 0 0 0 0 0 0 0 0 0 0 0 0 0 0 0 0 0 0 0 0 0 0 0 0 0 0 0 0 0 0 0 0 0 0 0 1 0 0 0 1 0 0 0 0 0 0 0 0 0 0 0 0 0 0 0 0 0 0 0 0 0 0 0 0 0 0 0 0 0 0 0 0 0 0 0 0 1 0 0 0 0 0 0 0 0 0 0 0 0 0 0 0 0 0 0 0 0 0 0 0 0 0 0 0 0 0 0 0 0 0 0 0 0 0 0 0 0 0 0 0 0 0 0 0 0 0 0 0 0 0 0 0 0 0 0 0 0 0 0 0 0 0 0 1 0 0 0 0 1 1 1 1 1 1 1 1 1 0 1 1 1 1 1 1 1 0 0 0 1 1 1 1 1 1 1 1 1 1 1 1 0 0 0 0 1 0 0 0 0 0 0 0 0 0 0 0 0 0 0 0 0 0 0 0 0 0 0 0 0 0 0 0 0 0 0 0 0 0 0 0 0 0 0 0 0 0 0 0 0 0 0 0 0 0 0 0 0 0 0 0 0 0 0 0 0 0 0 0 0 0 0 1 0 0 1 0 0 0 0 0 0 0 0 0 0 0 0 0 0 0 0 0 0 0 0 1 1 1 1 1 1 1 1 1 1 1 1 1 1 0 0 0 1 0 0 0 0 0 0 0 0 0 0 0 0 0 0 0 0 0 0 0 0 0 0 0 0 0 0 0 0 0 0 0 0 0 0 0 0 0 0 0 0 0 0 0 0 0 0 0 0 0 0 0 0 0 0 0 0 0 0 0 0 0 0 0 0 0 0 1 0 1 0 0 0 0 0 0 0 0 0 0 0 0 0 0 0 0 0 0 0 0 1 1 1 1 0 0 0 0 0 0 1 0 0 1 1 0 0 0 1 0 0 0 0 0 0 0 0 0 0 0 0 0 0 0 0 0 0 0 0 0 0 0 0 0 0 0 0 0 0 0 0 0 0 0 0 0 0 0 0 0 0 0 0 0 0 0 0 0 0 0 0 0 0 0 0 0 0 0 0 0 0 0 0 0 0 1 1 1 1 1 1 1 1 1 1 1 1 1 1 1 1 0 0 0 0 0 1 1 1 1 1 1 0 0 0 0 0 0 1 0 0 1 1 0 0 0 1 0 0 0 0 0 0 0 0 0 0 0 0 0 0 0 0 0 0 0 0 0 0 0 0 0 0 0 0 0 0 0 0 0 0 0 0 0 0 0 0 0 0 0 0 0 0 0 0 0 0 0 0 0 0 0 0 0 0 0 0 0 0 0 0 0 0 1 0 0 0 0 0 0 0 0 0 0 0 0 0 0 0 0 0 1 1 1 1 1 1 1 1 1 0 0 0 0 0 0 1 0 0 1 1 1 0 1 1 0 0 0 0 0 0 0 0 0 0 0 0 0 0 0 0 0 0 0 0 0 0 0 0 0 0 0 0 0 0 0 0 0 0 0 0 0 0 0 0 0 0 0 0 0 0 0 0 0 0 0 0 0 0 0 0 0 0 0 0 0 0 0 0 0 0 1 0 0 0 0 0 0 0 0 0 0 0 0 0 0 1 1 1 1 1 1 1 1 1 1 1 1 0 0 0 0 0 0 0 0 0 1 1 1 0 1 1 0 0 0 0 0 0 0 0 0 0 0 0 0 0 0 0 0 0 0 0 0 0 0 0 0 0 0 0 0 0 0 0 0 0 0 0 0 0 0 0 0 0 0 0 0 0 0 0 0 0 0 0 0 0 0 0 0 0 0 0 0 0 0 0 0 0 1 0 0 0 0 0 0 0 0 0 0 1 1 1 1 1 1 1 1 1 1 1 1 1 1 1 1 0 0 0 0 0 0 0 0 0 1 1 1 0 1 1 0 0 0 0 0 0 0 0 0 0 0 0 0 0 0 0 0 0 0 0 0 0 0 0 0 0 0 0 0 0 0 0 0 0 0 0 0 0 0 0 0 0 0 0 0 0 0 0 0 0 0 0 0 0 0 0 0 0 0 0 0 0 0 0 0 0 1 0 0 0 0 0 0 0 1 1 1 1 1 1 1 1 1 1 0 0 0 0 0 0 0 1 1 0 0 1 1 1 1 1 1 1 1 1 1 0 1 1 0 0 0 0 0 0 0 0 0 0 0 0 0 0 0 0 0 0 0 0 0 0 0 0 0 0 0 0 0 0 0 0 0 0 0 0 0 0 0 0 0 0 0 0 0 0 0 0 0 0 0 0 0 0 0 0 0 0 0 0 0 0 0 0 0 0 1 0 0 0 0 0 1 1 1 1 1 1 1 1 1 0 0 0 0 0 0 0 0 1 0 1 1 0 0 1 1 1 1 1 1 1 1 1 1 0 1 1 0 0 0 0 0 0 0 0 0 0 0 0 0 0 0 0 0 0 0 0 0 0 0 0 0 0 0 0 0 0 0 0 0 0 0 0 0 0 0 0 0 0 0 0 0 0 0 0 0 0 0 0 0 0 0 0 0 0 0 0 0 0 0 0 0 0 1 1 1 1 0 1 1 1 1 1 1 1 1 1 1 0 1 1 1 1 1 1 1 1 0 1 1 0 0 0 0 0 0 0 0 0 0 0 0 0 0 1 0 0 0 0 0 0 0 0 0 0 0 0 0 0 0 0 0 0 0 0 0 0 0 0 0 0 0 0 0 0 0 0 0 0 0 0 0 0 0 0 0 0 0 0 0 0 0 0 0 0 0 0 0 0 0 0 0 0 0 0 0 0 0 0 0 0 1 1 1 1 0 0 0 0 0 0 0 0 0 0 0 0 1 1 1 1 1 1 1 1 0 0 1 0 0 0 0 0 0 0 0 0 0 0 0 0 0 1 0 0 0 0 0 0 0 0 0 0 0 0 0 0 0 0 0 0 0 0 0 0 0 0 0 0 0 0 0 0 0 0 0 0 0 0 0 0 0 0 0 0 0 0 0 0 0 0 0 0 0 0 0 0 0 0 0 0 0 0 0 0 0 0 0 0 1 1 1 1 1 1 1 1 1 1 1 1 1 1 1 1 1 1 1 1 1 1 1 1 1 1 1 1 1 1 1 1 1 1 1 1 1 1 1 1 1 1 0 0 0 0 0 0 0 0 0 0 0 0 0 0 0 0 0 0 0 0 0 0 0 0 0 0 0 0 0 0 0 0 0 0 0 0 0 0 0 0 0 0 0 0 0 0 0 0 0 0 0 0 0 0 0 0 0 0 0 0 0 0 0 0 0 0 "
}
