{
	"cloneLimit":	2,
	"timeLimit":	100,
	"entities":	[{
			"type":	"platform",
			"x":	904,
			"y":	144,
			"sx":	904,
			"sy":	144,
			"ex":	904,
			"ey":	624,
			"pause":	60,
			"speed":	2,
			"enabled":	1
		}, {
			"type":	"door",
			"x":	3280,
			"y":	192,
			"name":	"trafficLightDoor",
			"open":	0
		}, {
			"type":	"key",
			"x":	1256,
			"y":	80
		}, {
			"type":	"platform",
			"x":	1456,
			"y":	432,
			"sx":	1456,
			"sy":	432,
			"ex":	1456,
			"ey":	624,
			"pause":	60,
			"speed":	2,
			"enabled":	1
		}, {
			"type":	"door",
			"x":	1072,
			"y":	576,
			"open":	0
		}, {
			"type":	"toilet",
			"x":	3456,
			"y":	496,
			"facing":	"left",
			"requiresPlunger":	1
		}, {
			"type":	"trafficLight",
			"x":	808,
			"y":	88,
			"targetName":	"trafficLightDoor",
			"on":	0
		}, {
			"type":	"spitter",
			"x":	2688,
			"y":	488,
			"facing":	"right",
			"interval":	15,
			"enabled":	1
		}, {
			"type":	"manholeCover",
			"x":	3456,
			"y":	240
		}, {
			"type":	"coin",
			"x":	2408,
			"y":	216
		}, {
			"type":	"coin",
			"x":	1792,
			"y":	208
		}, {
			"type":	"player",
			"x":	2104,
			"y":	160,
			"facing":	"left"
		}, {
			"type":	"door",
			"x":	2656,
			"y":	576,
			"name":	"trafficLightDoor",
			"open":	0
		}, {
			"type":	"coin",
			"x":	1928,
			"y":	536
		}, {
			"type":	"coin",
			"x":	1976,
			"y":	488
		}, {
			"type":	"coin",
			"x":	2024,
			"y":	440
		}, {
			"type":	"coin",
			"x":	2072,
			"y":	392
		}, {
			"type":	"coin",
			"x":	2216,
			"y":	288
		}, {
			"type":	"coin",
			"x":	2120,
			"y":	336
		}, {
			"type":	"coin",
			"x":	2160,
			"y":	336
		}, {
			"type":	"plunger",
			"x":	2296,
			"y":	272
		}, {
			"type":	"platform",
			"x":	2280,
			"y":	528,
			"sx":	2280,
			"sy":	528,
			"ex":	2280,
			"ey":	624,
			"pause":	30,
			"speed":	2,
			"enabled":	1
		}, {
			"type":	"item",
			"x":	1016,
			"y":	232,
			"textureFilename":	"gfx/entities/item12.png"
		}, {
			"type":	"coin",
			"x":	1360,
			"y":	240
		}, {
			"type":	"coin",
			"x":	1408,
			"y":	240
		}, {
			"type":	"spikes",
			"x":	2832,
			"y":	502
		}, {
			"type":	"spikes",
			"x":	2784,
			"y":	502
		}, {
			"type":	"spikes",
			"x":	2736,
			"y":	502
		}, {
			"type":	"spikes",
			"x":	2640,
			"y":	406
		}, {
			"type":	"spikes",
			"x":	2592,
			"y":	406
		}, {
			"type":	"spikes",
			"x":	2544,
			"y":	406
		}, {
			"type":	"spikes",
			"x":	2496,
			"y":	406
		}, {
			"type":	"spikes",
			"x":	2448,
			"y":	406
		}, {
			"type":	"spikes",
			"x":	2400,
			"y":	406
		}, {
			"type":	"spikes",
			"x":	3264,
			"y":	646
		}, {
			"type":	"spikes",
			"x":	3072,
			"y":	648
		}, {
			"type":	"spikes",
			"x":	2352,
			"y":	646
		}, {
			"type":	"spikes",
			"x":	1776,
			"y":	646
		}, {
			"type":	"spikes",
			"x":	1160,
			"y":	646
		}, {
			"type":	"spikes",
			"x":	1360,
			"y":	646
		}, {
			"type":	"spikes",
			"x":	2952,
			"y":	648
		}],
	"tips":	[],
	"map":	"0 0 0 0 0 0 0 0 0 0 0 0 0 0 0 1 1 1 1 1 1 1 1 1 1 1 1 1 1 1 1 1 1 1 1 1 1 1 1 1 1 1 1 1 1 1 1 1 1 1 1 1 1 1 1 1 1 1 1 1 1 1 1 1 1 1 1 1 1 1 1 1 1 1 0 0 0 0 0 0 0 0 0 0 0 0 0 0 0 0 0 0 0 0 0 0 0 0 0 0 0 0 0 0 0 0 0 0 0 0 0 0 0 0 0 0 0 0 0 0 0 0 0 1 0 0 0 0 0 0 1 0 0 0 0 0 0 0 0 0 0 0 0 0 0 0 0 0 0 0 0 0 0 0 0 0 0 0 0 0 0 0 0 0 0 0 0 0 0 0 0 0 0 0 0 0 1 0 0 0 0 1 0 0 0 0 0 0 0 0 0 0 0 0 0 0 0 0 0 0 0 0 0 0 0 0 0 0 0 0 0 0 0 0 0 0 0 0 0 0 0 0 0 0 0 0 0 0 0 0 0 1 0 0 0 0 0 0 1 0 0 0 0 1 0 0 0 0 0 0 0 0 0 0 0 0 0 0 0 0 0 0 0 0 0 0 0 0 0 0 0 0 0 0 0 0 0 0 0 0 0 0 0 0 1 0 0 0 0 1 0 0 0 0 0 0 0 0 0 0 0 0 0 0 0 0 0 0 0 0 0 0 0 0 0 0 0 0 0 0 0 0 0 0 0 0 0 0 0 0 0 0 0 0 0 0 0 0 0 1 1 1 0 0 0 0 1 0 0 0 1 1 0 0 0 0 0 0 0 0 0 0 1 0 0 0 0 0 0 0 0 0 0 1 0 0 0 0 0 0 0 0 0 0 0 0 0 0 0 0 0 0 1 0 0 0 0 1 0 0 0 0 0 0 0 0 0 0 0 0 0 0 0 0 0 0 0 0 0 0 0 0 0 0 0 0 0 0 0 0 0 0 0 0 0 0 0 0 0 0 0 0 0 0 0 0 0 1 0 0 0 0 0 0 1 1 0 0 0 1 0 0 0 0 0 0 0 0 0 0 1 1 1 1 1 1 1 1 1 1 1 1 0 0 0 0 0 0 0 0 0 0 0 0 0 0 0 0 0 0 0 0 0 0 0 1 0 0 0 0 0 0 0 0 0 0 0 0 0 0 0 0 0 0 0 0 0 0 0 0 0 0 0 0 0 0 0 0 0 0 0 0 0 0 0 0 0 0 0 0 0 0 0 0 0 1 0 0 0 0 0 0 1 0 0 0 0 1 0 0 0 0 0 0 0 0 0 0 1 1 1 1 1 1 1 0 0 0 0 1 0 0 0 0 0 0 0 0 0 0 0 0 0 0 0 0 0 0 0 0 0 0 0 1 0 0 0 0 0 0 0 0 0 0 0 0 0 0 0 0 0 0 0 0 0 0 0 0 0 0 0 0 0 0 0 0 0 0 0 0 0 0 0 0 0 0 0 0 0 0 0 0 0 1 0 0 0 0 0 1 1 0 0 0 1 1 1 1 0 0 0 0 0 0 0 0 1 1 1 1 0 0 0 0 0 0 0 1 0 0 0 1 0 0 1 0 0 1 0 0 1 0 0 1 0 1 1 1 1 1 1 1 0 0 0 0 0 0 0 0 0 0 0 0 0 0 0 0 0 0 0 0 0 0 0 0 0 0 0 0 0 0 0 0 0 0 0 0 0 0 0 0 0 0 0 0 0 0 0 0 0 1 0 0 0 0 0 0 1 1 0 0 0 1 1 1 0 0 0 0 0 0 0 0 1 1 1 0 0 0 0 0 1 1 1 1 1 0 0 0 0 0 0 0 0 0 0 0 0 0 0 0 0 0 0 0 0 0 0 1 0 0 0 0 0 0 0 0 0 0 0 0 0 0 0 0 0 0 0 0 0 0 0 0 0 0 0 0 0 0 0 0 0 0 0 0 0 0 0 0 0 0 0 0 0 0 0 0 0 1 0 0 0 0 0 0 1 0 0 0 0 0 0 0 0 0 0 0 0 0 0 0 1 1 0 0 0 0 1 1 1 1 1 1 0 0 0 0 0 0 0 0 0 0 0 0 0 0 0 0 0 0 0 0 0 0 0 1 0 0 0 0 0 0 0 0 0 0 0 0 0 0 0 0 0 0 0 0 0 0 0 0 0 0 0 0 0 0 0 0 0 0 0 0 0 0 0 0 0 0 0 0 0 0 0 0 0 1 0 0 0 0 0 0 1 1 1 1 1 1 1 1 0 0 0 0 0 0 0 0 1 1 0 0 0 1 1 1 1 1 1 1 1 1 1 1 1 1 0 0 0 0 0 0 0 0 0 0 0 0 0 0 0 0 0 1 0 0 0 0 0 0 0 0 0 0 0 0 0 0 0 0 0 0 0 0 0 0 0 0 0 0 0 0 0 0 0 0 0 0 0 0 0 0 0 0 0 0 0 0 0 0 0 0 0 1 0 0 0 0 0 0 1 0 0 0 0 0 0 0 0 0 0 0 0 0 0 0 1 0 0 0 1 1 1 1 1 0 0 0 0 0 0 0 1 1 0 0 0 0 0 0 0 0 0 0 0 0 0 0 0 0 0 1 0 0 0 0 0 0 0 0 0 0 0 0 0 0 0 0 0 0 0 0 0 0 0 0 0 0 0 0 0 0 0 0 0 0 0 0 0 0 0 0 0 0 0 0 0 0 0 0 0 1 0 0 0 0 0 0 1 0 0 0 0 0 0 0 0 0 0 0 0 0 0 0 1 0 0 1 1 1 0 0 0 0 0 0 1 0 0 0 0 1 1 1 1 1 0 0 0 0 0 0 1 0 0 0 0 1 1 1 0 0 0 0 0 0 0 0 0 0 0 0 0 0 0 0 0 0 0 0 0 0 0 0 0 0 0 0 0 0 0 0 0 0 0 0 0 0 0 0 0 0 0 0 0 0 0 0 0 1 0 0 0 0 0 0 0 0 0 0 0 0 0 0 0 0 0 0 0 0 0 0 1 0 1 0 0 0 0 0 0 0 0 0 1 1 0 0 0 0 0 0 0 0 0 0 0 0 0 0 0 0 0 0 1 1 1 1 0 0 0 0 0 0 0 0 0 0 0 0 0 0 0 0 0 0 0 0 0 0 0 0 0 0 0 0 0 0 0 0 0 0 0 0 0 0 0 0 0 0 0 0 0 0 0 0 0 1 0 0 0 0 0 0 0 0 0 0 0 0 0 0 0 0 0 0 0 0 0 0 1 0 0 0 0 0 0 0 0 0 0 0 1 1 1 0 0 0 0 0 0 0 0 0 0 0 0 0 0 0 0 1 1 1 1 1 0 0 0 0 0 0 0 0 0 0 0 0 0 0 0 0 0 0 0 0 0 0 0 0 0 0 0 0 0 0 0 0 0 0 0 0 0 0 0 0 0 0 0 0 0 0 0 0 0 1 1 1 1 1 1 1 1 1 1 1 1 1 1 1 1 1 1 1 1 1 1 1 1 1 1 1 1 1 1 1 1 1 1 1 1 1 1 1 1 1 1 1 1 1 1 1 1 1 1 1 1 1 1 1 1 1 1 1 0 0 0 0 0 0 0 0 0 0 0 0 0 0 0 0 0 0 0 0 0 0 0 0 0 0 0 0 0 0 0 0 0 0 "
}
