{
	"cloneLimit":	1,
	"timeLimit":	45,
	"entities":	[{
			"x":	1880,
			"y":	640,
			"type":	"player",
			"facing":	"left"
		}, {
			"x":	1464,
			"y":	520,
			"type":	"trafficLight",
			"targetName":	"tfDoor",
			"on":	0
		}, {
			"x":	376,
			"y":	136,
			"type":	"trafficLight",
			"targetName":	"tfDoor2",
			"on":	0
		}, {
			"x":	440,
			"y":	96,
			"name":	"tfDoor2",
			"type":	"door",
			"open":	0
		}, {
			"x":	304,
			"y":	96,
			"name":	"tfDoor2",
			"type":	"door",
			"open":	1
		}, {
			"x":	1456,
			"y":	192,
			"name":	"tfDoor",
			"type":	"door",
			"open":	0
		}, {
			"x":	1264,
			"y":	192,
			"name":	"tfDoor",
			"type":	"door",
			"open":	1
		}, {
			"x":	1072,
			"y":	192,
			"name":	"tfDoor",
			"type":	"door",
			"open":	0
		}, {
			"x":	880,
			"y":	192,
			"name":	"tfDoor",
			"type":	"door",
			"open":	1
		}, {
			"x":	688,
			"y":	192,
			"name":	"tfDoor",
			"type":	"door",
			"open":	0
		}, {
			"x":	1744,
			"y":	624,
			"type":	"platform",
			"sx":	1744,
			"sy":	624,
			"ex":	1744,
			"ey":	144,
			"pause":	60,
			"speed":	2,
			"enabled":	1
		}, {
			"x":	1880,
			"y":	104,
			"type":	"item",
			"textureFilename" : "gfx/entities/item13.png"
		}, {
			"x":	152,
			"y":	640,
			"type":	"toilet",
			"facing":	"right"
		}, {
			"x":	1640,
			"y":	632,
			"type":	"coin"
		}, {
			"x":	1600,
			"y":	632,
			"type":	"coin"
		}, {
			"x":	1560,
			"y":	632,
			"type":	"coin"
		}, {
			"x":	1512,
			"y":	632,
			"type":	"coin"
		}, {
			"x":	1464,
			"y":	632,
			"type":	"coin"
		}, {
			"x":	1416,
			"y":	632,
			"type":	"coin"
		}, {
			"x":	1368,
			"y":	632,
			"type":	"coin"
		}, {
			"x":	1320,
			"y":	632,
			"type":	"coin"
		}, {
			"x":	1272,
			"y":	632,
			"type":	"coin"
		}, {
			"x":	192,
			"y":	480,
			"type":	"roofSpikes"
		}, {
			"x":	96,
			"y":	384,
			"type":	"roofSpikes"
		}, {
			"x":	192,
			"y":	288,
			"type":	"roofSpikes"
		}, {
			"x":	1680,
			"y":	480,
			"type":	"roofSpikes"
		}, {
			"x":	1632,
			"y":	480,
			"type":	"roofSpikes"
		}, {
			"x":	1584,
			"y":	480,
			"type":	"roofSpikes"
		}, {
			"x":	1536,
			"y":	480,
			"type":	"roofSpikes"
		}, {
			"x":	632,
			"y":	8,
			"type":	"coin"
		}, {
			"x":	632,
			"y":	40,
			"type":	"coin"
		}, {
			"x":	632,
			"y":	72,
			"type":	"coin"
		}, {
			"x":	632,
			"y":	104,
			"type":	"coin"
		}],
	"tips":	[],
	"map":	"0 1 1 1 1 1 1 1 1 1 1 0 0 0 1 1 1 1 1 1 1 1 1 1 1 1 1 1 1 1 1 1 1 1 1 1 1 1 1 1 1 0 0 0 0 0 0 0 0 0 0 0 0 0 0 0 0 0 0 0 0 0 0 0 0 0 0 0 0 0 0 0 0 0 0 0 0 0 0 0 0 0 0 0 0 0 0 0 0 0 0 0 0 0 0 0 0 0 0 0 0 0 0 0 0 0 0 0 0 1 1 1 1 1 1 1 1 1 0 0 0 0 1 1 0 1 1 1 0 1 1 1 0 1 1 1 0 1 1 1 0 0 0 0 0 0 0 0 1 0 0 0 0 0 0 0 0 0 0 0 0 0 0 0 0 0 0 0 0 0 0 0 0 0 0 0 0 0 0 0 0 0 0 0 0 0 0 0 0 0 0 0 0 0 0 0 0 0 0 0 0 0 0 0 0 0 0 0 0 0 0 0 0 0 0 0 0 1 0 0 0 0 0 0 0 0 0 0 0 0 1 0 0 0 1 0 0 0 1 0 0 0 1 0 0 0 1 0 0 0 0 0 0 0 0 0 1 0 0 0 0 0 0 0 0 0 0 0 0 0 0 0 0 0 0 0 0 0 0 0 0 0 0 0 0 0 0 0 0 0 0 0 0 0 0 0 0 0 0 0 0 0 0 0 0 0 0 0 0 0 0 0 0 0 0 0 0 0 0 0 0 0 0 0 0 1 0 0 0 0 0 0 0 0 0 0 0 1 1 0 0 0 1 0 0 0 1 0 0 0 1 0 0 0 1 0 0 0 0 0 0 0 0 1 1 0 0 0 0 0 0 0 0 0 0 0 0 0 0 0 0 0 0 0 0 0 0 0 0 0 0 0 0 0 0 0 0 0 0 0 0 0 0 0 0 0 0 0 0 0 0 0 0 0 0 0 0 0 0 0 0 0 0 0 0 0 0 0 0 0 0 0 0 1 0 0 0 1 1 1 1 1 0 0 0 0 0 0 0 0 0 0 0 0 0 0 0 0 0 0 0 0 0 0 0 0 0 0 0 0 0 0 1 0 0 0 0 0 0 0 0 0 0 0 0 0 0 0 0 0 0 0 0 0 0 0 0 0 0 0 0 0 0 0 0 0 0 0 0 0 0 0 0 0 0 0 0 0 0 0 0 0 0 0 0 0 0 0 0 0 0 0 0 0 0 0 0 0 0 0 0 1 0 0 1 1 1 0 0 0 0 0 0 0 0 0 0 0 0 0 0 0 0 0 0 0 0 0 0 0 0 0 0 0 0 0 0 0 0 0 1 0 0 0 0 0 0 0 0 0 0 0 0 0 0 0 0 0 0 0 0 0 0 0 0 0 0 0 0 0 0 0 0 0 0 0 0 0 0 0 0 0 0 0 0 0 0 0 0 0 0 0 0 0 0 0 0 0 0 0 0 0 0 0 0 0 0 0 0 1 0 0 0 1 1 0 0 0 0 0 0 1 1 1 1 1 1 1 1 1 1 1 1 1 1 1 1 1 1 1 1 1 1 1 0 0 0 0 1 0 0 0 0 0 0 0 0 0 0 0 0 0 0 0 0 0 0 0 0 0 0 0 0 0 0 0 0 0 0 0 0 0 0 0 0 0 0 0 0 0 0 0 0 0 0 0 0 0 0 0 0 0 0 0 0 0 0 0 0 0 0 0 0 0 0 0 0 1 1 0 0 1 1 0 0 0 0 0 1 1 1 1 1 1 1 1 1 1 1 1 1 1 1 1 1 1 1 1 1 1 1 1 0 0 0 0 1 0 0 0 0 0 0 0 0 0 0 0 0 0 0 0 0 0 0 0 0 0 0 0 0 0 0 0 0 0 0 0 0 0 0 0 0 0 0 0 0 0 0 0 0 0 0 0 0 0 0 0 0 0 0 0 0 0 0 0 0 0 0 0 0 0 0 0 0 1 0 0 0 1 1 0 0 0 0 1 1 1 1 1 1 1 1 1 1 1 1 1 1 1 1 1 1 1 1 1 1 1 1 1 0 0 0 0 1 0 0 0 0 0 0 0 0 0 0 0 0 0 0 0 0 0 0 0 0 0 0 0 0 0 0 0 0 0 0 0 0 0 0 0 0 0 0 0 0 0 0 0 0 0 0 0 0 0 0 0 0 0 0 0 0 0 0 0 0 0 0 0 0 0 0 0 0 1 0 0 1 1 1 0 0 0 1 1 0 0 0 0 0 0 0 0 0 0 0 0 0 0 0 0 0 0 0 0 1 1 1 1 0 0 0 0 1 0 0 0 0 0 0 0 0 0 0 0 0 0 0 0 0 0 0 0 0 0 0 0 0 0 0 0 0 0 0 0 0 0 0 0 0 0 0 0 0 0 0 0 0 0 0 0 0 0 0 0 0 0 0 0 0 0 0 0 0 0 0 0 0 0 0 0 0 1 0 0 0 1 0 0 0 1 1 0 0 0 0 0 0 0 0 0 0 0 0 0 0 0 0 0 0 0 0 0 0 0 0 0 0 0 0 0 1 0 0 0 0 0 0 0 0 0 0 0 0 0 0 0 0 0 0 0 0 0 0 0 0 0 0 0 0 0 0 0 0 0 0 0 0 0 0 0 0 0 0 0 0 0 0 0 0 0 0 0 0 0 0 0 0 0 0 0 0 0 0 0 0 0 0 0 0 1 1 0 0 0 0 0 1 0 0 0 0 0 0 0 0 0 0 0 0 0 0 0 0 0 0 0 0 0 0 0 0 0 0 0 0 0 0 0 1 0 0 0 0 0 0 0 0 0 0 0 0 0 0 0 0 0 0 0 0 0 0 0 0 0 0 0 0 0 0 0 0 0 0 0 0 0 0 0 0 0 0 0 0 0 0 0 0 0 0 0 0 0 0 0 0 0 0 0 0 0 0 0 0 0 0 0 0 1 0 0 0 0 0 1 1 0 1 1 1 1 1 1 1 1 1 1 1 1 1 1 1 1 1 1 1 1 1 1 1 1 1 1 0 0 0 0 1 0 0 0 0 0 0 0 0 0 0 0 0 0 0 0 0 0 0 0 0 0 0 0 0 0 0 0 0 0 0 0 0 0 0 0 0 0 0 0 0 0 0 0 0 0 0 0 0 0 0 0 0 0 0 0 0 0 0 0 0 0 0 0 0 0 0 0 0 1 1 0 1 1 1 1 1 0 0 0 0 0 0 0 0 0 0 0 0 0 0 0 0 0 0 0 0 0 0 0 0 0 0 1 0 0 0 0 1 0 0 0 0 0 0 0 0 0 0 0 0 0 0 0 0 0 0 0 0 0 0 0 0 0 0 0 0 0 0 0 0 0 0 0 0 0 0 0 0 0 0 0 0 0 0 0 0 0 0 0 0 0 0 0 0 0 0 0 0 0 0 0 0 0 0 0 0 1 1 1 1 1 1 1 1 1 1 1 1 1 1 1 1 1 1 1 1 1 1 1 1 1 1 1 1 1 1 1 1 1 1 1 1 1 1 1 1 0 0 0 0 0 0 0 0 0 0 0 0 0 0 0 0 0 0 0 0 0 0 0 0 0 0 0 0 0 0 0 0 0 0 0 0 0 0 0 0 0 0 0 0 0 0 0 0 0 0 0 0 0 0 0 0 0 0 0 0 0 0 0 0 0 0 0 "
}
