{
	"cloneLimit":	2,
	"timeLimit":	80,
	"entities":	[{
			"type":	"player",
			"x":	888,
			"y":	256,
			"facing":	"left"
		}, {
			"type":	"pressurePlate",
			"x":	432,
			"y":	672,
			"targetName":	"door1"
		}, {
			"type":	"door",
			"x":	512,
			"y":	576,
			"name":	"door1",
			"open":	0
		}, {
			"type":	"pressurePlate",
			"x":	1312,
			"y":	240,
			"targetName":	"platform"
		}, {
			"type":	"pressurePlate",
			"x":	1888,
			"y":	528,
			"targetName":	"door2"
		}, {
			"type":	"door",
			"x":	1888,
			"y":	432,
			"name":	"door2",
			"open":	0
		}, {
			"type":	"item",
			"x":	1320,
			"y":	464,
			"textureFilename" : "gfx/entities/item14.png"
		}, {
			"type":	"platform",
			"x":	152,
			"y":	144,
			"name":	"platform",
			"sx":	152,
			"sy":	144,
			"ex":	152,
			"ey":	624,
			"pause":	60,
			"speed":	2,
			"enabled":	0
		}, {
			"type":	"toilet",
			"x":	80,
			"y":	112,
			"facing":	"right"
		}, {
			"type":	"coin",
			"x":	1152,
			"y":	56
		}, {
			"type":	"coin",
			"x":	1184,
			"y":	56
		}, {
			"type":	"coin",
			"x":	1216,
			"y":	56
		}, {
			"type":	"platform",
			"x":	2016,
			"y":	672,
			"sx":	2016,
			"sy":	672,
			"ex":	2016,
			"ey":	96,
			"pause":	0,
			"speed":	4,
			"enabled":	1
		}, {
			"type":	"spikes",
			"x":	2016,
			"y":	694
		}, {
			"type":	"spikes",
			"x":	2064,
			"y":	694
		}, {
			"type":	"roofSpikes",
			"x":	1968,
			"y":	48
		}, {
			"type":	"roofSpikes",
			"x":	2016,
			"y":	48
		}, {
			"type":	"roofSpikes",
			"x":	2064,
			"y":	48
		}, {
			"type":	"spitter",
			"x":	1120,
			"y":	248,
			"name":	"platform",
			"facing":	"left",
			"interval":	45,
			"enabled":	0
		}, {
			"type":	"key",
			"x":	64,
			"y":	216
		}, {
			"type":	"door",
			"x":	424,
			"y":	384,
			"open":	0
		}, {
			"type":	"coin",
			"x":	296,
			"y":	440
		}, {
			"type":	"coin",
			"x":	328,
			"y":	440
		}, {
			"type":	"coin",
			"x":	360,
			"y":	440
		}, {
			"type":	"coin",
			"x":	392,
			"y":	440
		}, {
			"type":	"coin",
			"x":	448,
			"y":	440
		}, {
			"type":	"coin",
			"x":	480,
			"y":	440
		}, {
			"type":	"coin",
			"x":	512,
			"y":	440
		}, {
			"type":	"coin",
			"x":	544,
			"y":	440
		}, {
			"type":	"coin",
			"x":	576,
			"y":	440
		}, {
			"type":	"coin",
			"x":	608,
			"y":	440
		}, {
			"type":	"coin",
			"x":	640,
			"y":	440
		}, {
			"type":	"coin",
			"x":	672,
			"y":	440
		}, {
			"type":	"coin",
			"x":	704,
			"y":	440
		}, {
			"type":	"coin",
			"x":	736,
			"y":	440
		}, {
			"type":	"coin",
			"x":	768,
			"y":	440
		}, {
			"type":	"coin",
			"x":	800,
			"y":	440
		}, {
			"type":	"coin",
			"x":	832,
			"y":	440
		}, {
			"type":	"coin",
			"x":	864,
			"y":	440
		}, {
			"type":	"coin",
			"x":	896,
			"y":	440
		}, {
			"type":	"coin",
			"x":	928,
			"y":	440
		}, {
			"type":	"coin",
			"x":	960,
			"y":	440
		}, {
			"type":	"coin",
			"x":	992,
			"y":	440
		}, {
			"type":	"coin",
			"x":	1024,
			"y":	440
		}, {
			"type":	"coin",
			"x":	1056,
			"y":	440
		}, {
			"type":	"coin",
			"x":	1088,
			"y":	440
		}, {
			"type":	"coin",
			"x":	1120,
			"y":	440
		}, {
			"type":	"coin",
			"x":	1152,
			"y":	440
		}, {
			"type":	"coin",
			"x":	1184,
			"y":	440
		}, {
			"type":	"coin",
			"x":	1216,
			"y":	440
		}, {
			"type":	"spikes",
			"x":	48,
			"y":	646
		}, {
			"type":	"spikes",
			"x":	96,
			"y":	646
		}, {
			"type":	"spikes",
			"x":	1376,
			"y":	502
		}, {
			"type":	"spikes",
			"x":	1480,
			"y":	502
		}, {
			"type":	"spikes",
			"x":	1576,
			"y":	502
		}, {
			"type":	"spikes",
			"x":	1672,
			"y":	502
		}, {
			"type":	"spikes",
			"x":	1776,
			"y":	502
		}, {
			"type":	"roofSpikes",
			"x":	1920,
			"y":	144
		}, {
			"type":	"roofSpikes",
			"x":	1872,
			"y":	144
		}, {
			"type":	"roofSpikes",
			"x":	1824,
			"y":	144
		}],
	"tips":	[],
	"map":	"1 1 1 1 1 1 1 1 1 1 1 1 1 1 1 1 1 1 1 1 1 1 1 1 1 1 1 1 1 1 1 1 1 1 1 1 1 1 1 1 1 1 1 1 1 0 0 0 0 0 0 0 0 0 0 0 0 0 0 0 0 0 0 0 0 0 0 0 0 0 0 0 0 0 0 0 0 0 0 0 0 0 0 0 0 0 0 0 0 0 0 0 0 0 0 0 0 0 0 0 0 0 0 0 0 0 0 0 1 0 0 0 0 0 0 0 0 0 0 0 0 0 0 0 0 0 0 0 0 0 0 0 0 0 0 0 0 0 0 0 0 0 0 0 0 0 1 1 1 0 0 0 1 0 0 0 0 0 0 0 0 0 0 0 0 0 0 0 0 0 0 0 0 0 0 0 0 0 0 0 0 0 0 0 0 0 0 0 0 0 0 0 0 0 0 0 0 0 0 0 0 0 0 0 0 0 0 0 0 0 0 0 0 0 0 0 1 0 0 0 0 0 0 0 0 0 0 0 0 0 0 0 0 0 0 0 0 0 0 0 1 1 0 0 0 0 0 0 0 0 0 0 0 0 1 1 1 0 0 0 1 0 0 0 0 0 0 0 0 0 0 0 0 0 0 0 0 0 0 0 0 0 0 0 0 0 0 0 0 0 0 0 0 0 0 0 0 0 0 0 0 0 0 0 0 0 0 0 0 0 0 0 0 0 0 0 0 0 0 0 0 0 0 0 1 1 1 0 0 0 0 0 0 0 0 0 0 0 0 0 0 0 0 0 0 0 0 0 1 1 1 0 0 0 0 0 0 0 0 0 0 0 0 0 0 0 0 0 1 0 0 0 0 0 0 0 0 0 0 0 0 0 0 0 0 0 0 0 0 0 0 0 0 0 0 0 0 0 0 0 0 0 0 0 0 0 0 0 0 0 0 0 0 0 0 0 0 0 0 0 0 0 0 0 0 0 0 0 0 0 0 0 1 0 0 0 0 0 0 0 0 0 0 0 0 0 0 0 0 0 0 0 0 0 0 0 1 1 1 0 0 0 0 0 0 0 0 0 0 0 0 0 0 0 0 0 1 0 0 0 0 0 0 0 0 0 0 0 0 0 0 0 0 0 0 0 0 0 0 0 0 0 0 0 0 0 0 0 0 0 0 0 0 0 0 0 0 0 0 0 0 0 0 0 0 0 0 0 0 0 0 0 0 0 0 0 0 0 0 0 1 0 0 0 0 0 0 0 0 0 0 0 0 0 0 0 0 0 0 0 0 0 0 0 1 1 1 1 1 1 1 1 1 1 1 1 1 1 1 1 1 1 0 0 1 0 0 0 0 0 0 0 0 0 0 0 0 0 0 0 0 0 0 0 0 0 0 0 0 0 0 0 0 0 0 0 0 0 0 0 0 0 0 0 0 0 0 0 0 0 0 0 0 0 0 0 0 0 0 0 0 0 0 0 0 0 0 0 1 0 0 0 0 0 0 0 1 1 1 1 1 1 1 1 1 1 1 1 1 1 1 1 1 1 1 1 1 1 1 1 1 1 1 1 1 1 1 1 1 1 0 0 1 0 0 0 0 0 0 0 0 0 0 0 0 0 0 0 0 0 0 0 0 0 0 0 0 0 0 0 0 0 0 0 0 0 0 0 0 0 0 0 0 0 0 0 0 0 0 0 0 0 0 0 0 0 0 0 0 0 0 0 0 0 0 0 1 0 0 0 0 0 0 0 1 1 1 1 1 1 1 1 1 1 1 1 1 1 1 1 1 1 1 0 0 0 0 0 0 0 0 0 0 0 0 1 0 0 0 0 1 0 0 0 0 0 0 0 0 0 0 0 0 0 0 0 0 0 0 0 0 0 0 0 0 0 0 0 0 0 0 0 0 0 0 0 0 0 0 0 0 0 0 0 0 0 0 0 0 0 0 0 0 0 0 0 0 0 0 0 0 0 0 0 1 0 0 0 0 0 1 1 1 1 1 1 1 1 1 1 1 1 1 1 1 1 1 1 1 1 1 0 0 0 0 0 0 0 0 0 0 0 0 1 0 0 0 0 1 0 0 0 0 0 0 0 0 0 0 0 0 0 0 0 0 0 0 0 0 0 0 0 0 0 0 0 0 0 0 0 0 0 0 0 0 0 0 0 0 0 0 0 0 0 0 0 0 0 0 0 0 0 0 0 0 0 0 0 0 0 0 0 1 0 0 0 0 0 0 0 0 0 0 0 0 0 0 0 0 0 0 0 0 0 0 0 0 0 1 0 0 0 0 0 0 0 0 0 0 0 0 0 0 0 0 0 1 0 0 0 0 0 0 0 0 0 0 0 0 0 0 0 0 0 0 0 0 0 0 0 0 0 0 0 0 0 0 0 0 0 0 0 0 0 0 0 0 0 0 0 0 0 0 0 0 0 0 0 0 0 0 0 0 0 0 0 0 0 0 0 1 0 0 0 0 0 1 1 1 1 1 1 1 1 1 1 1 1 1 1 1 1 1 1 1 1 1 0 0 0 0 0 0 0 0 0 0 0 0 0 0 0 0 0 1 0 0 0 0 0 0 0 0 0 0 0 0 0 0 0 0 0 0 0 0 0 0 0 0 0 0 0 0 0 0 0 0 0 0 0 0 0 0 0 0 0 0 0 0 0 0 0 0 0 0 0 0 0 0 0 0 0 0 0 0 0 0 0 1 0 0 0 0 0 0 0 1 1 1 1 1 1 1 1 1 1 1 1 1 1 1 1 1 1 1 1 1 1 1 1 1 1 1 1 1 1 1 1 1 1 0 0 1 0 0 0 0 0 0 0 0 0 0 0 0 0 0 0 0 0 0 0 0 0 0 0 0 0 0 0 0 0 0 0 0 0 0 0 0 0 0 0 0 0 0 0 0 0 0 0 0 0 0 0 0 0 0 0 0 0 0 0 0 0 0 0 1 0 0 0 0 0 0 0 0 0 0 0 0 0 0 0 0 0 0 0 0 0 0 0 0 0 0 0 0 0 0 0 0 0 0 0 0 0 0 0 0 0 0 0 1 0 0 0 0 0 0 0 0 0 0 0 0 0 0 0 0 0 0 0 0 0 0 0 0 0 0 0 0 0 0 0 0 0 0 0 0 0 0 0 0 0 0 0 0 0 0 0 0 0 0 0 0 0 0 0 0 0 0 0 0 0 0 0 1 0 0 0 0 0 0 0 0 0 0 0 0 0 0 0 0 0 0 0 0 0 0 0 0 0 0 0 0 0 0 0 0 0 0 0 0 0 0 0 0 0 0 0 1 0 0 0 0 0 0 0 0 0 0 0 0 0 0 0 0 0 0 0 0 0 0 0 0 0 0 0 0 0 0 0 0 0 0 0 0 0 0 0 0 0 0 0 0 0 0 0 0 0 0 0 0 0 0 0 0 0 0 0 0 0 0 0 1 1 1 1 1 1 1 1 1 1 1 1 1 1 1 1 1 1 1 1 1 1 1 1 1 1 1 1 1 1 1 1 1 1 1 1 1 1 1 1 1 1 0 0 1 0 0 0 0 0 0 0 0 0 0 0 0 0 0 0 0 0 0 0 0 0 0 0 0 0 0 0 0 0 0 0 0 0 0 0 0 0 0 0 0 0 0 0 0 0 0 0 0 0 0 0 0 0 0 0 0 0 0 0 0 0 0 0 "
}
