{
	"cloneLimit":	3,
	"timeLimit":	100,
	"entities":	[{
			"type":	"toilet",
			"x":	4824,
			"y":	256,
			"facing":	"right"
		}, {
			"type":	"platform",
			"x":	4992,
			"y":	672,
			"name":	"exitPlatform",
			"sx":	4992,
			"sy":	672,
			"ex":	4992,
			"ey":	288,
			"pause":	60,
			"speed":	2,
			"enabled":	0
		}, {
			"type":	"spikes",
			"x":	4992,
			"y":	694
		}, {
			"type":	"spikes",
			"x":	5040,
			"y":	694
		}, {
			"type":	"door",
			"x":	3952,
			"y":	144,
			"name":	"spitterDoor",
			"open":	0
		}, {
			"type":	"spitter",
			"x":	3360,
			"y":	200,
			"facing":	"right",
			"interval":	130,
			"enabled":	1
		}, {
			"type":	"pressurePlate",
			"x":	4656,
			"y":	240,
			"targetName":	"spitterDoor"
		}, {
			"type":	"player",
			"x":	5080,
			"y":	112,
			"facing":	"left"
		}, {
			"type":	"trafficLight",
			"x":	4480,
			"y":	376,
			"targetName":	"exitPlatform",
			"on":	0
		}, {
			"type":	"door",
			"x":	3616,
			"y":	528,
			"open":	0
		}, {
			"type":	"key",
			"x":	2936,
			"y":	320
		}, {
			"type":	"coin",
			"x":	3744,
			"y":	336
		}, {
			"type":	"coin",
			"x":	3784,
			"y":	336
		}, {
			"type":	"coin",
			"x":	3824,
			"y":	336
		}, {
			"type":	"coin",
			"x":	3864,
			"y":	336
		}, {
			"type":	"coin",
			"x":	3904,
			"y":	336
		}, {
			"type":	"coin",
			"x":	3944,
			"y":	336
		}, {
			"type":	"coin",
			"x":	3984,
			"y":	336
		}, {
			"type":	"coin",
			"x":	4024,
			"y":	336
		}, {
			"type":	"coin",
			"x":	4064,
			"y":	336
		}, {
			"type":	"coin",
			"x":	4104,
			"y":	336
		}, {
			"type":	"coin",
			"x":	4144,
			"y":	336
		}, {
			"type":	"coin",
			"x":	4184,
			"y":	336
		}, {
			"type":	"coin",
			"x":	4224,
			"y":	336
		}, {
			"type":	"coin",
			"x":	4264,
			"y":	336
		}, {
			"type":	"coin",
			"x":	4304,
			"y":	336
		}, {
			"type":	"item",
			"x":	3776,
			"y":	64,
			"textureFilename" : "gfx/entities/item15.png"
		}, {
			"type":	"platform",
			"x":	3456,
			"y":	432,
			"name":	"coinPlatform",
			"sx":	3456,
			"sy":	432,
			"ex":	3456,
			"ey":	624,
			"pause":	60,
			"speed":	2,
			"enabled":	0
		}, {
			"type":	"coin",
			"x":	3424,
			"y":	304
		}, {
			"type":	"coin",
			"x":	3552,
			"y":	368
		}, {
			"type":	"coin",
			"x":	3512,
			"y":	368
		}, {
			"type":	"coin",
			"x":	3464,
			"y":	304
		}, {
			"type":	"coin",
			"x":	3448,
			"y":	336
		}, {
			"type":	"coin",
			"x":	3504,
			"y":	304
		}, {
			"type":	"coin",
			"x":	3544,
			"y":	304
		}, {
			"type":	"coin",
			"x":	3424,
			"y":	368
		}, {
			"type":	"coin",
			"x":	3488,
			"y":	336
		}, {
			"type":	"coin",
			"x":	3568,
			"y":	336
		}, {
			"type":	"coin",
			"x":	3528,
			"y":	336
		}, {
			"type":	"coin",
			"x":	3328,
			"y":	392
		}, {
			"type":	"coin",
			"x":	3472,
			"y":	368
		}, {
			"type":	"pressurePlate",
			"x":	3984,
			"y":	672,
			"targetName":	"coinPlatform"
		}, {
			"type":	"spitter",
			"x":	3904,
			"y":	56,
			"facing":	"left",
			"interval":	255,
			"enabled":	1
		}, {
			"type":	"coin",
			"x":	2888,
			"y":	136
		}, {
			"type":	"coin",
			"x":	2856,
			"y":	112
		}, {
			"type":	"coin",
			"x":	2824,
			"y":	96
		}, {
			"type":	"coin",
			"x":	2792,
			"y":	96
		}, {
			"type":	"coin",
			"x":	2792,
			"y":	128
		}, {
			"type":	"coin",
			"x":	2792,
			"y":	160
		}, {
			"type":	"coin",
			"x":	2792,
			"y":	192
		}, {
			"type":	"coin",
			"x":	2792,
			"y":	224
		}, {
			"type":	"coin",
			"x":	2792,
			"y":	256
		}, {
			"type":	"coin",
			"x":	2792,
			"y":	288
		}, {
			"type":	"coin",
			"x":	2792,
			"y":	320
		}, {
			"type":	"coin",
			"x":	2792,
			"y":	352
		}, {
			"type":	"coin",
			"x":	2792,
			"y":	384
		}, {
			"type":	"coin",
			"x":	2792,
			"y":	416
		}, {
			"type":	"coin",
			"x":	2792,
			"y":	448
		}, {
			"type":	"coin",
			"x":	2792,
			"y":	480
		}, {
			"type":	"coin",
			"x":	2792,
			"y":	512
		}, {
			"type":	"coin",
			"x":	2792,
			"y":	544
		}, {
			"type":	"coin",
			"x":	2792,
			"y":	576
		}, {
			"type":	"coin",
			"x":	2792,
			"y":	608
		}],
	"tips":	[],
	"map":	"0 0 0 0 0 0 0 0 0 0 0 0 0 0 0 0 0 0 0 0 0 0 0 0 0 0 0 0 0 0 0 0 0 0 0 0 0 0 0 0 0 0 0 0 0 0 0 0 0 0 0 0 0 0 0 0 0 1 1 1 1 1 1 1 1 1 1 1 1 1 1 1 1 1 1 1 1 1 1 1 1 1 1 1 1 1 1 1 1 1 1 1 1 1 1 1 1 1 1 1 1 1 1 1 1 1 1 1 0 0 0 0 0 0 0 0 0 0 0 0 0 0 0 0 0 0 0 0 0 0 0 0 0 0 0 0 0 0 0 0 0 0 0 0 0 0 0 0 0 0 0 0 0 0 0 0 0 0 0 0 0 0 0 0 0 1 0 0 0 0 0 0 0 0 0 0 0 0 0 0 0 0 0 0 0 0 0 0 0 0 1 0 0 0 0 0 0 0 0 0 0 0 0 0 0 0 0 0 0 0 0 0 0 0 0 1 0 0 0 0 0 0 0 0 0 0 0 0 0 0 0 0 0 0 0 0 0 0 0 0 0 0 0 0 0 0 0 0 0 0 0 0 0 0 0 0 0 0 0 0 0 0 0 0 0 0 0 0 0 0 0 0 0 1 0 0 0 0 0 0 0 0 1 1 1 1 1 1 1 1 1 1 1 1 1 1 1 1 1 0 0 0 0 0 0 0 0 0 0 0 0 0 0 0 0 0 0 0 0 0 0 0 0 1 0 0 0 0 0 0 0 0 0 0 0 0 0 0 0 0 0 0 0 0 0 0 0 0 0 0 0 0 0 0 0 0 0 0 0 0 0 0 0 0 0 0 0 0 0 0 0 0 0 0 0 0 0 0 0 0 0 1 0 0 0 0 0 0 1 0 0 0 0 0 0 0 0 0 0 0 0 0 0 0 0 0 0 0 0 0 0 0 0 0 0 0 0 0 0 0 0 0 0 0 1 1 1 1 1 1 1 1 0 0 0 0 0 0 0 0 0 0 0 0 0 0 0 0 0 0 0 0 0 0 0 0 0 0 0 0 0 0 0 0 0 0 0 0 0 0 0 0 0 0 0 0 0 0 0 0 0 0 0 0 0 0 0 0 0 1 0 0 0 1 0 0 0 0 0 0 0 1 0 0 0 0 0 0 0 0 0 0 0 0 0 0 0 0 0 0 0 0 0 0 0 0 0 0 0 0 0 1 0 0 0 0 0 0 1 1 0 0 0 0 0 0 0 0 0 0 0 0 0 0 0 0 0 0 0 0 0 0 0 0 0 0 0 0 0 0 0 0 0 0 0 0 0 0 0 0 0 0 0 0 0 0 0 0 0 0 0 0 0 0 0 0 0 1 0 0 0 0 0 0 0 0 0 0 1 1 1 1 1 1 1 0 1 1 1 1 1 1 1 1 1 1 1 1 1 1 1 1 1 1 1 1 0 1 1 1 0 0 0 0 0 0 1 1 0 0 0 0 0 0 0 0 0 0 0 0 0 0 0 0 0 0 0 0 0 0 0 0 0 0 0 0 0 0 0 0 0 0 0 0 0 0 0 0 0 0 0 0 0 0 0 0 0 0 0 0 0 0 0 0 0 1 0 1 0 0 0 0 0 0 0 1 1 1 1 0 0 0 0 1 0 0 0 0 0 0 0 0 0 0 0 0 0 0 0 0 0 0 0 1 0 1 1 1 1 1 1 1 0 0 1 1 0 0 0 0 0 0 0 0 0 0 0 0 0 0 0 0 0 0 0 0 0 0 0 0 0 0 0 0 0 0 0 0 0 0 0 0 0 0 0 0 0 0 0 0 0 0 0 0 0 0 0 0 0 0 0 0 0 1 0 0 0 0 0 0 0 0 1 1 1 1 1 0 0 0 0 1 0 0 0 0 0 0 0 0 0 0 0 0 0 0 0 0 0 0 0 1 0 1 1 1 1 1 1 1 0 0 1 1 0 0 0 0 0 0 0 0 0 0 0 0 0 0 0 0 0 0 0 0 0 0 0 0 0 0 0 0 0 0 0 0 0 0 0 0 0 0 0 0 0 0 0 0 0 0 0 0 0 0 0 0 0 0 0 0 0 1 0 0 0 1 0 0 0 1 1 1 1 0 0 0 0 0 0 1 0 0 1 1 1 1 1 1 1 1 1 1 1 1 1 0 0 0 0 1 0 1 1 1 1 1 1 1 0 0 1 1 0 0 0 0 0 0 0 0 0 0 0 0 0 0 0 0 0 0 0 0 0 0 0 0 0 0 0 0 0 0 0 0 0 0 0 0 0 0 0 0 0 0 0 0 0 0 0 0 0 0 0 0 0 0 0 0 0 1 0 0 0 0 0 0 1 1 1 1 1 1 1 0 0 0 0 1 0 0 0 0 0 0 0 1 1 1 1 1 1 1 1 0 0 1 0 1 0 1 1 1 1 1 1 1 0 0 1 1 0 0 0 0 0 0 0 0 0 0 0 0 0 0 0 0 0 0 0 0 0 0 0 0 0 0 0 0 0 0 0 0 0 0 0 0 0 0 0 0 0 0 0 0 0 0 0 0 0 0 0 0 0 0 0 0 0 1 0 0 0 0 0 0 1 1 1 1 1 1 1 0 0 0 0 1 0 0 0 0 0 0 0 0 0 0 0 0 0 0 0 0 0 0 0 1 0 1 1 1 1 1 1 1 0 0 1 1 0 0 0 0 0 0 0 0 0 0 0 0 0 0 0 0 0 0 0 0 0 0 0 0 0 0 0 0 0 0 0 0 0 0 0 0 0 0 0 0 0 0 0 0 0 0 0 0 0 0 0 0 0 0 0 0 0 1 0 0 0 0 0 0 1 1 1 0 0 0 0 0 0 0 0 0 0 0 1 1 1 1 1 1 1 1 1 1 1 1 1 0 0 0 1 1 0 1 1 1 1 1 1 1 0 0 1 1 0 0 0 0 0 0 0 0 0 0 0 0 0 0 0 0 0 0 0 0 0 0 0 0 0 0 0 0 0 0 0 0 0 0 0 0 0 0 0 0 0 0 0 0 0 0 0 0 0 0 0 0 0 0 0 0 0 1 0 0 0 0 0 0 1 1 1 0 0 0 0 0 0 0 0 0 0 1 1 1 1 1 1 0 0 0 0 0 0 0 0 0 0 0 1 1 0 0 0 0 0 0 0 0 0 0 1 1 0 0 0 0 0 0 0 0 0 0 0 0 0 0 0 0 0 0 0 0 0 0 0 0 0 0 0 0 0 0 0 0 0 0 0 0 0 0 0 0 0 0 0 0 0 0 0 0 0 0 0 0 0 0 0 0 0 1 0 0 0 0 0 0 0 0 0 0 0 0 0 0 0 0 0 1 1 1 1 1 1 1 1 0 0 0 0 0 0 0 0 0 0 1 1 1 0 0 0 0 0 0 0 0 0 0 1 1 0 0 0 0 0 0 0 0 0 0 0 0 0 0 0 0 0 0 0 0 0 0 0 0 0 0 0 0 0 0 0 0 0 0 0 0 0 0 0 0 0 0 0 0 0 0 0 0 0 0 0 0 0 0 0 0 0 1 1 1 1 1 1 1 1 1 1 1 1 1 1 1 1 1 1 1 1 1 1 1 1 1 1 1 1 1 1 1 1 1 1 1 1 1 1 1 1 1 1 1 1 1 1 1 0 0 1 1 "
}
