{
	"cloneLimit":	0,
	"timeLimit":	30,
	"entities":	[{
			"type":	"spikes",
			"x":	1440,
			"y":	646
		}, {
			"type":	"spikes",
			"x":	1488,
			"y":	646
		}, {
			"type":	"spikes",
			"x":	1536,
			"y":	646
		}, {
			"type":	"spikes",
			"x":	1584,
			"y":	646
		}, {
			"type":	"spikes",
			"x":	1632,
			"y":	646
		}, {
			"type":	"spikes",
			"x":	1680,
			"y":	646
		}, {
			"type":	"spikes",
			"x":	1728,
			"y":	646
		}, {
			"type":	"spikes",
			"x":	1776,
			"y":	646
		}, {
			"type":	"spikes",
			"x":	1824,
			"y":	646
		}, {
			"type":	"plunger",
			"x":	1880,
			"y":	120
		}, {
			"type":	"coin",
			"x":	56,
			"y":	56
		}, {
			"type":	"coin",
			"x":	88,
			"y":	56
		}, {
			"type":	"coin",
			"x":	120,
			"y":	56
		}, {
			"type":	"coin",
			"x":	152,
			"y":	56
		}, {
			"type":	"coin",
			"x":	152,
			"y":	88
		}, {
			"type":	"coin",
			"x":	120,
			"y":	88
		}, {
			"type":	"coin",
			"x":	88,
			"y":	88
		}, {
			"type":	"coin",
			"x":	56,
			"y":	88
		}, {
			"type":	"coin",
			"x":	56,
			"y":	120
		}, {
			"type":	"coin",
			"x":	88,
			"y":	120
		}, {
			"type":	"coin",
			"x":	120,
			"y":	120
		}, {
			"type":	"coin",
			"x":	152,
			"y":	120
		}, {
			"type":	"coin",
			"x":	152,
			"y":	152
		}, {
			"type":	"coin",
			"x":	120,
			"y":	152
		}, {
			"type":	"coin",
			"x":	88,
			"y":	152
		}, {
			"type":	"coin",
			"x":	56,
			"y":	152
		}, {
			"type":	"door",
			"x":	352,
			"y":	576,
			"name":	"door",
			"open":	0
		}, {
			"type":	"trafficLight",
			"x":	64,
			"y":	424,
			"targetName":	"door",
			"on":	0
		}, {
			"type":	"toilet",
			"x":	544,
			"y":	448,
			"facing":	"right",
			"requiresPlunger":	1
		}, {
			"type":	"platform",
			"x":	1440,
			"y":	576,
			"sx":	1440,
			"sy":	576,
			"ex":	1440,
			"ey":	192,
			"pause":	60,
			"speed":	2,
			"enabled":	1
		}, {
			"type":	"player",
			"x":	1888,
			"y":	592,
			"facing":	"left"
		}, {
			"type":	"coin",
			"x":	1600,
			"y":	256
		}, {
			"type":	"coin",
			"x":	1600,
			"y":	288
		}, {
			"type":	"coin",
			"x":	1600,
			"y":	320
		}, {
			"type":	"coin",
			"x":	1600,
			"y":	352
		}, {
			"type":	"coin",
			"x":	1600,
			"y":	384
		}, {
			"type":	"coin",
			"x":	1600,
			"y":	416
		}, {
			"type":	"coin",
			"x":	1600,
			"y":	448
		}, {
			"type":	"coin",
			"x":	1600,
			"y":	480
		}, {
			"type":	"coin",
			"x":	1600,
			"y":	512
		}, {
			"type":	"coin",
			"x":	1600,
			"y":	544
		}],
	"tips":	[],
	"map":	"1 1 1 1 1 1 1 1 1 1 1 1 1 1 1 1 1 1 1 1 1 1 1 1 1 1 1 1 1 1 1 1 1 1 1 1 1 1 1 1 1 0 0 0 0 0 0 0 0 0 0 0 0 0 0 0 0 0 0 0 0 0 0 0 0 0 0 0 0 0 0 0 0 0 0 0 0 0 0 0 0 0 0 0 0 0 0 0 0 0 0 0 0 0 0 0 0 0 0 0 0 0 0 0 0 0 0 0 1 0 0 0 0 0 0 0 0 0 0 0 0 0 0 0 0 0 0 0 0 0 0 0 0 0 0 0 0 0 0 0 0 0 0 0 0 0 0 0 1 0 0 0 0 0 0 0 0 0 0 0 0 0 0 0 0 0 0 0 0 0 0 0 0 0 0 0 0 0 0 0 0 0 0 0 0 0 0 0 0 0 0 0 0 0 0 0 0 0 0 0 0 0 0 0 0 0 0 0 0 0 0 0 0 0 0 0 1 0 0 0 0 0 0 0 0 0 0 0 0 0 0 0 0 0 0 0 0 0 0 0 0 0 0 0 0 0 0 0 0 0 0 0 0 0 0 0 1 0 0 0 0 0 0 0 0 0 0 0 0 0 0 0 0 0 0 0 0 0 0 0 0 0 0 0 0 0 0 0 0 0 0 0 0 0 0 0 0 0 0 0 0 0 0 0 0 0 0 0 0 0 0 0 0 0 0 0 0 0 0 0 0 0 0 0 1 0 0 0 0 0 0 0 0 0 0 0 0 0 0 0 0 0 0 0 0 0 0 0 0 0 0 0 0 0 0 0 0 0 0 0 0 0 0 0 1 0 0 0 0 0 0 0 0 0 0 0 0 0 0 0 0 0 0 0 0 0 0 0 0 0 0 0 0 0 0 0 0 0 0 0 0 0 0 0 0 0 0 0 0 0 0 0 0 0 0 0 0 0 0 0 0 0 0 0 0 0 0 0 0 0 0 0 1 1 0 0 0 0 0 0 0 0 0 0 0 0 0 1 1 1 1 1 1 1 1 1 1 1 1 1 1 1 0 0 0 0 0 0 0 0 0 1 1 0 0 0 0 0 0 0 0 0 0 0 0 0 0 0 0 0 0 0 0 0 0 0 0 0 0 0 0 0 0 0 0 0 0 0 0 0 0 0 0 0 0 0 0 0 0 0 0 0 0 0 0 0 0 0 0 0 0 0 0 0 0 0 0 0 0 0 1 0 0 1 0 0 0 1 0 0 0 0 0 1 1 1 1 1 1 1 1 1 1 1 1 1 1 1 1 1 0 0 1 0 0 0 1 0 0 0 1 0 0 0 0 0 0 0 0 0 0 0 0 0 0 0 0 0 0 0 0 0 0 0 0 0 0 0 0 0 0 0 0 0 0 0 0 0 0 0 0 0 0 0 0 0 0 0 0 0 0 0 0 0 0 0 0 0 0 0 0 0 0 0 0 0 0 0 1 0 0 0 0 0 0 0 0 0 0 0 1 1 1 1 1 1 0 0 0 0 0 0 0 0 0 1 1 1 0 0 1 0 0 0 0 0 0 0 1 0 0 0 0 0 0 0 0 0 0 0 0 0 0 0 0 0 0 0 0 0 0 0 0 0 0 0 0 0 0 0 0 0 0 0 0 0 0 0 0 0 0 0 0 0 0 0 0 0 0 0 0 0 0 0 0 0 0 0 0 0 0 0 0 0 0 0 1 0 0 0 0 0 0 0 1 1 1 1 1 1 1 1 1 0 0 0 0 0 0 0 0 0 0 0 1 1 0 0 1 0 0 0 0 0 0 0 1 0 0 0 0 0 0 0 0 0 0 0 0 0 0 0 0 0 0 0 0 0 0 0 0 0 0 0 0 0 0 0 0 0 0 0 0 0 0 0 0 0 0 0 0 0 0 0 0 0 0 0 0 0 0 0 0 0 0 0 0 0 0 0 0 0 0 0 1 0 0 0 0 0 0 1 1 1 1 0 0 0 0 0 0 0 0 0 0 0 0 0 0 0 0 0 1 1 0 0 1 0 0 0 0 0 0 0 1 0 0 0 0 0 0 0 0 0 0 0 0 0 0 0 0 0 0 0 0 0 0 0 0 0 0 0 0 0 0 0 0 0 0 0 0 0 0 0 0 0 0 0 0 0 0 0 0 0 0 0 0 0 0 0 0 0 0 0 0 0 0 0 0 0 0 0 1 0 0 0 0 0 0 1 1 1 1 0 0 0 0 0 0 0 0 0 0 0 0 0 0 0 0 0 1 1 0 0 1 0 0 0 0 0 0 0 1 0 0 0 0 0 0 0 0 0 0 0 0 0 0 0 0 0 0 0 0 0 0 0 0 0 0 0 0 0 0 0 0 0 0 0 0 0 0 0 0 0 0 0 0 0 0 0 0 0 0 0 0 0 0 0 0 0 0 0 0 0 0 0 0 0 0 0 1 1 0 0 0 0 0 1 1 1 1 1 1 1 1 1 1 1 1 0 0 0 1 0 0 0 0 0 1 1 0 0 0 0 0 0 0 0 0 0 1 0 0 0 0 0 0 0 0 0 0 0 0 0 0 0 0 0 0 0 0 0 0 0 0 0 0 0 0 0 0 0 0 0 0 0 0 0 0 0 0 0 0 0 0 0 0 0 0 0 0 0 0 0 0 0 0 0 0 0 0 0 0 0 0 0 0 0 1 1 1 0 0 0 0 1 1 1 1 1 1 1 1 1 1 1 0 0 0 0 0 0 0 1 0 0 1 1 0 0 0 0 0 0 0 0 0 0 1 0 0 0 0 0 0 0 0 0 0 0 0 0 0 0 0 0 0 0 0 0 0 0 0 0 0 0 0 0 0 0 0 0 0 0 0 0 0 0 0 0 0 0 0 0 0 0 0 0 0 0 0 0 0 0 0 0 0 0 0 0 0 0 0 0 0 0 1 1 1 1 0 0 0 0 0 0 0 0 0 0 0 0 0 0 0 0 0 0 0 0 0 0 0 0 1 1 0 0 1 1 0 0 1 0 0 0 1 0 0 0 0 0 0 0 0 0 0 0 0 0 0 0 0 0 0 0 0 0 0 0 0 0 0 0 0 0 0 0 0 0 0 0 0 0 0 0 0 0 0 0 0 0 0 0 0 0 0 0 0 0 0 0 0 0 0 0 0 0 0 0 0 0 0 0 1 1 1 1 1 0 0 0 0 0 0 0 0 0 0 0 0 0 0 0 0 0 0 0 0 0 1 1 1 1 0 0 0 0 0 0 0 0 0 1 1 0 0 0 0 0 0 0 0 0 0 0 0 0 0 0 0 0 0 0 0 0 0 0 0 0 0 0 0 0 0 0 0 0 0 0 0 0 0 0 0 0 0 0 0 0 0 0 0 0 0 0 0 0 0 0 0 0 0 0 0 0 0 0 0 0 0 0 1 1 1 1 1 1 1 1 1 1 1 1 1 1 1 1 1 1 1 1 1 1 1 1 1 1 1 1 1 1 1 1 1 1 1 1 1 1 1 1 1 0 0 0 0 0 0 0 0 0 0 0 0 0 0 0 0 0 0 0 0 0 0 0 0 0 0 0 0 0 0 0 0 0 0 0 0 0 0 0 0 0 0 0 0 0 0 0 0 0 0 0 0 0 0 0 0 0 0 0 0 0 0 0 0 0 0 0 "
}
