{
	"cloneLimit":	4,
	"timeLimit":	75,
	"entities":	[{
			"type":	"pressurePlate",
			"x":	64,
			"y":	672,
			"targetName":	"tfDoor1"
		}, {
			"type":	"pressurePlate",
			"x":	576,
			"y":	672,
			"targetName":	"tfDoor2"
		}, {
			"type":	"pressurePlate",
			"x":	856,
			"y":	336,
			"targetName":	"tfDoor3"
		}, {
			"type":	"door",
			"x":	160,
			"y":	96,
			"name":	"tfDoor1",
			"open":	0
		}, {
			"type":	"door",
			"x":	304,
			"y":	96,
			"name":	"tfDoor2",
			"open":	0
		}, {
			"type":	"door",
			"x":	448,
			"y":	96,
			"name":	"tfDoor3",
			"open":	0
		}, {
			"type":	"platform",
			"x":	408,
			"y":	336,
			"sx":	408,
			"sy":	336,
			"ex":	408,
			"ey":	528,
			"pause":	30,
			"speed":	2,
			"enabled":	1
		}, {
			"type":	"trafficLight",
			"x":	88,
			"y":	136,
			"targetName":	"spitters",
			"on":	0
		}, {
			"type":	"platform",
			"x":	576,
			"y":	624,
			"sx":	576,
			"sy":	624,
			"ex":	576,
			"ey":	192,
			"pause":	30,
			"speed":	2,
			"enabled":	1
		}, {
			"type":	"platform",
			"x":	1008,
			"y":	336,
			"sx":	1008,
			"sy":	336,
			"ex":	1008,
			"ey":	576,
			"pause":	30,
			"speed":	2,
			"enabled":	1
		}, {
			"type":	"spitter",
			"x":	816,
			"y":	152,
			"name":	"spitters",
			"facing":	"right",
			"interval":	15,
			"enabled":	1
		}, {
			"type":	"spitter",
			"x":	1152,
			"y":	632,
			"name":	"spitters",
			"facing":	"right",
			"interval":	90,
			"enabled":	0
		}, {
			"type":	"toilet",
			"x":	1344,
			"y":	640,
			"facing":	"left"
		}, {
			"type":	"item",
			"x":	1344,
			"y":	96,
			"textureFilename" : "gfx/entities/item16.png"
		}, {
			"type":	"door",
			"x":	328,
			"y":	288,
			"name":	"spitters",
			"open":	0
		}, {
			"type":	"door",
			"x":	184,
			"y":	288,
			"open":	1,
			"name": "spitters"
		}, {
			"type":	"coin",
			"x":	216,
			"y":	344
		}, {
			"type":	"coin",
			"x":	256,
			"y":	344
		}, {
			"type":	"coin",
			"x":	296,
			"y":	344
		}, {
			"type":	"coin",
			"x":	216,
			"y":	312
		}, {
			"type":	"coin",
			"x":	256,
			"y":	312
		}, {
			"type":	"coin",
			"x":	296,
			"y":	312
		}, {
			"type":	"coin",
			"x":	72,
			"y":	304
		}, {
			"type":	"coin",
			"x":	104,
			"y":	304
		}, {
			"type":	"coin",
			"x":	136,
			"y":	344
		}, {
			"type":	"coin",
			"x":	104,
			"y":	344
		}, {
			"type":	"coin",
			"x":	136,
			"y":	304
		}, {
			"type":	"coin",
			"x":	72,
			"y":	344
		}, {
			"type":	"coin",
			"x":	1304,
			"y":	208
		}, {
			"type":	"coin",
			"x":	1304,
			"y":	248
		}, {
			"type":	"coin",
			"x":	1256,
			"y":	296
		}, {
			"type":	"coin",
			"x":	1256,
			"y":	336
		}, {
			"type":	"coin",
			"x":	368,
			"y":	64
		}, {
			"type":	"coin",
			"x":	224,
			"y":	64
		}, {
			"type":	"player",
			"x":	96,
			"y":	640,
			"facing":	"right"
		}],
	"tips":	[],
	"map":	"1 1 1 1 1 1 1 1 1 1 1 1 1 1 1 1 1 1 1 1 1 1 1 1 1 1 1 1 1 1 1 1 1 1 0 0 0 0 0 0 0 0 0 0 0 0 0 0 0 0 0 0 0 0 0 0 0 0 0 0 0 0 0 0 0 0 0 0 0 0 0 0 0 0 0 0 0 0 0 0 0 0 0 0 0 0 0 0 0 0 0 0 0 0 0 0 0 0 0 0 0 0 0 0 0 0 0 0 1 0 0 1 0 0 1 0 0 1 0 0 0 0 0 0 0 0 0 0 0 0 0 0 0 0 1 0 0 0 0 0 0 1 0 0 0 0 0 0 0 0 0 0 0 0 0 0 0 0 0 0 0 0 0 0 0 0 0 0 0 0 0 0 0 0 0 0 0 0 0 0 0 0 0 0 0 0 0 0 0 0 0 0 0 0 0 0 0 0 0 0 0 0 0 0 0 0 0 0 0 0 0 0 0 0 0 0 1 0 0 0 0 0 0 0 0 0 0 0 0 0 0 0 0 0 0 0 0 0 0 0 0 0 1 0 0 0 0 0 0 1 0 0 0 0 0 0 0 0 0 0 0 0 0 0 0 0 0 0 0 0 0 0 0 0 0 0 0 0 0 0 0 0 0 0 0 0 0 0 0 0 0 0 0 0 0 0 0 0 0 0 0 0 0 0 0 0 0 0 0 0 0 0 0 0 0 0 0 0 0 0 0 0 0 0 1 0 0 0 0 0 0 0 0 0 0 0 0 0 1 1 1 0 0 0 0 0 0 0 0 0 1 1 1 1 0 0 0 1 0 0 0 0 0 0 0 0 0 0 0 0 0 0 0 0 0 0 0 0 0 0 0 0 0 0 0 0 0 0 0 0 0 0 0 0 0 0 0 0 0 0 0 0 0 0 0 0 0 0 0 0 0 0 0 0 0 0 0 0 0 0 0 0 0 0 0 0 0 0 0 0 0 0 1 1 1 1 1 1 1 1 1 1 1 1 0 0 1 1 1 1 1 1 1 1 1 1 0 0 0 0 1 1 1 0 0 1 0 0 0 0 0 0 0 0 0 0 0 0 0 0 0 0 0 0 0 0 0 0 0 0 0 0 0 0 0 0 0 0 0 0 0 0 0 0 0 0 0 0 0 0 0 0 0 0 0 0 0 0 0 0 0 0 0 0 0 0 0 0 0 0 0 0 0 0 0 0 0 0 0 0 1 0 0 1 1 0 1 1 0 0 0 0 0 0 1 1 1 0 0 0 0 0 0 1 0 0 0 0 1 1 1 0 1 1 0 0 0 0 0 0 0 0 0 0 0 0 0 0 0 0 0 0 0 0 0 0 0 0 0 0 0 0 0 0 0 0 0 0 0 0 0 0 0 0 0 0 0 0 0 0 0 0 0 0 0 0 0 0 0 0 0 0 0 0 0 0 0 0 0 0 0 0 0 0 0 0 0 0 1 0 0 0 0 0 0 0 0 0 0 0 0 0 1 1 1 0 0 0 0 0 0 1 0 0 0 1 1 1 1 0 0 1 0 0 0 0 0 0 0 0 0 0 0 0 0 0 0 0 0 0 0 0 0 0 0 0 0 0 0 0 0 0 0 0 0 0 0 0 0 0 0 0 0 0 0 0 0 0 0 0 0 0 0 0 0 0 0 0 0 0 0 0 0 0 0 0 0 0 0 0 0 0 0 0 0 0 1 0 0 0 0 0 0 0 0 0 0 1 0 0 1 1 1 1 1 1 1 0 0 1 0 0 0 1 1 1 1 1 0 1 0 0 0 0 0 0 0 0 0 0 0 0 0 0 0 0 0 0 0 0 0 0 0 0 0 0 0 0 0 0 0 0 0 0 0 0 0 0 0 0 0 0 0 0 0 0 0 0 0 0 0 0 0 0 0 0 0 0 0 0 0 0 0 0 0 0 0 0 0 0 0 0 0 0 1 1 1 1 1 1 1 1 0 0 0 1 0 0 1 1 1 1 1 1 1 0 0 1 0 0 1 1 1 1 1 0 0 1 0 0 0 0 0 0 0 0 0 0 0 0 0 0 0 0 0 0 0 0 0 0 0 0 0 0 0 0 0 0 0 0 0 0 0 0 0 0 0 0 0 0 0 0 0 0 0 0 0 0 0 0 0 0 0 0 0 0 0 0 0 0 0 0 0 0 0 0 0 0 0 0 0 0 1 0 0 0 0 0 0 0 0 0 0 1 0 0 1 1 1 1 1 1 1 0 0 1 0 0 1 1 1 1 1 0 1 1 0 0 0 0 0 0 0 0 0 0 0 0 0 0 0 0 0 0 0 0 0 0 0 0 0 0 0 0 0 0 0 0 0 0 0 0 0 0 0 0 0 0 0 0 0 0 0 0 0 0 0 0 0 0 0 0 0 0 0 0 0 0 0 0 0 0 0 0 0 0 0 0 0 0 1 0 0 0 0 0 0 0 0 0 0 1 0 0 1 1 1 1 1 1 0 0 0 1 0 0 1 1 1 1 1 0 0 1 0 0 0 0 0 0 0 0 0 0 0 0 0 0 0 0 0 0 0 0 0 0 0 0 0 0 0 0 0 0 0 0 0 0 0 0 0 0 0 0 0 0 0 0 0 0 0 0 0 0 0 0 0 0 0 0 0 0 0 0 0 0 0 0 0 0 0 0 0 0 0 0 0 0 1 0 0 0 0 0 0 0 0 0 0 1 0 0 0 0 0 0 0 0 0 0 0 1 0 0 1 0 0 1 0 1 0 1 0 0 0 0 0 0 0 0 0 0 0 0 0 0 0 0 0 0 0 0 0 0 0 0 0 0 0 0 0 0 0 0 0 0 0 0 0 0 0 0 0 0 0 0 0 0 0 0 0 0 0 0 0 0 0 0 0 0 0 0 0 0 0 0 0 0 0 0 0 0 0 0 0 0 1 0 0 0 0 0 0 1 1 1 1 1 0 0 0 0 0 0 0 0 0 0 0 1 0 0 0 0 0 0 0 0 0 1 0 0 0 0 0 0 0 0 0 0 0 0 0 0 0 0 0 0 0 0 0 0 0 0 0 0 0 0 0 0 0 0 0 0 0 0 0 0 0 0 0 0 0 0 0 0 0 0 0 0 0 0 0 0 0 0 0 0 0 0 0 0 0 0 0 0 0 0 0 0 0 0 0 0 1 0 0 0 1 1 1 1 1 1 1 1 0 0 1 1 1 1 1 1 1 1 1 1 0 0 0 0 0 0 0 0 1 1 0 0 0 0 0 0 0 0 0 0 0 0 0 0 0 0 0 0 0 0 0 0 0 0 0 0 0 0 0 0 0 0 0 0 0 0 0 0 0 0 0 0 0 0 0 0 0 0 0 0 0 0 0 0 0 0 0 0 0 0 0 0 0 0 0 0 0 0 0 0 0 0 0 0 1 1 1 1 1 1 1 1 1 1 1 1 1 1 1 1 1 1 1 1 1 1 1 1 1 1 1 1 1 1 1 1 1 1 0 0 0 0 0 0 0 0 0 0 0 0 0 0 0 0 0 0 0 0 0 0 0 0 0 0 0 0 0 0 0 0 0 0 0 0 0 0 0 0 0 0 0 0 0 0 0 0 0 0 0 0 0 0 0 0 0 0 0 0 0 0 0 0 0 0 0 0 0 0 0 0 0 0 "
}
