{
	"cloneLimit":	1,
	"timeLimit":	65,
	"entities":	[{
			"type":	"toilet",
			"x":	1488,
			"y":	208,
			"facing":	"left"
		}, {
			"type":	"door",
			"x":	1360,
			"y":	144,
			"name":	"exitDoor",
			"open":	0
		}, {
			"type":	"door",
			"x":	496,
			"y":	528,
			"name":	"door1",
			"open":	0
		}, {
			"type":	"door",
			"x":	784,
			"y":	528,
			"name":	"door2",
			"open":	0
		}, {
			"type":	"door",
			"x":	1072,
			"y":	528,
			"name":	"door3",
			"open":	0
		}, {
			"type":	"pressurePlate",
			"x":	1344,
			"y":	672,
			"targetName":	"exitDoor"
		}, {
			"type":	"pressurePlate",
			"x":	424,
			"y":	144,
			"targetName":	"door1"
		}, {
			"type":	"pressurePlate",
			"x":	752,
			"y":	240,
			"targetName":	"door2"
		}, {
			"type":	"pressurePlate",
			"x":	1032,
			"y":	240,
			"targetName":	"door3"
		}, {
			"type":	"spikes",
			"x":	48,
			"y":	696
		}, {
			"type":	"spikes",
			"x":	96,
			"y":	696
		}, {
			"type":	"spikes",
			"x":	144,
			"y":	696
		}, {
			"type":	"spikes",
			"x":	192,
			"y":	696
		}, {
			"type":	"spikes",
			"x":	240,
			"y":	696
		}, {
			"type":	"spikes",
			"x":	288,
			"y":	696
		}, {
			"type":	"spikes",
			"x":	336,
			"y":	696
		}, {
			"type":	"spikes",
			"x":	384,
			"y":	696
		}, {
			"type":	"spikes",
			"x":	432,
			"y":	696
		}, {
			"type":	"spikes",
			"x":	528,
			"y":	696
		}, {
			"type":	"spikes",
			"x":	576,
			"y":	696
		}, {
			"type":	"spikes",
			"x":	624,
			"y":	696
		}, {
			"type":	"spikes",
			"x":	672,
			"y":	696
		}, {
			"type":	"spikes",
			"x":	720,
			"y":	696
		}, {
			"type":	"spikes",
			"x":	816,
			"y":	696
		}, {
			"type":	"spikes",
			"x":	864,
			"y":	696
		}, {
			"type":	"spikes",
			"x":	912,
			"y":	696
		}, {
			"type":	"spikes",
			"x":	960,
			"y":	696
		}, {
			"type":	"spikes",
			"x":	1008,
			"y":	696
		}, {
			"type":	"spikes",
			"x":	1104,
			"y":	696
		}, {
			"type":	"spikes",
			"x":	1152,
			"y":	696
		}, {
			"type":	"spikes",
			"x":	1200,
			"y":	696
		}, {
			"type":	"spikes",
			"x":	1248,
			"y":	696
		}, {
			"type":	"spikes",
			"x":	1296,
			"y":	696
		}, {
			"type":	"trafficLight",
			"x":	192,
			"y":	88,
			"targetName":	"platform",
			"on":	0
		}, {
			"type":	"platform",
			"x":	48,
			"y":	592,
			"name":	"platform",
			"sx":	48,
			"sy":	592,
			"ex":	1464,
			"ey":	592,
			"pause":	0,
			"speed":	2,
			"enabled":	0
		}, {
			"type":	"coin",
			"x":	1496,
			"y":	360
		}, {
			"type":	"coin",
			"x":	1496,
			"y":	392
		}, {
			"type":	"coin",
			"x":	1496,
			"y":	424
		}, {
			"type":	"coin",
			"x":	1496,
			"y":	456
		}, {
			"type":	"coin",
			"x":	1496,
			"y":	488
		}, {
			"type":	"coin",
			"x":	1496,
			"y":	520
		}, {
			"type":	"coin",
			"x":	1496,
			"y":	552
		}, {
			"type":	"coin",
			"x":	1496,
			"y":	584
		}, {
			"type":	"coin",
			"x":	1464,
			"y":	584
		}, {
			"type":	"coin",
			"x":	1432,
			"y":	584
		}, {
			"type":	"spitter",
			"x":	1408,
			"y":	344,
			"facing":	"left",
			"interval":	60,
			"enabled":	1
		}, {
			"type":	"pushBlock",
			"x":	264,
			"y":	88
		}, {
			"type":	"player",
			"x":	960,
			"y":	200,
			"facing":	"left"
		}, {
			"type":	"coin",
			"x":	1400,
			"y":	584
		}, {
			"type":	"coin",
			"x":	1368,
			"y":	584
		}, {
			"type":	"coin",
			"x":	1336,
			"y":	584
		}, {
			"type":	"coin",
			"x":	1400,
			"y":	552
		}, {
			"type":	"coin",
			"x":	1368,
			"y":	552
		}, {
			"type":	"coin",
			"x":	1336,
			"y":	552
		}, {
			"type":	"coin",
			"x":	1336,
			"y":	520
		}, {
			"type":	"coin",
			"x":	1368,
			"y":	520
		}, {
			"type":	"coin",
			"x":	1400,
			"y":	520
		}, {
			"type":	"coin",
			"x":	1400,
			"y":	488
		}, {
			"type":	"coin",
			"x":	1368,
			"y":	488
		}, {
			"type":	"coin",
			"x":	1336,
			"y":	488
		}],
	"tips":	[],
	"map":	"1 1 1 1 1 1 1 1 1 1 1 1 1 1 1 1 1 1 1 1 1 1 1 1 1 1 1 1 1 1 1 1 1 0 0 0 0 0 0 0 0 0 0 0 0 0 0 0 0 0 0 0 0 0 0 0 0 0 0 0 0 0 0 0 0 0 0 0 0 0 0 0 0 0 0 0 0 0 0 0 0 0 0 0 0 0 0 0 0 0 0 0 0 0 0 0 0 0 0 0 0 0 0 0 0 0 0 0 1 0 0 0 0 0 0 0 0 0 0 0 0 0 0 0 0 0 0 0 0 0 0 0 0 0 0 0 1 0 0 1 1 0 0 0 0 0 0 0 0 0 0 0 0 0 0 0 0 0 0 0 0 0 0 0 0 0 0 0 0 0 0 0 0 0 0 0 0 0 0 0 0 0 0 0 0 0 0 0 0 0 0 0 0 0 0 0 0 0 0 0 0 0 0 0 0 0 0 0 0 0 0 0 0 0 0 0 1 0 0 0 0 0 0 0 0 0 0 0 0 0 0 0 0 0 0 0 0 0 0 0 0 0 0 0 1 0 0 1 1 0 0 0 0 0 0 0 0 0 0 0 0 0 0 0 0 0 0 0 0 0 0 0 0 0 0 0 0 0 0 0 0 0 0 0 0 0 0 0 0 0 0 0 0 0 0 0 0 0 0 0 0 0 0 0 0 0 0 0 0 0 0 0 0 0 0 0 0 0 0 0 0 0 0 0 1 0 0 1 1 1 1 1 1 1 1 0 0 0 0 0 0 0 0 0 0 0 0 0 0 0 0 0 0 0 0 0 1 0 0 0 0 0 0 0 0 0 0 0 0 0 0 0 0 0 0 0 0 0 0 0 0 0 0 0 0 0 0 0 0 0 0 0 0 0 0 0 0 0 0 0 0 0 0 0 0 0 0 0 0 0 0 0 0 0 0 0 0 0 0 0 0 0 0 0 0 0 0 0 0 0 0 0 1 0 0 1 0 0 0 0 0 0 1 1 0 0 0 0 0 0 0 0 0 0 0 0 0 0 0 0 0 0 0 0 1 0 0 0 0 0 0 0 0 0 0 0 0 0 0 0 0 0 0 0 0 0 0 0 0 0 0 0 0 0 0 0 0 0 0 0 0 0 0 0 0 0 0 0 0 0 0 0 0 0 0 0 0 0 0 0 0 0 0 0 0 0 0 0 0 0 0 0 0 0 0 0 0 0 0 0 1 0 0 0 0 0 0 0 0 0 0 1 1 1 1 1 1 1 1 1 1 1 1 1 1 1 1 1 1 1 1 1 1 0 0 0 0 0 0 0 0 0 0 0 0 0 0 0 0 0 0 0 0 0 0 0 0 0 0 0 0 0 0 0 0 0 0 0 0 0 0 0 0 0 0 0 0 0 0 0 0 0 0 0 0 0 0 0 0 0 0 0 0 0 0 0 0 0 0 0 0 0 0 0 0 0 0 0 1 0 0 1 1 1 0 0 0 0 0 0 0 0 0 0 0 0 0 0 0 0 0 0 0 0 0 0 0 0 0 0 1 0 0 0 0 0 0 0 0 0 0 0 0 0 0 0 0 0 0 0 0 0 0 0 0 0 0 0 0 0 0 0 0 0 0 0 0 0 0 0 0 0 0 0 0 0 0 0 0 0 0 0 0 0 0 0 0 0 0 0 0 0 0 0 0 0 0 0 0 0 0 0 0 0 0 0 1 0 0 1 1 1 1 1 0 0 0 0 0 0 0 0 0 0 0 0 0 0 0 0 0 0 0 0 0 0 1 0 1 0 0 0 0 0 0 0 0 0 0 0 0 0 0 0 0 0 0 0 0 0 0 0 0 0 0 0 0 0 0 0 0 0 0 0 0 0 0 0 0 0 0 0 0 0 0 0 0 0 0 0 0 0 0 0 0 0 0 0 0 0 0 0 0 0 0 0 0 0 0 0 0 0 0 0 1 0 0 1 1 1 1 1 1 1 0 1 1 0 1 1 0 1 1 0 1 1 0 1 1 0 1 1 0 1 1 0 1 0 0 0 0 0 0 0 0 0 0 0 0 0 0 0 0 0 0 0 0 0 0 0 0 0 0 0 0 0 0 0 0 0 0 0 0 0 0 0 0 0 0 0 0 0 0 0 0 0 0 0 0 0 0 0 0 0 0 0 0 0 0 0 0 0 0 0 0 0 0 0 0 0 0 0 1 0 0 1 1 1 1 1 1 1 1 1 1 1 1 1 1 1 1 1 1 1 1 1 1 1 1 1 1 1 1 0 1 0 0 0 0 0 0 0 0 0 0 0 0 0 0 0 0 0 0 0 0 0 0 0 0 0 0 0 0 0 0 0 0 0 0 0 0 0 0 0 0 0 0 0 0 0 0 0 0 0 0 0 0 0 0 0 0 0 0 0 0 0 0 0 0 0 0 0 0 0 0 0 0 0 0 0 1 0 0 0 0 0 0 0 0 0 1 0 0 0 0 0 1 0 0 0 0 0 1 0 0 0 0 0 0 0 1 0 1 0 0 0 0 0 0 0 0 0 0 0 0 0 0 0 0 0 0 0 0 0 0 0 0 0 0 0 0 0 0 0 0 0 0 0 0 0 0 0 0 0 0 0 0 0 0 0 0 0 0 0 0 0 0 0 0 0 0 0 0 0 0 0 0 0 0 0 0 0 0 0 0 0 0 0 1 0 0 0 0 0 0 0 0 0 0 0 0 0 0 0 0 0 0 0 0 0 0 0 0 0 0 0 0 0 1 0 1 0 0 0 0 0 0 0 0 0 0 0 0 0 0 0 0 0 0 0 0 0 0 0 0 0 0 0 0 0 0 0 0 0 0 0 0 0 0 0 0 0 0 0 0 0 0 0 0 0 0 0 0 0 0 0 0 0 0 0 0 0 0 0 0 0 0 0 0 0 0 0 0 0 0 0 1 0 0 0 0 0 0 0 0 0 0 0 0 0 0 0 0 0 0 0 0 0 0 0 0 0 0 0 0 0 0 0 0 0 0 0 0 0 0 0 0 0 0 0 0 0 0 0 0 0 0 0 0 0 0 0 0 0 0 0 0 0 0 0 0 0 0 0 0 0 0 0 0 0 0 0 0 0 0 0 0 0 0 0 0 0 0 0 0 0 0 0 0 0 0 0 0 0 0 0 0 0 0 0 0 0 0 0 1 0 0 0 0 0 0 0 0 0 1 0 0 0 0 0 1 0 0 0 0 0 1 0 0 0 0 0 0 0 1 1 1 0 0 0 0 0 0 0 0 0 0 0 0 0 0 0 0 0 0 0 0 0 0 0 0 0 0 0 0 0 0 0 0 0 0 0 0 0 0 0 0 0 0 0 0 0 0 0 0 0 0 0 0 0 0 0 0 0 0 0 0 0 0 0 0 0 0 0 0 0 0 0 0 0 0 0 1 0 0 0 0 0 0 0 0 0 1 0 0 0 0 0 1 0 0 0 0 0 1 0 0 0 0 0 1 1 1 1 1 0 0 0 0 0 0 0 0 0 0 0 0 0 0 0 0 0 0 0 0 0 0 0 0 0 0 0 0 0 0 0 0 0 0 0 0 0 0 0 0 0 0 0 0 0 0 0 0 0 0 0 0 0 0 0 0 0 0 0 0 0 0 0 0 0 0 0 0 0 0 0 0 0 0 0 "
}
