{
	"cloneLimit":	2,
	"timeLimit":	80,
	"entities":	[{
			"type":	"spitter",
			"x":	1488,
			"y":	632,
			"facing":	"right",
			"interval":	30,
			"enabled":	1
		}, {
			"type":	"door",
			"x":	1696,
			"y":	576,
			"name":	"spitterDoor",
			"open":	0
		}, {
			"type":	"door",
			"x":	2032,
			"y":	576,
			"name":	"spitterDoor",
			"open":	0
		}, {
			"type":	"pressurePlate",
			"x":	1584,
			"y":	432,
			"targetName":	"spitterDoor"
		}, {
			"type":	"platform",
			"x":	1728,
			"y":	240,
			"sx":	1728,
			"sy":	240,
			"ex":	1728,
			"ey":	384,
			"pause":	30,
			"speed":	2,
			"enabled":	1
		}, {
			"type":	"toilet",
			"x":	3160,
			"y":	544,
			"facing":	"left",
			"requiresPlunger":	1
		}, {
			"type":	"door",
			"x":	2944,
			"y":	576,
			"open":	0
		}, {
			"type":	"player",
			"x":	3352,
			"y":	592,
			"facing":	"left"
		}, {
			"type":	"manholeCover",
			"x":	3272,
			"y":	56
		}, {
			"type":	"platform",
			"x":	3912,
			"y":	192,
			"sx":	3912,
			"sy":	192,
			"ex":	3912,
			"ey":	624,
			"pause":	60,
			"speed":	4,
			"enabled":	1
		}, {
			"type":	"plunger",
			"x":	1864,
			"y":	576
		}, {
			"type":	"spikes",
			"x":	2688,
			"y":	696
		}, {
			"type":	"spikes",
			"x":	2736,
			"y":	696
		}, {
			"type":	"pushBlock",
			"x":	2240,
			"y":	392
		}, {
			"type":	"key",
			"x":	2088,
			"y":	112
		}, {
			"type":	"spikes",
			"x":	2784,
			"y":	696
		}, {
			"type":	"platform",
			"x":	3168,
			"y":	96,
			"sx":	3168,
			"sy":	96,
			"ex":	2160,
			"ey":	96,
			"pause":	60,
			"speed":	4,
			"enabled":	1
		}, {
			"type":	"item",
			"x":	1424,
			"y":	80,
			"textureFilename" : "gfx/entities/item19.png"
		}, {
			"type":	"coin",
			"x":	1880,
			"y":	112
		}, {
			"type":	"coin",
			"x":	1880,
			"y":	144
		}, {
			"type":	"coin",
			"x":	1408,
			"y":	384
		}, {
			"type":	"coin",
			"x":	1456,
			"y":	432
		}, {
			"type":	"coin",
			"x":	1744,
			"y":	552
		}, {
			"type":	"coin",
			"x":	1784,
			"y":	552
		}, {
			"type":	"coin",
			"x":	1896,
			"y":	552
		}, {
			"type":	"coin",
			"x":	1936,
			"y":	552
		}, {
			"type":	"coin",
			"x":	1976,
			"y":	552
		}, {
			"type":	"coin",
			"x":	1824,
			"y":	552
		}, {
			"type":	"coin",
			"x":	1648,
			"y":	304
		}, {
			"type":	"coin",
			"x":	1648,
			"y":	336
		}, {
			"type":	"coin",
			"x":	1648,
			"y":	368
		}, {
			"type":	"coin",
			"x":	2848,
			"y":	440
		}, {
			"type":	"coin",
			"x":	2888,
			"y":	440
		}, {
			"type":	"coin",
			"x":	2600,
			"y":	440
		}, {
			"type":	"coin",
			"x":	2552,
			"y":	440
		}, {
			"type":	"coin",
			"x":	2504,
			"y":	488
		}, {
			"type":	"coin",
			"x":	2984,
			"y":	488
		}, {
			"type":	"coin",
			"x":	2984,
			"y":	520
		}, {
			"type":	"coin",
			"x":	3016,
			"y":	488
		}, {
			"type":	"coin",
			"x":	3016,
			"y":	520
		}, {
			"type":	"coin",
			"x":	2608,
			"y":	544
		}, {
			"type":	"coin",
			"x":	2832,
			"y":	544
		}, {
			"type":	"coin",
			"x":	2864,
			"y":	544
		}, {
			"type":	"coin",
			"x":	2896,
			"y":	544
		}, {
			"type":	"spikes",
			"x":	2640,
			"y":	696
		}, {
			"type":	"pushBlock",
			"x":	2448,
			"y":	152
		}],
	"tips":	[],
	"map":	"0 0 0 0 0 0 0 0 0 0 0 0 0 0 0 0 0 0 0 0 0 0 0 0 0 0 0 0 1 1 1 1 1 1 1 1 1 1 1 1 1 1 1 1 1 1 1 1 1 1 1 1 1 1 1 1 1 1 1 1 1 1 1 1 1 1 1 1 1 1 1 1 1 1 1 1 1 1 1 1 1 1 1 1 1 0 0 0 0 0 0 0 0 0 0 0 0 0 0 0 0 0 0 0 0 0 0 0 0 0 0 0 0 0 0 0 0 0 0 0 0 0 0 0 0 0 0 0 0 0 0 0 0 0 0 0 1 0 0 0 0 0 0 1 1 1 1 1 1 1 1 0 0 0 0 0 0 0 0 0 0 0 0 0 0 0 0 0 0 0 0 0 0 0 0 0 0 0 0 0 0 0 0 0 0 0 0 0 0 0 0 0 1 0 0 0 0 0 0 0 0 0 0 0 0 0 0 0 0 0 0 0 0 0 0 0 0 0 0 0 0 0 0 0 0 0 0 0 0 0 0 0 0 0 0 0 0 0 0 0 0 0 0 0 1 0 0 0 0 0 0 0 0 0 0 0 1 1 1 0 0 0 0 0 0 0 0 0 0 0 0 0 0 0 0 0 0 0 0 0 0 0 0 0 1 0 0 0 0 0 0 0 0 0 0 0 0 0 0 0 1 0 0 0 0 0 0 0 0 0 0 0 0 0 0 0 0 0 0 0 0 0 0 0 0 0 0 0 0 0 0 0 0 0 0 0 0 0 0 0 0 0 0 0 0 0 0 0 0 0 0 0 1 1 1 0 0 0 0 1 1 0 0 0 1 1 1 0 0 0 0 0 0 0 0 0 0 0 0 0 0 0 0 0 0 0 0 0 0 0 0 0 1 0 0 0 0 0 0 0 0 0 0 0 0 0 0 0 1 0 0 0 0 0 0 0 0 0 0 0 0 0 0 0 0 0 0 0 0 0 0 0 0 0 0 0 0 0 0 0 0 0 0 0 0 0 0 0 0 0 0 0 0 0 0 0 0 0 0 0 1 0 0 0 0 0 0 1 0 0 0 1 1 1 1 1 1 1 1 1 0 0 0 1 1 1 1 0 0 0 0 0 0 0 0 0 0 0 0 0 1 1 1 1 1 1 1 1 1 1 1 1 1 0 0 0 1 0 0 0 0 0 0 0 0 0 0 0 0 0 0 0 0 0 0 0 0 0 0 0 0 0 0 0 0 0 0 0 0 0 0 0 0 0 0 0 0 0 0 0 0 0 0 0 0 0 0 0 1 0 0 0 0 1 1 1 0 0 1 1 1 1 1 0 0 0 0 0 0 0 0 0 0 0 0 0 0 1 1 1 0 0 0 0 0 0 0 0 0 0 0 0 0 0 0 0 0 0 0 0 0 0 0 0 1 0 0 0 0 0 0 0 0 0 0 0 0 0 0 0 0 0 0 0 0 0 0 0 0 0 0 0 0 0 0 0 0 0 0 0 0 0 0 0 0 0 0 0 0 0 0 0 0 0 0 0 1 0 0 0 0 0 0 1 0 0 0 0 0 0 0 0 0 0 0 0 0 0 0 0 0 0 0 0 0 0 0 0 0 0 0 0 0 0 0 0 0 0 0 0 0 0 0 0 0 0 0 0 0 0 0 0 1 0 0 0 0 0 0 0 0 0 0 0 0 0 0 0 0 0 0 0 0 0 0 0 0 0 0 0 0 0 0 0 0 0 0 0 0 0 0 0 0 0 0 0 0 0 0 0 0 0 0 0 1 0 0 0 0 0 0 1 0 0 0 0 0 0 0 0 0 0 0 0 0 0 0 0 0 0 0 0 0 0 0 0 1 1 1 0 0 0 0 0 0 0 0 0 0 0 0 0 0 0 0 0 0 0 0 0 1 0 0 0 0 0 0 0 0 0 0 0 0 0 0 0 0 0 0 0 0 0 0 0 0 0 0 0 0 0 0 0 0 0 0 0 0 0 0 0 0 0 0 0 0 0 0 0 0 0 0 0 1 0 0 0 0 0 0 1 0 0 0 0 0 0 0 0 0 0 0 0 0 0 0 0 0 0 0 0 0 0 0 0 0 0 0 0 0 0 0 0 0 0 0 0 0 0 0 0 0 0 0 0 0 0 0 0 1 0 0 0 0 0 0 0 0 0 0 0 0 0 0 0 0 0 0 0 0 0 0 0 0 0 0 0 0 0 0 0 0 0 0 0 0 0 0 0 0 0 0 0 0 0 0 0 0 0 0 0 1 1 0 0 0 1 1 1 1 1 1 1 1 1 1 0 0 0 1 1 1 0 0 0 0 0 0 1 1 1 1 0 0 1 1 1 1 1 1 1 1 1 1 1 1 1 1 0 0 0 0 0 0 0 0 0 1 0 0 0 0 0 0 0 0 0 0 0 0 0 0 0 0 0 0 0 0 0 0 0 0 0 0 0 0 0 0 0 0 0 0 0 0 0 0 0 0 0 0 0 0 0 0 0 0 0 0 0 1 1 1 0 0 0 0 1 0 0 0 0 0 0 1 0 0 0 0 0 0 0 0 0 0 1 1 0 0 0 0 1 1 1 0 0 0 0 0 1 1 0 0 0 1 1 1 1 1 0 0 0 0 0 0 0 1 0 0 0 0 0 0 0 0 0 0 0 0 0 0 0 0 0 0 0 0 0 0 0 0 0 0 0 0 0 0 0 0 0 0 0 0 0 0 0 0 0 0 0 0 0 0 0 0 0 0 0 1 1 1 0 0 0 0 1 0 0 0 0 0 0 1 0 0 0 0 0 0 0 0 0 1 1 0 0 0 0 0 0 0 1 0 0 0 0 0 1 1 0 0 0 0 0 0 1 1 0 0 0 0 0 0 0 1 0 0 0 0 0 0 0 0 0 0 0 0 0 0 0 0 0 0 0 0 0 0 0 0 0 0 0 0 0 0 0 0 0 0 0 0 0 0 0 0 0 0 0 0 0 0 0 0 0 0 0 1 1 1 0 0 0 0 0 0 0 0 0 0 0 0 0 0 0 0 0 0 0 0 0 0 0 0 0 0 0 0 0 0 0 0 0 0 1 1 1 1 0 0 0 0 0 0 0 1 1 0 0 0 0 0 0 1 0 0 0 0 0 0 0 0 0 0 0 0 0 0 0 0 0 0 0 0 0 0 0 0 0 0 0 0 0 0 0 0 0 0 0 0 0 0 0 0 0 0 0 0 0 0 0 0 0 0 0 1 1 1 0 0 0 0 0 0 0 0 0 0 0 0 0 0 0 0 0 0 0 0 0 0 0 0 0 0 0 0 0 0 0 0 0 1 1 1 1 1 1 1 1 1 0 0 0 0 0 0 0 0 0 0 0 1 0 0 0 0 0 0 0 0 0 0 0 0 0 0 0 0 0 0 0 0 0 0 0 0 0 0 0 0 0 0 0 0 0 0 0 0 0 0 0 0 0 0 0 0 0 0 0 0 0 0 0 1 1 1 1 1 1 1 1 1 1 1 1 1 1 1 1 1 1 1 1 1 1 1 1 1 1 1 0 0 0 0 1 1 1 1 1 1 1 1 1 1 1 1 1 1 1 1 1 1 1 1 1 1 1 1 1 1 0 0 0 0 0 0 0 0 0 0 0 0 0 0 0 0 0 0 0 0 0 0 0 "
}
