{
	"cloneLimit":	1,
	"timeLimit":	50,
	"entities":	[{
			"type":	"toilet",
			"x":	1960,
			"y":	400,
			"facing":	"left"
		}, {
			"type":	"door",
			"x":	1936,
			"y":	384,
			"name":	"exitDoor",
			"open":	0
		}, {
			"type":	"trafficLight",
			"x":	1552,
			"y":	184,
			"targetName":	"tfDoor2",
			"on":	0
		}, {
			"type":	"trafficLight",
			"x":	784,
			"y":	472,
			"targetName":	"tfDoor1",
			"on":	0
		}, {
			"type":	"slimeDrip",
			"x":	1600,
			"y":	480,
			"interval":	60,
			"enabled":	1
		}, {
			"type":	"slimeDrip",
			"x":	1456,
			"y":	480,
			"interval":	60,
			"enabled":	1
		}, {
			"type":	"slimeDrip",
			"x":	1792,
			"y":	240,
			"interval":	100,
			"enabled":	1
		}, {
			"type":	"slimeDrip",
			"x":	984,
			"y":	240,
			"interval":	60,
			"enabled":	1
		}, {
			"type":	"slimeDrip",
			"x":	784,
			"y":	336,
			"interval":	60,
			"enabled":	1
		}, {
			"type":	"slimeDrip",
			"x":	592,
			"y":	336,
			"interval":	60,
			"enabled":	1
		}, {
			"type":	"spikes",
			"x":	288,
			"y":	264
		}, {
			"type":	"spikes",
			"x":	400,
			"y":	264
		}, {
			"type":	"spikes",
			"x":	512,
			"y":	264
		}, {
			"type":	"spikes",
			"x":	616,
			"y":	264
		}, {
			"type":	"coin",
			"x":	856,
			"y":	144
		}, {
			"type":	"coin",
			"x":	912,
			"y":	144
		}, {
			"type":	"coin",
			"x":	968,
			"y":	144
		}, {
			"type":	"coin",
			"x":	1024,
			"y":	144
		}, {
			"type":	"coin",
			"x":	1080,
			"y":	144
		}, {
			"type":	"coin",
			"x":	1136,
			"y":	144
		}, {
			"type":	"coin",
			"x":	1192,
			"y":	144
		}, {
			"type":	"coin",
			"x":	1248,
			"y":	144
		}, {
			"type":	"coin",
			"x":	1608,
			"y":	144
		}, {
			"type":	"coin",
			"x":	1680,
			"y":	144
		}, {
			"type":	"coin",
			"x":	1728,
			"y":	144
		}, {
			"type":	"coin",
			"x":	1776,
			"y":	144
		}, {
			"type":	"coin",
			"x":	1824,
			"y":	144
		}, {
			"type":	"coin",
			"x":	1872,
			"y":	144
		}, {
			"type":	"coin",
			"x":	968,
			"y":	368
		}, {
			"type":	"coin",
			"x":	776,
			"y":	448
		}, {
			"type":	"coin",
			"x":	584,
			"y":	448
		}, {
			"type":	"player",
			"x":	1168,
			"y":	392,
			"facing":	"right"
		}, {
			"type":	"slimeDrip",
			"x":	472,
			"y":	336,
			"interval":	80,
			"enabled":	1
		}, {
			"type":	"slimeDrip",
			"x":	1360,
			"y":	48,
			"interval":	80,
			"enabled":	1
		}, {
			"type":	"slimeDrip",
			"x":	1552,
			"y":	48,
			"interval":	80,
			"enabled":	1
		}, {
			"type":	"spikes",
			"x":	528,
			"y":	696
		}, {
			"type":	"spikes",
			"x":	576,
			"y":	696
		}, {
			"type":	"spikes",
			"x":	624,
			"y":	696
		}, {
			"type":	"spikes",
			"x":	672,
			"y":	696
		}, {
			"type":	"spikes",
			"x":	720,
			"y":	696
		}, {
			"type":	"spikes",
			"x":	768,
			"y":	696
		}, {
			"type":	"spikes",
			"x":	816,
			"y":	696
		}, {
			"type":	"spikes",
			"x":	864,
			"y":	696
		}, {
			"type":	"spikes",
			"x":	912,
			"y":	696
		}, {
			"type":	"spikes",
			"x":	960,
			"y":	696
		}, {
			"type":	"spikes",
			"x":	1008,
			"y":	696
		}, {
			"type":	"spikes",
			"x":	1056,
			"y":	696
		}, {
			"type":	"spikes",
			"x":	1104,
			"y":	696
		}, {
			"type":	"door",
			"x":	1648,
			"y":	96,
			"name":	"tfDoor2",
			"open":	0
		}, {
			"type":	"pressurePlate",
			"x":	1776,
			"y":	528,
			"targetName":	"exitDoor"
		}, {
			"type":	"door",
			"x":	784,
			"y":	96,
			"name":	"tfDoor1",
			"open":	0
		}, {
			"type":	"coin",
			"x":	1920,
			"y":	144
		}, {
			"type":	"coin",
			"x":	1968,
			"y":	144
		}, {
			"type":	"coin",
			"x":	1208,
			"y":	632
		}, {
			"type":	"coin",
			"x":	1208,
			"y":	600
		}, {
			"type":	"coin",
			"x":	1208,
			"y":	568
		}, {
			"type":	"coin",
			"x":	1208,
			"y":	536
		}, {
			"type":	"coin",
			"x":	1448,
			"y":	384
		}, {
			"type":	"coin",
			"x":	1448,
			"y":	344
		}, {
			"type":	"slimeDrip",
			"x":	1840,
			"y":	240,
			"interval":	100,
			"enabled":	1
		}, {
			"type":	"slimeDrip",
			"x":	1816,
			"y":	240,
			"interval":	100,
			"enabled":	1
		}],
	"tips":	[],
	"map":	"1 1 1 1 1 1 1 1 1 1 1 1 1 1 1 1 1 1 1 1 1 1 1 1 1 1 1 1 1 1 1 1 1 1 1 1 1 1 1 1 1 1 1 0 0 0 0 0 0 0 0 0 0 0 0 0 0 0 0 0 0 0 0 0 0 0 0 0 0 0 0 0 0 0 0 0 0 0 0 0 0 0 0 0 0 0 0 0 0 0 0 0 0 0 0 0 0 0 0 0 0 0 0 0 0 0 0 0 1 1 1 1 1 1 1 1 1 1 1 1 1 0 0 0 1 0 0 0 0 0 0 0 0 0 0 0 0 0 0 0 0 0 1 0 0 0 0 0 0 0 1 0 0 0 0 0 0 0 0 0 0 0 0 0 0 0 0 0 0 0 0 0 0 0 0 0 0 0 0 0 0 0 0 0 0 0 0 0 0 0 0 0 0 0 0 0 0 0 0 0 0 0 0 0 0 0 0 0 0 0 0 0 0 0 0 0 1 1 1 0 0 0 0 0 0 0 0 0 0 0 0 0 0 0 0 0 0 0 0 0 0 0 0 0 0 0 0 0 0 0 0 0 0 0 0 0 0 0 1 0 0 0 0 0 0 0 0 0 0 0 0 0 0 0 0 0 0 0 0 0 0 0 0 0 0 0 0 0 0 0 0 0 0 0 0 0 0 0 0 0 0 0 0 0 0 0 0 0 0 0 0 0 0 0 0 0 0 0 0 0 0 0 0 0 1 1 0 0 0 0 0 0 0 0 0 0 0 0 0 0 0 0 0 0 0 0 0 0 0 0 0 0 0 0 0 0 0 0 0 0 0 0 0 0 0 0 1 0 0 0 0 0 0 0 0 0 0 0 0 0 0 0 0 0 0 0 0 0 0 0 0 0 0 0 0 0 0 0 0 0 0 0 0 0 0 0 0 0 0 0 0 0 0 0 0 0 0 0 0 0 0 0 0 0 0 0 0 0 0 0 0 0 1 0 0 0 0 0 0 0 0 0 0 0 0 0 0 0 1 1 1 1 1 1 1 1 1 1 1 1 0 0 0 0 0 1 1 1 1 1 1 1 1 1 1 0 0 0 0 0 0 0 0 0 0 0 0 0 0 0 0 0 0 0 0 0 0 0 0 0 0 0 0 0 0 0 0 0 0 0 0 0 0 0 0 0 0 0 0 0 0 0 0 0 0 0 0 0 0 0 0 0 0 0 0 0 0 0 0 0 1 0 0 0 0 0 0 0 0 0 0 0 0 0 0 1 1 0 0 0 0 0 0 0 0 0 0 0 1 0 0 0 1 0 0 0 0 0 0 0 1 0 1 0 0 0 0 0 0 0 0 0 0 0 0 0 0 0 0 0 0 0 0 0 0 0 0 0 0 0 0 0 0 0 0 0 0 0 0 0 0 0 0 0 0 0 0 0 0 0 0 0 0 0 0 0 0 0 0 0 0 0 0 0 0 0 0 0 1 0 0 0 0 1 1 1 1 1 1 1 1 1 1 1 1 0 0 0 0 0 0 0 0 0 0 0 0 0 0 0 0 0 0 0 0 0 0 0 1 0 1 0 0 0 0 0 0 0 0 0 0 0 0 0 0 0 0 0 0 0 0 0 0 0 0 0 0 0 0 0 0 0 0 0 0 0 0 0 0 0 0 0 0 0 0 0 0 0 0 0 0 0 0 0 0 0 0 0 0 0 0 0 0 0 0 0 1 0 0 0 1 1 0 0 0 0 0 0 0 0 0 0 0 0 0 0 0 0 0 0 0 0 0 0 0 0 0 0 0 0 0 0 0 0 0 0 1 0 1 0 0 0 0 0 0 0 0 0 0 0 0 0 0 0 0 0 0 0 0 0 0 0 0 0 0 0 0 0 0 0 0 0 0 0 0 0 0 0 0 0 0 0 0 0 0 0 0 0 0 0 0 0 0 0 0 0 0 0 0 0 0 0 0 0 1 0 0 0 1 1 0 0 0 0 0 0 0 0 0 0 0 0 0 0 0 0 0 0 0 0 0 0 0 0 0 0 0 0 0 0 0 0 0 0 0 0 1 0 0 0 0 0 0 0 0 0 0 0 0 0 0 0 0 0 0 0 0 0 0 0 0 0 0 0 0 0 0 0 0 0 0 0 0 0 0 0 0 0 0 0 0 0 0 0 0 0 0 0 0 0 0 0 0 0 0 0 0 0 0 0 0 0 1 0 0 1 0 0 0 0 0 0 0 0 0 0 0 0 0 0 0 0 0 0 0 1 1 1 0 0 0 0 1 0 0 1 0 0 0 0 0 1 1 1 1 0 0 0 0 0 0 0 0 0 0 0 0 0 0 0 0 0 0 0 0 0 0 0 0 0 0 0 0 0 0 0 0 0 0 0 0 0 0 0 0 0 0 0 0 0 0 0 0 0 0 0 0 0 0 0 0 0 0 0 0 0 0 0 0 0 1 0 0 0 0 0 0 0 0 0 0 0 0 0 0 0 0 0 0 0 1 0 0 0 1 0 0 0 0 0 0 0 0 0 0 0 0 0 0 1 1 1 1 0 0 0 0 0 0 0 0 0 0 0 0 0 0 0 0 0 0 0 0 0 0 0 0 0 0 0 0 0 0 0 0 0 0 0 0 0 0 0 0 0 0 0 0 0 0 0 0 0 0 0 0 0 0 0 0 0 0 0 0 0 0 0 0 0 1 1 0 0 0 0 0 0 0 1 1 0 1 0 0 0 1 0 0 0 0 0 0 0 1 0 0 0 0 0 0 0 0 0 0 0 0 1 1 1 1 1 1 0 0 0 0 0 0 0 0 0 0 0 0 0 0 0 0 0 0 0 0 0 0 0 0 0 0 0 0 0 0 0 0 0 0 0 0 0 0 0 0 0 0 0 0 0 0 0 0 0 0 0 0 0 0 0 0 0 0 0 0 0 0 0 0 0 1 1 1 0 0 0 0 0 0 1 1 0 0 0 0 0 0 0 0 0 0 0 0 0 1 0 0 0 0 0 0 0 0 0 0 0 1 1 1 1 1 1 1 0 0 0 0 0 0 0 0 0 0 0 0 0 0 0 0 0 0 0 0 0 0 0 0 0 0 0 0 0 0 0 0 0 0 0 0 0 0 0 0 0 0 0 0 0 0 0 0 0 0 0 0 0 0 0 0 0 0 0 0 0 0 0 0 0 1 1 1 1 0 0 0 0 0 1 1 0 0 0 0 0 0 0 0 0 0 0 0 0 1 0 0 0 0 0 0 0 0 0 0 1 1 1 1 1 1 1 1 0 0 0 0 0 0 0 0 0 0 0 0 0 0 0 0 0 0 0 0 0 0 0 0 0 0 0 0 0 0 0 0 0 0 0 0 0 0 0 0 0 0 0 0 0 0 0 0 0 0 0 0 0 0 0 0 0 0 0 0 0 0 0 0 0 1 1 1 1 1 1 1 1 1 1 1 0 0 0 0 0 0 0 0 0 0 0 0 0 1 1 1 1 1 1 1 1 1 1 1 1 1 1 1 1 1 1 1 0 0 0 0 0 0 0 0 0 0 0 0 0 0 0 0 0 0 0 0 0 0 0 0 0 0 0 0 0 0 0 0 0 0 0 0 0 0 0 0 0 0 0 0 0 0 0 0 0 0 0 0 0 0 0 0 0 0 0 0 0 0 0 0 0 "
}
