{
	"cloneLimit":	1,
	"timeLimit":	55,
	"entities":	[{
			"type":	"door",
			"x":	1264,
			"y":	576,
			"open":	0
		}, {
			"type":	"platform",
			"x":	544,
			"y":	336,
			"name":	"platform",
			"sx":	544,
			"sy":	336,
			"ex":	544,
			"ey":	480,
			"pause":	60,
			"speed":	2,
			"enabled":	0
		}, {
			"type":	"slimeDrip",
			"x":	2088,
			"y":	336,
			"interval":	60,
			"enabled":	1
		}, {
			"type":	"slimeDrip",
			"x":	2160,
			"y":	336,
			"interval":	60,
			"enabled":	1
		}, {
			"type":	"door",
			"x":	2032,
			"y":	528,
			"open":	0
		}, {
			"type":	"platform",
			"x":	1824,
			"y":	64,
			"name":	"platform",
			"sx":	1824,
			"sy":	64,
			"ex":	1824,
			"ey":	624,
			"pause":	60,
			"speed":	2,
			"enabled":	0
		}, {
			"type":	"key",
			"x":	2160,
			"y":	72
		}, {
			"type":	"key",
			"x":	360,
			"y":	248
		}, {
			"type":	"trafficLight",
			"x":	1096,
			"y":	136,
			"targetName":	"platform",
			"on":	0
		}, {
			"type":	"slimeDrip",
			"x":	688,
			"y":	192,
			"interval":	60,
			"enabled":	1
		}, {
			"type":	"slimeDrip",
			"x":	1024,
			"y":	336,
			"interval":	60,
			"enabled":	1
		}, {
			"type":	"toilet",
			"x":	1480,
			"y":	544,
			"facing":	"left",
			"requiresPlunger":	1
		}, {
			"type":	"item",
			"x":	624,
			"y":	632,
			"textureFilename" : "gfx/entities/item20.png"
		}, {
			"type":	"spitter",
			"x":	336,
			"y":	632,
			"facing":	"right",
			"interval":	45,
			"enabled":	1
		}, {
			"type":	"manholeCover",
			"x":	632,
			"y":	104
		}, {
			"type":	"plunger",
			"x":	1664,
			"y":	416
		}, {
			"type":	"coin",
			"x":	2080,
			"y":	632
		}, {
			"type":	"coin",
			"x":	2120,
			"y":	632
		}, {
			"type":	"coin",
			"x":	2160,
			"y":	632
		}, {
			"type":	"coin",
			"x":	2160,
			"y":	592
		}, {
			"type":	"coin",
			"x":	2120,
			"y":	592
		}, {
			"type":	"coin",
			"x":	2080,
			"y":	592
		}, {
			"type":	"coin",
			"x":	2080,
			"y":	552
		}, {
			"type":	"coin",
			"x":	2120,
			"y":	552
		}, {
			"type":	"coin",
			"x":	2160,
			"y":	552
		}, {
			"type":	"coin",
			"x":	2160,
			"y":	512
		}, {
			"type":	"coin",
			"x":	2120,
			"y":	512
		}, {
			"type":	"coin",
			"x":	2080,
			"y":	512
		}, {
			"type":	"coin",
			"x":	2080,
			"y":	472
		}, {
			"type":	"coin",
			"x":	2120,
			"y":	472
		}, {
			"type":	"coin",
			"x":	2160,
			"y":	472
		}, {
			"type":	"slimeDrip",
			"x":	1096,
			"y":	48,
			"interval":	60,
			"enabled":	1
		}, {
			"type":	"slimeDrip",
			"x":	368,
			"y":	48,
			"interval":	60,
			"enabled":	1
		}, {
			"type":	"slimeDrip",
			"x":	1408,
			"y":	432,
			"interval":	60,
			"enabled":	1
		}, {
			"type":	"coin",
			"x":	680,
			"y":	496
		}, {
			"type":	"coin",
			"x":	1024,
			"y":	632
		}, {
			"type":	"player",
			"x":	1592,
			"y":	208,
			"facing":	"left"
		}, {
			"type":	"door",
			"x":	496,
			"y":	576,
			"open":	0
		}, {
			"type":	"key",
			"x":	872,
			"y":	72
		}, {
			"type":	"spikes",
			"x":	720,
			"y":	600
		}, {
			"type":	"spikes",
			"x":	768,
			"y":	600
		}, {
			"type":	"spikes",
			"x":	1392,
			"y":	360
		}, {
			"type":	"spikes",
			"x":	1248,
			"y":	456
		}, {
			"type":	"spikes",
			"x":	1968,
			"y":	648
		}],
	"tips":	[],
	"map":	"0 0 0 0 0 0 1 1 1 1 1 1 1 1 1 1 1 1 1 1 1 1 1 1 1 1 1 1 1 1 1 1 1 1 1 1 1 1 1 1 1 1 1 1 1 1 1 0 0 0 0 0 0 0 0 0 0 0 0 0 0 0 0 0 0 0 0 0 0 0 0 0 0 0 0 0 0 0 0 0 0 0 0 0 0 0 0 0 0 0 0 0 0 0 0 0 0 0 0 0 0 0 0 0 0 0 0 0 0 0 0 0 0 0 1 0 0 0 0 0 0 1 1 1 1 0 0 0 1 0 0 0 0 0 0 0 0 0 0 0 1 1 0 0 0 0 0 0 0 0 0 0 0 0 1 0 0 0 0 0 0 0 0 0 0 0 0 0 0 0 0 0 0 0 0 0 0 0 0 0 0 0 0 0 0 0 0 0 0 0 0 0 0 0 0 0 0 0 0 0 0 0 0 0 0 0 0 0 0 0 0 0 0 0 0 0 0 0 0 0 0 0 1 0 0 0 0 0 0 0 1 1 0 0 0 0 1 1 0 0 0 0 0 0 0 0 0 0 0 0 0 0 0 0 0 0 0 0 0 0 0 0 1 0 0 0 0 0 0 0 0 0 0 0 0 0 0 0 0 0 0 0 0 0 0 0 0 0 0 0 0 0 0 0 0 0 0 0 0 0 0 0 0 0 0 0 0 0 0 0 0 0 0 0 0 0 0 0 0 0 0 0 0 0 0 0 0 0 0 0 1 0 0 0 0 0 1 1 1 0 0 0 1 0 0 1 0 0 0 0 0 0 0 0 0 0 0 0 0 0 0 0 0 0 0 0 1 1 1 1 1 0 0 0 0 0 0 0 0 0 0 0 0 0 0 0 0 0 0 0 0 0 0 0 0 0 0 0 0 0 0 0 0 0 0 0 0 0 0 0 0 0 0 0 0 0 0 0 0 0 0 0 0 0 0 0 0 0 0 0 0 0 0 0 0 0 0 0 1 0 0 0 0 1 0 0 0 0 0 0 0 0 0 1 1 1 1 1 1 1 0 0 1 1 0 0 0 0 0 0 0 0 0 0 1 1 1 1 1 0 0 0 0 0 0 0 0 0 0 0 0 0 0 0 0 0 0 0 0 0 0 0 0 0 0 0 0 0 0 0 0 0 0 0 0 0 0 0 0 0 0 0 0 0 0 0 0 0 0 0 0 0 0 0 0 0 0 0 0 0 0 0 0 0 0 0 1 0 0 0 0 0 0 0 0 0 0 0 0 1 0 1 0 0 0 0 0 0 0 0 0 0 1 1 1 0 0 0 0 0 0 0 1 1 1 1 1 0 0 0 0 0 0 0 0 0 0 0 0 0 0 0 0 0 0 0 0 0 0 0 0 0 0 0 0 0 0 0 0 0 0 0 0 0 0 0 0 0 0 0 0 0 0 0 0 0 0 0 0 0 0 0 0 0 0 0 0 0 0 0 0 0 0 0 1 0 0 1 0 0 0 0 0 0 0 1 0 0 0 1 0 0 0 0 0 0 0 0 0 0 1 1 1 1 1 1 0 0 1 1 1 1 1 1 1 0 0 0 0 0 0 0 0 0 0 0 0 0 0 0 0 0 0 0 0 0 0 0 0 0 0 0 0 0 0 0 0 0 0 0 0 0 0 0 0 0 0 0 0 0 0 0 0 0 0 0 0 0 0 0 0 0 0 0 0 0 0 0 0 0 0 0 1 1 1 1 1 0 0 0 0 1 0 0 0 0 0 0 0 0 0 0 0 0 0 0 1 1 1 1 1 1 0 0 0 0 0 0 1 0 0 0 1 0 0 0 0 0 0 0 0 0 0 0 0 0 0 0 0 0 0 0 0 0 0 0 0 0 0 0 0 0 0 0 0 0 0 0 0 0 0 0 0 0 0 0 0 0 0 0 0 0 0 0 0 0 0 0 0 0 0 0 0 0 0 0 0 0 0 0 1 0 0 0 0 0 0 0 0 0 0 0 0 0 0 0 0 0 0 0 0 0 1 1 1 0 1 1 0 0 0 0 0 0 0 0 1 0 0 0 1 0 0 0 0 0 0 0 0 0 0 0 0 0 0 0 0 0 0 0 0 0 0 0 0 0 0 0 0 0 0 0 0 0 0 0 0 0 0 0 0 0 0 0 0 0 0 0 0 0 0 0 0 0 0 0 0 0 0 0 0 0 0 0 0 0 0 0 1 0 0 0 0 0 0 0 0 0 0 0 0 0 0 0 0 0 0 0 0 1 1 0 0 0 1 1 0 0 0 0 0 0 0 0 1 0 0 0 1 0 0 0 0 0 0 0 0 0 0 0 0 0 0 0 0 0 0 0 0 0 0 0 0 0 0 0 0 0 0 0 0 0 0 0 0 0 0 0 0 0 0 0 0 0 0 0 0 0 0 0 0 0 0 0 0 0 0 0 0 0 0 0 0 0 0 0 1 0 0 1 1 0 0 0 0 0 0 0 0 0 0 0 0 0 0 1 1 1 0 0 0 0 1 1 1 1 0 0 0 0 0 0 1 0 0 0 1 0 0 0 0 0 0 0 0 0 0 0 0 0 0 0 0 0 0 0 0 0 0 0 0 0 0 0 0 0 0 0 0 0 0 0 0 0 0 0 0 0 0 0 0 0 0 0 0 0 0 0 0 0 0 0 0 0 0 0 0 0 0 0 0 0 0 0 1 0 0 0 1 1 1 1 1 1 0 0 0 0 0 0 0 0 0 0 1 0 0 0 0 0 1 1 1 1 0 0 0 0 0 0 0 0 0 0 1 0 0 0 0 0 0 0 0 0 0 0 0 0 0 0 0 0 0 0 0 0 0 0 0 0 0 0 0 0 0 0 0 0 0 0 0 0 0 0 0 0 0 0 0 0 0 0 0 0 0 0 0 0 0 0 0 0 0 0 0 0 0 0 0 0 0 0 1 0 0 0 0 0 0 0 1 0 0 0 0 0 0 0 0 0 0 0 0 0 0 1 1 1 1 1 1 1 1 0 0 0 0 0 0 0 0 0 1 0 0 0 0 0 0 0 0 0 0 0 0 0 0 0 0 0 0 0 0 0 0 0 0 0 0 0 0 0 0 0 0 0 0 0 0 0 0 0 0 0 0 0 0 0 0 0 0 0 0 0 0 0 0 0 0 0 0 0 0 0 0 0 0 0 0 0 1 0 0 0 0 0 0 0 1 1 1 1 1 1 0 0 0 0 0 0 0 0 1 1 1 1 1 1 1 1 1 0 0 0 0 0 1 0 0 0 1 0 0 0 0 0 0 0 0 0 0 0 0 0 0 0 0 0 0 0 0 0 0 0 0 0 0 0 0 0 0 0 0 0 0 0 0 0 0 0 0 0 0 0 0 0 0 0 0 0 0 0 0 0 0 0 0 0 0 0 0 0 0 0 0 0 0 0 1 1 1 1 1 1 1 1 1 1 1 1 1 1 1 1 1 1 1 1 1 1 1 1 1 1 1 1 1 1 1 1 1 1 1 1 1 1 1 1 1 0 0 0 0 0 0 0 0 0 0 0 0 0 0 0 0 0 0 0 0 0 0 0 0 0 0 0 0 0 0 0 0 0 0 0 0 0 0 0 0 0 0 0 0 0 0 0 0 0 0 0 0 0 0 0 0 0 0 0 0 0 "
}
