{
	"cloneLimit":	0,
	"timeLimit":	45,
	"entities":	[{
			"type":	"platform",
			"x":	72,
			"y":	528,
			"sx":	72,
			"sy":	528,
			"ex":	72,
			"ey":	192,
			"pause":	60,
			"speed":	2,
			"enabled":	1
		}, {
			"type":	"door",
			"x":	208,
			"y":	432,
			"name":	"ppDoor",
			"open":	0
		}, {
			"type":	"platform",
			"x":	256,
			"y":	408,
			"name":	"platform",
			"sx":	256,
			"sy":	408,
			"ex":	1296,
			"ey":	408,
			"pause":	0,
			"speed":	1,
			"enabled":	0
		}, {
			"type":	"trafficLight",
			"x":	336,
			"y":	136,
			"targetName":	"platform",
			"on":	0
		}, {
			"type":	"slimeDrip",
			"x":	528,
			"y":	96,
			"interval":	40,
			"enabled":	1
		}, {
			"type":	"slimeDrip",
			"x":	576,
			"y":	96,
			"interval":	40,
			"enabled":	1
		}, {
			"type":	"slimeDrip",
			"x":	672,
			"y":	96,
			"interval":	40,
			"enabled":	1
		}, {
			"type":	"slimeDrip",
			"x":	768,
			"y":	96,
			"interval":	40,
			"enabled":	1
		}, {
			"type":	"slimeDrip",
			"x":	856,
			"y":	96,
			"interval":	40,
			"enabled":	1
		}, {
			"type":	"slimeDrip",
			"x":	952,
			"y":	96,
			"interval":	40,
			"enabled":	1
		}, {
			"type":	"slimeDrip",
			"x":	1032,
			"y":	96,
			"interval":	40,
			"enabled":	1
		}, {
			"type":	"slimeDrip",
			"x":	1104,
			"y":	96,
			"interval":	40,
			"enabled":	1
		}, {
			"type":	"slimeDrip",
			"x":	1184,
			"y":	96,
			"interval":	40,
			"enabled":	1
		}, {
			"type":	"slimeDrip",
			"x":	1248,
			"y":	96,
			"interval":	40,
			"enabled":	1
		}, {
			"type":	"slimeDrip",
			"x":	1552,
			"y":	288,
			"interval":	40,
			"enabled":	1
		}, {
			"type":	"platform",
			"x":	1616,
			"y":	400,
			"sx":	1616,
			"sy":	400,
			"ex":	1616,
			"ey":	96,
			"pause":	60,
			"speed":	2,
			"enabled":	1
		}, {
			"type":	"item",
			"x":	1352,
			"y":	56,
			"textureFilename" : "gfx/entities/item21.png"
		}, {
			"type":	"toilet",
			"x":	1640,
			"y":	544,
			"facing":	"left"
		}, {
			"type":	"coin",
			"x":	472,
			"y":	560
		}, {
			"type":	"coin",
			"x":	544,
			"y":	560
		}, {
			"type":	"coin",
			"x":	616,
			"y":	560
		}, {
			"type":	"coin",
			"x":	696,
			"y":	560
		}, {
			"type":	"coin",
			"x":	768,
			"y":	560
		}, {
			"type":	"coin",
			"x":	840,
			"y":	560
		}, {
			"type":	"coin",
			"x":	912,
			"y":	560
		}, {
			"type":	"coin",
			"x":	1000,
			"y":	560
		}, {
			"type":	"coin",
			"x":	1080,
			"y":	560
		}, {
			"type":	"coin",
			"x":	1168,
			"y":	560
		}, {
			"type":	"coin",
			"x":	1240,
			"y":	560
		}, {
			"type":	"coin",
			"x":	1320,
			"y":	560
		}, {
			"type":	"coin",
			"x":	1448,
			"y":	488
		}, {
			"type":	"player",
			"x":	256,
			"y":	496,
			"facing":	"right"
		}, {
			"type":	"pressurePlate",
			"x":	400,
			"y":	672,
			"targetName":	"ppDoor"
		}, {
			"type":	"slimeDrip",
			"x":	624,
			"y":	96,
			"interval":	40,
			"enabled":	1
		}, {
			"type":	"slimeDrip",
			"x":	720,
			"y":	96,
			"interval":	40,
			"enabled":	1
		}, {
			"type":	"slimeDrip",
			"x":	808,
			"y":	96,
			"interval":	40,
			"enabled":	1
		}, {
			"type":	"slimeDrip",
			"x":	904,
			"y":	96,
			"interval":	40,
			"enabled":	1
		}, {
			"type":	"slimeDrip",
			"x":	992,
			"y":	96,
			"interval":	40,
			"enabled":	1
		}, {
			"type":	"slimeDrip",
			"x":	1064,
			"y":	96,
			"interval":	40,
			"enabled":	1
		}, {
			"type":	"slimeDrip",
			"x":	1152,
			"y":	96,
			"interval":	40,
			"enabled":	1
		}, {
			"type":	"slimeDrip",
			"x":	1216,
			"y":	96,
			"interval":	40,
			"enabled":	1
		}, {
			"type":	"pushBlock",
			"x":	224,
			"y":	640
		}],
	"tips":	[],
	"map":	"1 1 1 1 1 1 1 1 1 1 1 1 1 1 1 1 1 1 1 1 1 1 1 1 1 1 1 1 1 1 1 1 1 1 1 1 1 0 0 0 0 0 0 0 0 0 0 0 0 0 0 0 0 0 0 0 0 0 0 0 0 0 0 0 0 0 0 0 0 0 0 0 0 0 0 0 0 0 0 0 0 0 0 0 0 0 0 0 0 0 0 0 0 0 0 0 0 0 0 0 0 0 0 0 0 0 0 0 1 1 1 1 1 1 1 1 1 1 1 1 1 1 1 1 1 1 1 1 1 1 1 1 1 1 1 1 0 0 0 0 0 0 0 0 1 0 0 0 0 0 0 0 0 0 0 0 0 0 0 0 0 0 0 0 0 0 0 0 0 0 0 0 0 0 0 0 0 0 0 0 0 0 0 0 0 0 0 0 0 0 0 0 0 0 0 0 0 0 0 0 0 0 0 0 0 0 0 0 0 0 0 0 0 0 0 0 1 0 0 0 0 0 0 0 1 0 0 0 0 0 0 0 0 0 0 0 0 0 0 0 0 0 0 1 1 1 1 1 1 0 0 0 1 0 0 0 0 0 0 0 0 0 0 0 0 0 0 0 0 0 0 0 0 0 0 0 0 0 0 0 0 0 0 0 0 0 0 0 0 0 0 0 0 0 0 0 0 0 0 0 0 0 0 0 0 0 0 0 0 0 0 0 0 0 0 0 0 0 0 0 0 0 0 0 1 0 0 0 0 0 0 0 1 0 0 0 0 0 0 0 0 0 0 0 0 0 0 0 0 0 0 0 0 0 0 0 1 0 0 0 1 0 0 0 0 0 0 0 0 0 0 0 0 0 0 0 0 0 0 0 0 0 0 0 0 0 0 0 0 0 0 0 0 0 0 0 0 0 0 0 0 0 0 0 0 0 0 0 0 0 0 0 0 0 0 0 0 0 0 0 0 0 0 0 0 0 0 0 0 0 0 0 1 0 0 0 1 1 1 1 1 0 0 0 0 0 0 0 0 0 0 0 0 0 0 0 0 0 0 0 0 0 0 0 1 0 0 0 1 0 0 0 0 0 0 0 0 0 0 0 0 0 0 0 0 0 0 0 0 0 0 0 0 0 0 0 0 0 0 0 0 0 0 0 0 0 0 0 0 0 0 0 0 0 0 0 0 0 0 0 0 0 0 0 0 0 0 0 0 0 0 0 0 0 0 0 0 0 0 0 1 0 0 0 1 0 0 0 0 0 0 0 0 0 0 0 0 0 0 0 0 0 0 0 0 0 0 0 0 0 0 0 1 0 0 0 1 0 0 0 0 0 0 0 0 0 0 0 0 0 0 0 0 0 0 0 0 0 0 0 0 0 0 0 0 0 0 0 0 0 0 0 0 0 0 0 0 0 0 0 0 0 0 0 0 0 0 0 0 0 0 0 0 0 0 0 0 0 0 0 0 0 0 0 0 0 0 0 1 0 0 0 1 0 0 0 0 0 0 0 0 0 0 0 0 0 0 0 0 0 0 0 0 0 0 0 0 0 0 0 0 0 0 0 1 0 0 0 0 0 0 0 0 0 0 0 0 0 0 0 0 0 0 0 0 0 0 0 0 0 0 0 0 0 0 0 0 0 0 0 0 0 0 0 0 0 0 0 0 0 0 0 0 0 0 0 0 0 0 0 0 0 0 0 0 0 0 0 0 0 0 0 0 0 0 0 1 0 0 0 1 0 0 0 0 0 0 0 0 0 0 0 0 0 0 0 0 0 0 0 0 0 0 0 0 0 0 0 0 0 0 0 1 0 0 0 0 0 0 0 0 0 0 0 0 0 0 0 0 0 0 0 0 0 0 0 0 0 0 0 0 0 0 0 0 0 0 0 0 0 0 0 0 0 0 0 0 0 0 0 0 0 0 0 0 0 0 0 0 0 0 0 0 0 0 0 0 0 0 0 0 0 0 0 1 0 0 0 1 0 0 0 0 0 0 0 0 0 0 0 0 0 0 0 0 0 0 0 0 0 0 0 0 0 0 0 0 0 0 0 1 0 0 0 0 0 0 0 0 0 0 0 0 0 0 0 0 0 0 0 0 0 0 0 0 0 0 0 0 0 0 0 0 0 0 0 0 0 0 0 0 0 0 0 0 0 0 0 0 0 0 0 0 0 0 0 0 0 0 0 0 0 0 0 0 0 0 0 0 0 0 0 1 0 0 0 0 0 0 0 0 0 0 0 0 0 0 0 0 0 0 0 0 0 0 0 0 0 0 0 0 0 0 0 1 1 1 1 1 0 0 0 0 0 0 0 0 0 0 0 0 0 0 0 0 0 0 0 0 0 0 0 0 0 0 0 0 0 0 0 0 0 0 0 0 0 0 0 0 0 0 0 0 0 0 0 0 0 0 0 0 0 0 0 0 0 0 0 0 0 0 0 0 0 0 0 0 0 0 0 1 0 0 0 0 0 0 0 0 0 0 0 0 0 0 0 0 0 0 0 0 0 0 0 0 0 0 0 0 0 0 0 1 1 1 1 1 0 0 0 0 0 0 0 0 0 0 0 0 0 0 0 0 0 0 0 0 0 0 0 0 0 0 0 0 0 0 0 0 0 0 0 0 0 0 0 0 0 0 0 0 0 0 0 0 0 0 0 0 0 0 0 0 0 0 0 0 0 0 0 0 0 0 0 0 0 0 0 1 0 0 0 1 1 0 0 0 0 0 0 0 0 0 0 0 0 0 0 0 0 0 0 0 0 0 0 0 0 1 0 0 0 0 1 1 0 0 0 0 0 0 0 0 0 0 0 0 0 0 0 0 0 0 0 0 0 0 0 0 0 0 0 0 0 0 0 0 0 0 0 0 0 0 0 0 0 0 0 0 0 0 0 0 0 0 0 0 0 0 0 0 0 0 0 0 0 0 0 0 0 0 0 0 0 0 0 1 1 1 1 0 0 1 0 0 0 0 0 0 0 0 0 0 0 0 0 0 0 0 0 0 0 0 0 0 0 1 1 1 1 1 1 1 0 0 0 0 0 0 0 0 0 0 0 0 0 0 0 0 0 0 0 0 0 0 0 0 0 0 0 0 0 0 0 0 0 0 0 0 0 0 0 0 0 0 0 0 0 0 0 0 0 0 0 0 0 0 0 0 0 0 0 0 0 0 0 0 0 0 0 0 0 0 0 1 1 0 0 0 0 0 0 0 0 0 0 0 0 0 0 0 0 0 0 0 0 0 0 0 0 0 0 0 1 1 1 1 1 1 1 1 0 0 0 0 0 0 0 0 0 0 0 0 0 0 0 0 0 0 0 0 0 0 0 0 0 0 0 0 0 0 0 0 0 0 0 0 0 0 0 0 0 0 0 0 0 0 0 0 0 0 0 0 0 0 0 0 0 0 0 0 0 0 0 0 0 0 0 0 0 0 0 1 1 1 1 1 1 1 1 1 1 1 1 1 1 1 1 1 1 1 1 1 1 1 1 1 1 1 1 1 1 1 1 1 1 1 1 1 0 0 0 0 0 0 0 0 0 0 0 0 0 0 0 0 0 0 0 0 0 0 0 0 0 0 0 0 0 0 0 0 0 0 0 0 0 0 0 0 0 0 0 0 0 0 0 0 0 0 0 0 0 0 0 0 0 0 0 0 0 0 0 0 0 0 0 0 0 0 0 "
}
