{
	"cloneLimit":	2,
	"timeLimit":	120,
	"entities":	[{
			"type":	"door",
			"x":	4960,
			"y":	576,
			"name":	"pistolDoor",
			"open":	0
		}, {
			"type":	"spikes",
			"x":	3504,
			"y":	696
		}, {
			"type":	"door",
			"x":	3472,
			"y":	240,
			"open":	0
		}, {
			"type":	"toilet",
			"x":	3392,
			"y":	640,
			"facing":	"right",
			"requiresPlunger" : 1
		}, {
			"type":	"door",
			"x":	3904,
			"y":	432,
			"open":	0
		}, {
			"type":	"coin",
			"x":	3760,
			"y":	448
		}, {
			"type":	"coin",
			"x":	3800,
			"y":	448
		}, {
			"type":	"coin",
			"x":	3840,
			"y":	448
		}, {
			"type":	"coin",
			"x":	3720,
			"y":	488
		}, {
			"type":	"coin",
			"x":	3760,
			"y":	488
		}, {
			"type":	"coin",
			"x":	3800,
			"y":	488
		}, {
			"type":	"coin",
			"x":	3840,
			"y":	488
		}, {
			"type":	"platform",
			"x":	4152,
			"y":	275,
			"sx":	4152,
			"sy":	275,
			"ex":	4152,
			"ey":	624,
			"pause":	30,
			"speed":	4,
			"enabled":	1
		}, {
			"type":	"pushBlock",
			"x":	4088,
			"y":	248
		}, {
			"type":	"waterPistol",
			"x":	5040,
			"y":	600
		}, {
			"type":	"pressurePlate",
			"x":	4800,
			"y":	672,
			"targetName":	"pistolDoor"
		}, {
			"type":	"slimeDrip",
			"x":	4936,
			"y":	48,
			"interval":	0,
			"enabled":	0
		}, {
			"type":	"slimeDrip",
			"x":	4496,
			"y":	48,
			"interval":	60,
			"enabled":	1
		}, {
			"type":	"slimeDrip",
			"x":	4104,
			"y":	48,
			"interval":	70,
			"enabled":	1
		}, {
			"type":	"slimeDrip",
			"x":	3776,
			"y":	48,
			"interval":	80,
			"enabled":	1
		}, {
			"type":	"slimeDrip",
			"x":	3520,
			"y":	192,
			"interval":	60,
			"enabled":	1
		}, {
			"type":	"door",
			"x":	3600,
			"y":	48,
			"open":	0
		}, {
			"type":	"plunger",
			"x":	3392,
			"y":	80
		}, {
			"type":	"key",
			"x":	3512,
			"y":	504
		}, {
			"type":	"key",
			"x":	3512,
			"y":	560
		}, {
			"type":	"key",
			"x":	3512,
			"y":	616
		}, {
			"type":	"item",
			"x":	3560,
			"y":	592,
			"textureFilename" : "gfx/entities/item24.png"
		}, {
			"type":	"spitter",
			"x":	5056,
			"y":	440,
			"facing":	"left",
			"interval":	75,
			"enabled":	1
		}, {
			"type":	"spitter",
			"x":	5056,
			"y":	200,
			"facing":	"left",
			"interval":	75,
			"enabled":	1
		}, {
			"type":	"waterButton",
			"x":	4320,
			"y":	264,
			"emptyRate":	120,
			"facing":	"left",
			"targetName":	"topDoors"
		}, {
			"type":	"door",
			"x":	4768,
			"y":	48,
			"name":	"topDoors",
			"open":	0
		}, {
			"type":	"door",
			"x":	4288,
			"y":	48,
			"name":	"topDoors",
			"open":	0
		}, {
			"type":	"door",
			"x":	3976,
			"y":	48,
			"name":	"topDoors",
			"open":	0
		}, {
			"type":	"player",
			"x":	4576,
			"y":	640,
			"facing":	"left"
		}],
	"tips":	[],
	"map":	"0 0 0 0 0 0 0 0 0 0 0 0 0 0 0 0 0 0 0 0 0 0 0 0 0 0 0 0 0 0 0 0 0 0 0 0 0 0 0 0 0 0 0 0 0 0 0 0 0 0 0 0 0 0 0 0 0 0 0 0 0 0 0 0 0 0 0 0 0 1 1 1 1 1 1 1 1 1 1 1 1 1 1 1 1 1 1 1 1 1 1 1 1 1 1 1 1 1 1 1 1 1 1 1 1 1 1 1 0 0 0 0 0 0 0 0 0 0 0 0 0 0 0 0 0 0 0 0 0 0 0 0 0 0 0 0 0 0 0 0 0 0 0 0 0 0 0 0 0 0 0 0 0 0 0 0 0 0 0 0 0 0 0 0 0 0 0 0 0 0 0 0 0 0 0 0 0 1 0 0 0 0 0 0 0 0 0 0 0 0 0 0 0 0 0 0 0 0 0 0 0 0 0 0 0 0 0 0 0 0 0 0 0 0 0 1 0 0 0 0 0 0 0 0 0 0 0 0 0 0 0 0 0 0 0 0 0 0 0 0 0 0 0 0 0 0 0 0 0 0 0 0 0 0 0 0 0 0 0 0 0 0 0 0 0 0 0 0 0 0 0 0 0 0 0 0 0 0 0 0 0 0 0 0 0 1 0 0 0 0 0 0 0 0 0 0 0 0 0 0 0 0 0 0 0 0 0 0 0 0 0 0 0 0 0 0 0 0 0 0 0 0 0 1 0 0 0 0 0 0 0 0 0 0 0 0 0 0 0 0 0 0 0 0 0 0 0 0 0 0 0 0 0 0 0 0 0 0 0 0 0 0 0 0 0 0 0 0 0 0 0 0 0 0 0 0 0 0 0 0 0 0 0 0 0 0 0 0 0 0 0 0 0 1 1 1 1 1 1 1 1 1 0 0 0 1 1 1 1 1 1 1 1 1 1 1 1 1 1 1 1 1 1 1 1 1 1 1 0 0 0 1 0 0 0 0 0 0 0 0 0 0 0 0 0 0 0 0 0 0 0 0 0 0 0 0 0 0 0 0 0 0 0 0 0 0 0 0 0 0 0 0 0 0 0 0 0 0 0 0 0 0 0 0 0 0 0 0 0 0 0 0 0 0 0 0 0 0 0 0 0 1 0 0 1 0 0 0 0 0 0 0 1 1 0 0 0 0 0 0 0 1 0 0 0 0 0 0 0 0 0 0 0 0 0 0 0 0 1 1 0 0 0 0 0 0 0 0 0 0 0 0 0 0 0 0 0 0 0 0 0 0 0 0 0 0 0 0 0 0 0 0 0 0 0 0 0 0 0 0 0 0 0 0 0 0 0 0 0 0 0 0 0 0 0 0 0 0 0 0 0 0 0 0 0 0 0 0 0 1 0 0 0 0 0 0 0 0 0 1 1 1 0 0 0 0 0 0 0 1 0 0 0 0 1 1 1 1 1 1 1 1 1 1 1 1 1 1 0 0 0 0 0 0 0 0 0 0 0 0 0 0 0 0 0 0 0 0 0 0 0 0 0 0 0 0 0 0 0 0 0 0 0 0 0 0 0 0 0 0 0 0 0 0 0 0 0 0 0 0 0 0 0 0 0 0 0 0 0 0 0 0 0 0 0 0 0 1 0 0 0 0 0 0 0 0 1 1 1 1 0 0 0 1 0 0 0 1 0 0 0 0 0 0 0 0 0 0 0 0 0 0 0 0 0 1 0 0 0 0 0 0 0 0 0 0 0 0 0 0 0 0 0 0 0 0 0 0 0 0 0 0 0 0 0 0 0 0 0 0 0 0 0 0 0 0 0 0 0 0 0 0 0 0 0 0 0 0 0 0 0 0 0 0 0 0 0 0 0 0 0 0 0 0 0 1 0 0 1 0 1 0 0 1 1 1 1 1 0 0 0 1 0 0 0 1 0 0 1 1 1 1 1 1 1 1 1 1 1 1 1 0 0 1 0 0 0 0 0 0 0 0 0 0 0 0 0 0 0 0 0 0 0 0 0 0 0 0 0 0 0 0 0 0 0 0 0 0 0 0 0 0 0 0 0 0 0 0 0 0 0 0 0 0 0 0 0 0 0 0 0 0 0 0 0 0 0 0 0 0 0 0 0 1 0 0 1 0 0 0 1 1 1 1 1 1 0 0 0 1 0 0 0 1 0 0 0 0 0 0 0 0 0 0 0 0 0 0 0 0 0 1 0 0 0 0 0 0 0 0 0 0 0 0 0 0 0 0 0 0 0 0 0 0 0 0 0 0 0 0 0 0 0 0 0 0 0 0 0 0 0 0 0 0 0 0 0 0 0 0 0 0 0 0 0 0 0 0 0 0 0 0 0 0 0 0 0 0 0 0 0 1 0 0 1 0 0 1 1 1 0 0 0 0 0 0 0 1 0 0 0 1 0 0 0 0 0 0 0 0 0 0 0 0 0 0 0 0 1 1 0 0 0 0 0 0 0 0 0 0 0 0 0 0 0 0 0 0 0 0 0 0 0 0 0 0 0 0 0 0 0 0 0 0 0 0 0 0 0 0 0 0 0 0 0 0 0 0 0 0 0 0 0 0 0 0 0 0 0 0 0 0 0 0 0 0 0 0 0 1 0 0 1 0 1 1 1 0 0 0 0 0 0 0 0 1 0 0 0 1 1 1 1 1 1 1 0 0 0 1 1 1 1 1 1 1 1 1 0 0 0 0 0 0 0 0 0 0 0 0 0 0 0 0 0 0 0 0 0 0 0 0 0 0 0 0 0 0 0 0 0 0 0 0 0 0 0 0 0 0 0 0 0 0 0 0 0 0 0 0 0 0 0 0 0 0 0 0 0 0 0 0 0 0 0 0 0 1 0 0 1 0 1 1 1 1 1 1 1 1 0 0 0 1 0 0 0 1 0 0 0 0 0 0 0 0 1 0 0 0 0 1 0 0 0 1 0 0 0 0 0 0 0 0 0 0 0 0 0 0 0 0 0 0 0 0 0 0 0 0 0 0 0 0 0 0 0 0 0 0 0 0 0 0 0 0 0 0 0 0 0 0 0 0 0 0 0 0 0 0 0 0 0 0 0 0 0 0 0 0 0 0 0 0 0 1 0 0 1 0 0 1 1 1 1 1 1 1 0 0 0 0 0 0 0 0 0 0 0 0 0 0 0 0 0 0 0 0 0 0 0 0 0 1 0 0 0 0 0 0 0 0 0 0 0 0 0 0 0 0 0 0 0 0 0 0 0 0 0 0 0 0 0 0 0 0 0 0 0 0 0 0 0 0 0 0 0 0 0 0 0 0 0 0 0 0 0 0 0 0 0 0 0 0 0 0 0 0 0 0 0 0 0 1 0 0 1 0 1 1 1 1 1 1 1 1 0 0 0 0 0 0 0 0 0 0 0 0 0 0 0 0 0 0 0 0 0 0 0 0 0 1 0 0 0 0 0 0 0 0 0 0 0 0 0 0 0 0 0 0 0 0 0 0 0 0 0 0 0 0 0 0 0 0 0 0 0 0 0 0 0 0 0 0 0 0 0 0 0 0 0 0 0 0 0 0 0 0 0 0 0 0 0 0 0 0 0 0 0 0 0 1 1 1 1 0 1 1 1 1 1 1 1 1 1 1 1 1 1 1 1 1 1 1 1 1 1 1 1 1 1 1 1 1 1 1 1 1 1 1 "
}
