{
	"cloneLimit":	0,
	"timeLimit":	50,
	"entities":	[{
			"type":	"platform",
			"x":	2112,
			"y":	192,
			"name":	"platform",
			"sx":	2112,
			"sy":	192,
			"ex":	2112,
			"ey":	624,
			"pause":	30,
			"speed":	2,
			"enabled":	0
		}, {
			"type":	"door",
			"x":	1936,
			"y":	576,
			"name":	"tfDoor",
			"open":	0
		}, {
			"type":	"waterButton",
			"x":	1536,
			"y":	552,
			"emptyRate":	50,
			"facing":	"right",
			"targetName":	"tfDoor"
		}, {
			"type":	"waterButton",
			"x":	2216,
			"y":	128,
			"emptyRate":	20,
			"facing":	"right",
			"targetName":	"platDoor"
		}, {
			"type":	"platform",
			"x":	1200,
			"y":	192,
			"sx":	1200,
			"sy":	192,
			"ex":	1536,
			"ey":	192,
			"pause":	60,
			"speed":	2,
			"enabled":	1
		}, {
			"type":	"door",
			"x":	1168,
			"y":	384,
			"open":	0
		}, {
			"type":	"key",
			"x":	1088,
			"y":	96
		}, {
			"type":	"door",
			"x":	1216,
			"y":	576,
			"name":	"exitDoor",
			"open":	0
		}, {
			"type":	"pressurePlate",
			"x":	1064,
			"y":	480,
			"targetName":	"exitDoor"
		}, {
			"type":	"pushBlock",
			"x":	1464,
			"y":	328
		}, {
			"type":	"toilet",
			"x":	1080,
			"y":	640,
			"facing":	"right"
		}, {
			"type":	"slimeDrip",
			"x":	1152,
			"y":	528,
			"name":	"exitDoor",
			"interval":	45,
			"enabled":	1
		}, {
			"type":	"slimeDrip",
			"x":	1128,
			"y":	528,
			"name":	"exitDoor",
			"interval":	50,
			"enabled":	1
		}, {
			"type":	"slimeDrip",
			"x":	1112,
			"y":	528,
			"name":	"exitDoor",
			"interval":	55,
			"enabled":	1
		}, {
			"type":	"slimeDrip",
			"x":	1136,
			"y":	528,
			"name":	"exitDoor",
			"interval":	60,
			"enabled":	1
		}, {
			"type":	"slimeDrip",
			"x":	1160,
			"y":	528,
			"name":	"exitDoor",
			"interval":	65,
			"enabled":	1
		}, {
			"type":	"slimeDrip",
			"x":	1184,
			"y":	528,
			"name":	"exitDoor",
			"interval":	70,
			"enabled":	1
		}, {
			"type":	"player",
			"x":	1728,
			"y":	496,
			"facing":	"right"
		}, {
			"type":	"trafficLight",
			"x":	1712,
			"y":	616,
			"targetName":	"platform",
			"on":	0
		}, {
			"type":	"door",
			"x":	1672,
			"y":	96,
			"name":	"platDoor",
			"open":	0
		}, {
			"type":	"pressurePlate",
			"x":	1512,
			"y":	384,
			"targetName":	"spitterDoor"
		}, {
			"type":	"door",
			"x":	1928,
			"y":	288,
			"name":	"spitterDoor",
			"open":	0
		}, {
			"type":	"spitter",
			"x":	2032,
			"y":	344,
			"name":	"spitterDoor",
			"facing":	"left",
			"interval":	60,
			"enabled":	0
		}, {
			"type":	"coin",
			"x":	1960,
			"y":	296
		}, {
			"type":	"coin",
			"x":	1992,
			"y":	296
		}, {
			"type":	"coin",
			"x":	1888,
			"y":	296
		}, {
			"type":	"item",
			"x":	1392,
			"y":	56,
			"textureFilename" : "gfx/entities/item25.png"
		}, {
			"type":	"door",
			"x":	1168,
			"y":	96,
			"name":	"platDoor",
			"open":	0
		}, {
			"type":	"waterPistol",
			"x":	1880,
			"y":	472
		}, {
			"type":	"door",
			"x":	1024,
			"y":	384,
			"name":	"exitDoor",
			"open":	0
		}, {
			"type":	"coin",
			"x":	1216,
			"y":	64
		}, {
			"type":	"coin",
			"x":	1288,
			"y":	64
		}, {
			"type":	"coin",
			"x":	1480,
			"y":	64
		}, {
			"type":	"coin",
			"x":	1568,
			"y":	64
		}, {
			"type":	"coin",
			"x":	1256,
			"y":	632
		}, {
			"type":	"coin",
			"x":	1256,
			"y":	592
		}, {
			"type":	"coin",
			"x":	1256,
			"y":	552
		}, {
			"type":	"coin",
			"x":	1856,
			"y":	296
		}, {
			"type":	"coin",
			"x":	1824,
			"y":	296
		}, {
			"type":	"coin",
			"x":	1792,
			"y":	296
		}, {
			"type":	"coin",
			"x":	1760,
			"y":	296
		}, {
			"type":	"coin",
			"x":	1728,
			"y":	296
		}, {
			"type":	"slimeDrip",
			"x":	1176,
			"y":	528,
			"interval":	45,
			"enabled":	1
		}, {
			"type":	"slimeDrip",
			"x":	1168,
			"y":	528,
			"interval":	50,
			"enabled":	1
		}, {
			"type":	"slimeDrip",
			"x":	1144,
			"y":	528,
			"interval":	55,
			"enabled":	1
		}, {
			"type":	"slimeDrip",
			"x":	1120,
			"y":	528,
			"interval":	60,
			"enabled":	1
		}],
	"tips":	[],
	"map":	"0 0 0 0 0 0 0 0 0 0 0 0 0 0 0 0 0 0 1 1 1 1 1 1 1 1 1 1 1 1 1 1 1 1 1 1 1 1 1 1 1 1 1 1 1 1 1 1 0 0 0 0 0 0 0 0 0 0 0 0 0 0 0 0 0 0 0 0 0 0 0 0 0 0 0 0 0 0 0 0 0 0 0 0 0 0 0 0 0 0 0 0 0 0 0 0 0 0 0 0 0 0 0 0 0 0 0 0 0 0 0 0 0 0 0 0 0 0 0 0 0 0 0 0 0 0 1 1 1 1 0 0 1 0 0 0 0 0 0 0 0 0 1 1 1 1 1 1 1 1 1 1 1 1 1 1 0 0 0 0 0 0 0 0 0 0 0 0 0 0 0 0 0 0 0 0 0 0 0 0 0 0 0 0 0 0 0 0 0 0 0 0 0 0 0 0 0 0 0 0 0 0 0 0 0 0 0 0 0 0 0 0 0 0 0 0 0 0 0 0 0 0 0 0 0 0 0 0 0 0 0 0 0 0 1 1 1 1 0 0 0 0 0 0 0 0 0 0 0 0 0 0 0 0 0 0 0 0 0 0 0 0 0 1 0 0 0 0 0 0 0 0 0 0 0 0 0 0 0 0 0 0 0 0 0 0 0 0 0 0 0 0 0 0 0 0 0 0 0 0 0 0 0 0 0 0 0 0 0 0 0 0 0 0 0 0 0 0 0 0 0 0 0 0 0 0 0 0 0 0 0 0 0 0 0 0 0 0 0 0 0 0 1 1 1 1 0 0 0 0 0 0 0 0 0 0 0 0 0 0 0 0 0 0 0 0 0 0 0 0 0 1 0 0 0 0 0 0 0 0 0 0 0 0 0 0 0 0 0 0 0 0 0 0 0 0 0 0 0 0 0 0 0 0 0 0 0 0 0 0 0 0 0 0 0 0 0 0 0 0 0 0 0 0 0 0 0 0 0 0 0 0 0 0 0 0 0 0 0 0 0 0 0 0 0 0 0 0 0 0 1 1 1 1 1 1 1 0 0 0 0 0 0 0 0 0 1 1 1 1 1 1 1 1 1 1 0 0 1 1 0 0 0 0 0 0 0 0 0 0 0 0 0 0 0 0 0 0 0 0 0 0 0 0 0 0 0 0 0 0 0 0 0 0 0 0 0 0 0 0 0 0 0 0 0 0 0 0 0 0 0 0 0 0 0 0 0 0 0 0 0 0 0 0 0 0 0 0 0 0 0 0 0 0 0 0 0 0 1 1 1 1 1 1 1 0 0 0 0 0 0 0 0 0 0 0 1 1 1 1 1 1 1 1 0 0 1 1 0 0 0 0 0 0 0 0 0 0 0 0 0 0 0 0 0 0 0 0 0 0 0 0 0 0 0 0 0 0 0 0 0 0 0 0 0 0 0 0 0 0 0 0 0 0 0 0 0 0 0 0 0 0 0 0 0 0 0 0 0 0 0 0 0 0 0 0 0 0 0 0 0 0 0 0 0 0 1 1 1 1 1 1 1 0 0 0 0 0 0 0 0 0 0 0 0 0 0 0 0 0 0 1 0 0 1 1 0 0 0 0 0 0 0 0 0 0 0 0 0 0 0 0 0 0 0 0 0 0 0 0 0 0 0 0 0 0 0 0 0 0 0 0 0 0 0 0 0 0 0 0 0 0 0 0 0 0 0 0 0 0 0 0 0 0 0 0 0 0 0 0 0 0 0 0 0 0 0 0 0 0 0 0 0 0 1 1 1 1 0 0 1 0 0 0 0 0 0 0 0 0 0 0 0 0 0 0 0 0 0 1 0 0 1 1 0 0 0 0 0 0 0 0 0 0 0 0 0 0 0 0 0 0 0 0 0 0 0 0 0 0 0 0 0 0 0 0 0 0 0 0 0 0 0 0 0 0 0 0 0 0 0 0 0 0 0 0 0 0 0 0 0 0 0 0 0 0 0 0 0 0 0 0 0 0 0 0 0 0 0 0 0 0 1 1 1 0 0 0 0 0 0 1 1 1 1 1 1 1 1 0 1 1 1 1 1 1 1 1 0 0 1 1 0 0 0 0 0 0 0 0 0 0 0 0 0 0 0 0 0 0 0 0 0 0 0 0 0 0 0 0 0 0 0 0 0 0 0 0 0 0 0 0 0 0 0 0 0 0 0 0 0 0 0 0 0 0 0 0 0 0 0 0 0 0 0 0 0 0 0 0 0 0 0 0 0 0 0 0 0 0 1 0 0 0 0 0 0 0 0 0 0 0 0 0 0 0 0 0 0 0 0 0 0 0 0 0 0 0 1 1 0 0 0 0 0 0 0 0 0 0 0 0 0 0 0 0 0 0 0 0 0 0 0 0 0 0 0 0 0 0 0 0 0 0 0 0 0 0 0 0 0 0 0 0 0 0 0 0 0 0 0 0 0 0 0 0 0 0 0 0 0 0 0 0 0 0 0 0 0 0 0 0 0 0 0 0 0 0 1 0 0 1 1 1 1 1 1 0 0 0 0 0 0 0 0 0 0 0 0 0 1 0 0 0 0 0 1 1 0 0 0 0 0 0 0 0 0 0 0 0 0 0 0 0 0 0 0 0 0 0 0 0 0 0 0 0 0 0 0 0 0 0 0 0 0 0 0 0 0 0 0 0 0 0 0 0 0 0 0 0 0 0 0 0 0 0 0 0 0 0 0 0 0 0 0 0 0 0 0 0 0 0 0 0 0 0 1 0 0 1 0 0 0 1 0 1 0 0 0 0 0 1 1 1 1 1 1 1 1 0 0 0 0 0 1 1 0 0 0 0 0 0 0 0 0 0 0 0 0 0 0 0 0 0 0 0 0 0 0 0 0 0 0 0 0 0 0 0 0 0 0 0 0 0 0 0 0 0 0 0 0 0 0 0 0 0 0 0 0 0 0 0 0 0 0 0 0 0 0 0 0 0 0 0 0 0 0 0 0 0 0 0 0 0 1 0 0 1 0 0 0 1 0 0 0 0 0 0 0 1 1 0 0 0 0 0 0 0 0 0 0 0 1 1 0 0 0 0 0 0 0 0 0 0 0 0 0 0 0 0 0 0 0 0 0 0 0 0 0 0 0 0 0 0 0 0 0 0 0 0 0 0 0 0 0 0 0 0 0 0 0 0 0 0 0 0 0 0 0 0 0 0 0 0 0 0 0 0 0 0 0 0 0 0 0 0 0 0 0 0 0 0 1 0 0 0 0 0 0 0 0 0 1 1 1 1 1 1 1 0 0 0 0 0 0 0 0 0 0 0 1 1 0 0 0 0 0 0 0 0 0 0 0 0 0 0 0 0 0 0 0 0 0 0 0 0 0 0 0 0 0 0 0 0 0 0 0 0 0 0 0 0 0 0 0 0 0 0 0 0 0 0 0 0 0 0 0 0 0 0 0 0 0 0 0 0 0 0 0 0 0 0 0 0 0 0 0 0 0 0 1 1 1 1 1 1 1 1 1 1 1 1 1 1 1 1 1 1 1 1 1 1 1 1 1 1 1 1 1 1 0 0 0 0 0 0 0 0 0 0 0 0 0 0 0 0 0 0 0 0 0 0 0 0 0 0 0 0 0 0 0 0 0 0 0 0 0 0 0 0 0 0 0 0 0 0 0 0 0 0 0 0 0 0 0 0 0 0 0 0 "
}
