{
	"cloneLimit":	1,
	"timeLimit":	75,
	"entities":	[{
			"type":	"door",
			"x":	496,
			"y":	144,
			"name":	"waterDoor",
			"open":	0
		}, {
			"type":	"door",
			"x":	976,
			"y":	144,
			"name":	"waterDoor",
			"open":	0
		}, {
			"type":	"pushBlock",
			"x":	224,
			"y":	200
		}, {
			"type":	"pushBlock",
			"x":	592,
			"y":	200
		}, {
			"type":	"pushBlock",
			"x":	1032,
			"y":	200
		}, {
			"type":	"pressurePlate",
			"x":	360,
			"y":	672,
			"targetName":	"exitDoor1"
		}, {
			"type":	"pressurePlate",
			"x":	840,
			"y":	672,
			"targetName":	"exitDoor2"
		}, {
			"type":	"pressurePlate",
			"x":	1128,
			"y":	672,
			"targetName":	"exitDoor3"
		}, {
			"type":	"door",
			"x":	1552,
			"y":	144,
			"name":	"waterDoor",
			"open":	0
		}, {
			"type":	"coin",
			"x":	1600,
			"y":	80
		}, {
			"type":	"coin",
			"x":	1640,
			"y":	80
		}, {
			"type":	"coin",
			"x":	1680,
			"y":	80
		}, {
			"type":	"coin",
			"x":	1720,
			"y":	80
		}, {
			"type":	"coin",
			"x":	1760,
			"y":	80
		}, {
			"type":	"coin",
			"x":	1624,
			"y":	112
		}, {
			"type":	"coin",
			"x":	1664,
			"y":	112
		}, {
			"type":	"coin",
			"x":	1704,
			"y":	112
		}, {
			"type":	"coin",
			"x":	1744,
			"y":	112
		}, {
			"type":	"coin",
			"x":	1784,
			"y":	112
		}, {
			"type":	"coin",
			"x":	1600,
			"y":	144
		}, {
			"type":	"coin",
			"x":	1640,
			"y":	144
		}, {
			"type":	"coin",
			"x":	1680,
			"y":	144
		}, {
			"type":	"coin",
			"x":	1720,
			"y":	144
		}, {
			"type":	"coin",
			"x":	1760,
			"y":	144
		}, {
			"type":	"coin",
			"x":	1624,
			"y":	176
		}, {
			"type":	"coin",
			"x":	1744,
			"y":	176
		}, {
			"type":	"coin",
			"x":	1784,
			"y":	176
		}, {
			"type":	"door",
			"x":	1248,
			"y":	480,
			"name":	"exitDoor1",
			"open":	0
		}, {
			"type":	"door",
			"x":	1264,
			"y":	480,
			"name":	"exitDoor2",
			"open":	0
		}, {
			"type":	"door",
			"x":	1280,
			"y":	480,
			"name":	"exitDoor3",
			"open":	0
		}, {
			"type":	"spikes",
			"x":	480,
			"y":	648
		}, {
			"type":	"spikes",
			"x":	768,
			"y":	648
		}, {
			"type":	"spikes",
			"x":	960,
			"y":	648
		}, {
			"type":	"spikes",
			"x":	1056,
			"y":	648
		}, {
			"type":	"spikes",
			"x":	288,
			"y":	648
		}, {
			"type":	"toilet",
			"x":	1304,
			"y":	400,
			"facing":	"right"
		}, {
			"type":	"platform",
			"x":	64,
			"y":	632,
			"sx":	64,
			"sy":	632,
			"ex":	64,
			"ey":	240,
			"pause":	60,
			"speed":	2,
			"enabled":	1
		}, {
			"type":	"waterButton",
			"x":	648,
			"y":	312,
			"emptyRate":	15,
			"facing":	"right",
			"targetName":	"waterDoor"
		}, {
			"type":	"door",
			"x":	1408,
			"y":	336,
			"open":	0
		}, {
			"type":	"roofSpikes",
			"x":	1968,
			"y":	192
		}, {
			"type":	"roofSpikes",
			"x":	1872,
			"y":	288
		}, {
			"type":	"roofSpikes",
			"x":	1968,
			"y":	48
		}, {
			"type":	"roofSpikes",
			"x":	1968,
			"y":	384
		}, {
			"type":	"roofSpikes",
			"x":	1536,
			"y":	480
		}, {
			"type":	"player",
			"x":	632,
			"y":	640,
			"facing":	"left"
		}, {
			"type":	"key",
			"x":	1976,
			"y":	80
		}, {
			"type":	"spikes",
			"x":	1920,
			"y":	648
		}, {
			"type":	"spikes",
			"x":	1968,
			"y":	648
		}, {
			"type":	"slimeDrip",
			"x":	1936,
			"y":	48,
			"interval":	140,
			"enabled":	0
		}, {
			"type":	"slimeDrip",
			"x":	824,
			"y":	288,
			"interval":	200,
			"enabled":	1
		}, {
			"type":	"slimeDrip",
			"x":	1216,
			"y":	48,
			"interval":	160,
			"enabled":	1
		}, {
			"type":	"slimeDrip",
			"x":	352,
			"y":	48,
			"interval":	120,
			"enabled":	1
		}, {
			"type":	"waterPistol",
			"x":	632,
			"y":	472
		}, {
			"type":	"door",
			"x":	1696,
			"y":	288,
			"name":	"waterDoor",
			"open":	1
		}, {
			"type":	"door",
			"x":	1840,
			"y":	480,
			"name":	"keyDoor",
			"open":	0
		}, {
			"type":	"trafficLight",
			"x":	1760,
			"y":	328,
			"targetName":	"keyDoor",
			"on":	0
		}, {
			"type":	"coin",
			"x":	872,
			"y":	304
		}, {
			"type":	"coin",
			"x":	872,
			"y":	344
		}, {
			"type":	"coin",
			"x":	872,
			"y":	384
		}, {
			"type":	"roofSpikes",
			"x":	1296,
			"y":	480
		}, {
			"type":	"roofSpikes",
			"x":	1344,
			"y":	480
		}, {
			"type":	"roofSpikes",
			"x":	1392,
			"y":	480
		}, {
			"type":	"roofSpikes",
			"x":	1440,
			"y":	480
		}, {
			"type":	"roofSpikes",
			"x":	1488,
			"y":	480
		}, {
			"type":	"roofSpikes",
			"x":	1632,
			"y":	432
		}],
	"tips":	[],
	"map":	"1 1 1 1 1 1 1 1 1 1 1 1 1 1 1 1 1 1 1 1 1 1 1 1 1 1 1 1 1 1 1 1 1 1 1 1 1 1 1 1 1 1 1 0 0 0 0 0 0 0 0 0 0 0 0 0 0 0 0 0 0 0 0 0 0 0 0 0 0 0 0 0 0 0 0 0 0 0 0 0 0 0 0 0 0 0 0 0 0 0 0 0 0 0 0 0 0 0 0 0 0 0 0 0 0 0 0 0 1 0 0 0 0 0 0 0 0 0 1 0 0 0 0 0 0 0 0 0 1 0 0 0 0 0 0 0 0 0 0 0 1 0 0 0 0 0 1 0 0 0 1 0 0 0 0 0 0 0 0 0 0 0 0 0 0 0 0 0 0 0 0 0 0 0 0 0 0 0 0 0 0 0 0 0 0 0 0 0 0 0 0 0 0 0 0 0 0 0 0 0 0 0 0 0 0 0 0 0 0 0 0 0 0 0 0 0 1 0 0 0 0 0 0 0 0 0 1 0 0 0 0 0 0 0 0 0 1 0 0 0 0 0 0 0 0 0 0 0 1 0 0 0 0 0 1 0 0 0 1 0 0 0 0 0 0 0 0 0 0 0 0 0 0 0 0 0 0 0 0 0 0 0 0 0 0 0 0 0 0 0 0 0 0 0 0 0 0 0 0 0 0 0 0 0 0 0 0 0 0 0 0 0 0 0 0 0 0 0 0 0 0 0 0 0 1 0 0 0 0 0 0 0 0 0 0 0 0 0 0 0 0 0 0 0 0 0 0 0 0 0 0 0 0 0 0 0 0 0 0 0 0 0 1 0 0 1 1 0 0 0 0 0 0 0 0 0 0 0 0 0 0 0 0 0 0 0 0 0 0 0 0 0 0 0 0 0 0 0 0 0 0 0 0 0 0 0 0 0 0 0 0 0 0 0 0 0 0 0 0 0 0 0 0 0 0 0 0 0 0 0 0 0 1 0 0 0 0 0 0 0 0 0 0 0 0 0 0 0 0 0 0 0 0 0 0 0 0 0 0 0 0 0 0 0 0 0 0 1 0 0 1 0 0 0 1 0 0 0 0 0 0 0 0 0 0 0 0 0 0 0 0 0 0 0 0 0 0 0 0 0 0 0 0 0 0 0 0 0 0 0 0 0 0 0 0 0 0 0 0 0 0 0 0 0 0 0 0 0 0 0 0 0 0 0 0 0 0 0 0 0 1 0 0 0 1 1 1 1 0 1 1 1 1 1 1 1 1 1 0 1 1 1 1 1 0 1 1 1 1 1 1 1 1 1 1 1 1 1 1 1 0 0 1 0 0 0 0 0 0 0 0 0 0 0 0 0 0 0 0 0 0 0 0 0 0 0 0 0 0 0 0 0 0 0 0 0 0 0 0 0 0 0 0 0 0 0 0 0 0 0 0 0 0 0 0 0 0 0 0 0 0 0 0 0 0 0 0 0 1 0 0 0 0 0 0 0 0 0 0 0 0 0 0 0 0 0 0 0 0 0 0 0 0 0 1 0 0 1 0 0 0 0 0 0 0 0 1 0 0 0 1 0 0 0 0 0 0 0 0 0 0 0 0 0 0 0 0 0 0 0 0 0 0 0 0 0 0 0 0 0 0 0 0 0 0 0 0 0 0 0 0 0 0 0 0 0 0 0 0 0 0 0 0 0 0 0 0 0 0 0 0 0 0 0 0 0 1 0 0 0 0 0 0 0 0 0 0 0 0 0 0 0 0 0 0 0 0 0 0 0 0 0 1 0 0 0 0 0 0 0 0 0 0 0 1 0 0 1 1 0 0 0 0 0 0 0 0 0 0 0 0 0 0 0 0 0 0 0 0 0 0 0 0 0 0 0 0 0 0 0 0 0 0 0 0 0 0 0 0 0 0 0 0 0 0 0 0 0 0 0 0 0 0 0 0 0 0 0 0 0 0 0 0 0 1 0 0 0 0 1 1 0 0 0 0 0 1 1 1 0 0 0 0 0 0 0 0 0 0 0 1 0 0 0 0 0 0 0 1 1 1 1 1 0 0 0 1 0 0 0 0 0 0 0 0 0 0 0 0 0 0 0 0 0 0 0 0 0 0 0 0 0 0 0 0 0 0 0 0 0 0 0 0 0 0 0 0 0 0 0 0 0 0 0 0 0 0 0 0 0 0 0 0 0 0 0 0 0 0 0 0 0 1 0 0 0 1 0 0 0 0 0 0 0 0 0 0 0 0 0 0 0 0 0 0 0 0 0 1 1 1 1 1 1 1 0 0 0 0 0 1 1 0 0 1 0 0 0 0 0 0 0 0 0 0 0 0 0 0 0 0 0 0 0 0 0 0 0 0 0 0 0 0 0 0 0 0 0 0 0 0 0 0 0 0 0 0 0 0 0 0 0 0 0 0 0 0 0 0 0 0 0 0 0 0 0 0 0 0 0 1 0 0 0 0 0 0 0 0 0 0 0 0 0 0 0 0 0 0 0 0 0 0 0 0 0 0 0 0 0 0 0 0 0 0 0 0 0 0 0 0 0 1 0 0 0 0 0 0 0 0 0 0 0 0 0 0 0 0 0 0 0 0 0 0 0 0 0 0 0 0 0 0 0 0 0 0 0 0 0 0 0 0 0 0 0 0 0 0 0 0 0 0 0 0 0 0 0 0 0 0 0 0 0 0 0 0 0 1 0 0 0 0 0 0 0 0 0 0 0 1 1 1 0 0 0 0 0 0 0 0 0 0 0 0 0 0 0 0 0 0 1 1 1 0 0 0 0 0 1 1 0 0 0 0 0 0 0 0 0 0 0 0 0 0 0 0 0 0 0 0 0 0 0 0 0 0 0 0 0 0 0 0 0 0 0 0 0 0 0 0 0 0 0 0 0 0 0 0 0 0 0 0 0 0 0 0 0 0 0 0 0 0 0 0 0 1 0 0 0 0 0 0 1 0 1 0 0 0 0 0 0 0 1 0 1 0 0 0 1 0 1 1 1 0 0 0 0 1 0 0 0 0 1 1 0 0 0 1 0 0 0 0 0 0 0 0 0 0 0 0 0 0 0 0 0 0 0 0 0 0 0 0 0 0 0 0 0 0 0 0 0 0 0 0 0 0 0 0 0 0 0 0 0 0 0 0 0 0 0 0 0 0 0 0 0 0 0 0 0 0 0 0 0 1 0 0 0 0 0 0 1 0 1 0 0 0 0 0 0 0 1 0 1 0 0 0 1 0 1 1 1 1 1 1 0 0 0 0 0 1 1 1 1 0 0 1 0 0 0 0 0 0 0 0 0 0 0 0 0 0 0 0 0 0 0 0 0 0 0 0 0 0 0 0 0 0 0 0 0 0 0 0 0 0 0 0 0 0 0 0 0 0 0 0 0 0 0 0 0 0 0 0 0 0 0 0 0 0 0 0 0 1 1 1 1 1 1 1 1 1 1 1 1 1 1 1 1 1 1 1 1 1 1 1 1 1 1 1 1 1 1 1 1 1 1 1 1 1 1 1 1 1 1 1 0 0 0 0 0 0 0 0 0 0 0 0 0 0 0 0 0 0 0 0 0 0 0 0 0 0 0 0 0 0 0 0 0 0 0 0 0 0 0 0 0 0 0 0 0 0 0 0 0 0 0 0 0 0 0 0 0 0 0 0 0 0 0 0 0 "
}
