{
	"cloneLimit":	2,
	"timeLimit":	175,
	"entities":	[{
			"type":	"door",
			"x":	2752,
			"y":	576,
			"name":	"tfDoor1",
			"open":	0
		}, {
			"type":	"door",
			"x":	2752,
			"y":	240,
			"name":	"tfDoor2",
			"open":	0
		}, {
			"type":	"trafficLight",
			"x":	2520,
			"y":	616,
			"targetName":	"tfDoor2",
			"on":	0
		}, {
			"type":	"trafficLight",
			"x":	2312,
			"y":	616,
			"targetName":	"tfDoor1",
			"on":	0
		}, {
			"type":	"manholeCover",
			"x":	2840,
			"y":	144
		}, {
			"type":	"spitter",
			"x":	192,
			"y":	200,
			"facing":	"right",
			"interval":	45,
			"enabled":	1
		}, {
			"type":	"toilet",
			"x":	2664,
			"y":	496,
			"facing":	"left"
		}, {
			"type":	"platform",
			"x":	2640,
			"y":	336,
			"sx":	2640,
			"sy":	336,
			"ex":	2640,
			"ey":	240,
			"pause":	60,
			"speed":	2,
			"enabled":	1
		}, {
			"type":	"spikes",
			"x":	2640,
			"y":	360
		}, {
			"type":	"spikes",
			"x":	2688,
			"y":	360
		}, {
			"type":	"door",
			"x":	400,
			"y":	432,
			"name":	"waterDoor1",
			"open":	0
		}, {
			"type":	"door",
			"x":	640,
			"y":	432,
			"name":	"waterDoor2",
			"open":	0
		}, {
			"type":	"door",
			"x":	880,
			"y":	432,
			"name":	"waterDoor3",
			"open":	0
		}, {
			"type":	"door",
			"x":	1120,
			"y":	432,
			"name":	"waterDoor4",
			"open":	0
		}, {
			"type":	"door",
			"x":	1360,
			"y":	432,
			"name":	"waterDoor5",
			"open":	0
		}, {
			"type":	"door",
			"x":	1600,
			"y":	432,
			"name":	"waterDoor6",
			"open":	0
		}, {
			"type":	"door",
			"x":	1840,
			"y":	432,
			"name":	"waterDoor7",
			"open":	0
		}, {
			"type":	"door",
			"x":	2080,
			"y":	432,
			"name":	"waterDoor8",
			"open":	0
		}, {
			"type":	"waterButton",
			"x":	336,
			"y":	368,
			"emptyRate":	480,
			"facing":	"right",
			"targetName":	"waterDoor1"
		}, {
			"type":	"waterButton",
			"x":	576,
			"y":	368,
			"emptyRate":	480,
			"facing":	"right",
			"targetName":	"waterDoor2"
		}, {
			"type":	"waterButton",
			"x":	816,
			"y":	368,
			"emptyRate":	480,
			"facing":	"right",
			"targetName":	"waterDoor3"
		}, {
			"type":	"waterButton",
			"x":	1056,
			"y":	368,
			"emptyRate":	480,
			"facing":	"right",
			"targetName":	"waterDoor4"
		}, {
			"type":	"waterButton",
			"x":	1296,
			"y":	368,
			"emptyRate":	480,
			"facing":	"right",
			"targetName":	"waterDoor5"
		}, {
			"type":	"waterButton",
			"x":	1536,
			"y":	368,
			"emptyRate":	480,
			"facing":	"right",
			"targetName":	"waterDoor6"
		}, {
			"type":	"waterButton",
			"x":	1776,
			"y":	368,
			"emptyRate":	480,
			"facing":	"right",
			"targetName":	"waterDoor7"
		}, {
			"type":	"waterButton",
			"x":	2016,
			"y":	368,
			"emptyRate":	480,
			"facing":	"right",
			"targetName":	"waterDoor8"
		}, {
			"type":	"door",
			"x":	288,
			"y":	232,
			"name":	"Ha-ha",
			"open":	0
		}, {
			"type":	"pressurePlate",
			"x":	232,
			"y":	528,
			"targetName":	"exitDoor"
		}, {
			"type":	"door",
			"x":	2600,
			"y":	432,
			"name":	"exitDoor",
			"open":	0
		}, {
			"type":	"waterPistol",
			"x":	240,
			"y":	272
		}, {
			"type":	"pushBlock",
			"x":	2256,
			"y":	344
		}, {
			"type":	"coin",
			"x":	1880,
			"y":	320
		}, {
			"type":	"coin",
			"x":	1904,
			"y":	320
		}, {
			"type":	"coin",
			"x":	1640,
			"y":	320
		}, {
			"type":	"coin",
			"x":	1664,
			"y":	320
		}, {
			"type":	"coin",
			"x":	1424,
			"y":	320
		}, {
			"type":	"coin",
			"x":	1400,
			"y":	320
		}, {
			"type":	"coin",
			"x":	1160,
			"y":	320
		}, {
			"type":	"coin",
			"x":	1184,
			"y":	320
		}, {
			"type":	"coin",
			"x":	944,
			"y":	320
		}, {
			"type":	"coin",
			"x":	920,
			"y":	320
		}, {
			"type":	"coin",
			"x":	680,
			"y":	320
		}, {
			"type":	"coin",
			"x":	704,
			"y":	320
		}, {
			"type":	"coin",
			"x":	464,
			"y":	320
		}, {
			"type":	"coin",
			"x":	440,
			"y":	320
		}, {
			"type":	"player",
			"x":	2752,
			"y":	64,
			"facing":	"left"
		}, {
			"type":	"coin",
			"x":	1928,
			"y":	320
		}, {
			"type":	"coin",
			"x":	1688,
			"y":	320
		}, {
			"type":	"coin",
			"x":	1952,
			"y":	320
		}, {
			"type":	"coin",
			"x":	1712,
			"y":	320
		}, {
			"type":	"coin",
			"x":	1448,
			"y":	320
		}, {
			"type":	"coin",
			"x":	1472,
			"y":	320
		}, {
			"type":	"coin",
			"x":	1208,
			"y":	320
		}, {
			"type":	"coin",
			"x":	1232,
			"y":	320
		}, {
			"type":	"coin",
			"x":	968,
			"y":	320
		}, {
			"type":	"coin",
			"x":	992,
			"y":	320
		}, {
			"type":	"coin",
			"x":	728,
			"y":	320
		}, {
			"type":	"coin",
			"x":	752,
			"y":	320
		}, {
			"type":	"coin",
			"x":	488,
			"y":	320
		}, {
			"type":	"coin",
			"x":	512,
			"y":	320
		}],
	"tips":	[],
	"map":	"1 1 1 1 1 1 1 1 1 1 1 1 1 1 1 1 1 1 1 1 1 1 1 1 1 1 1 1 1 1 1 1 1 1 1 1 1 1 1 1 1 1 1 1 1 1 1 1 1 1 1 1 1 1 1 1 1 1 1 1 1 0 0 0 0 0 0 0 0 0 0 0 0 0 0 0 0 0 0 0 0 0 0 0 0 0 0 0 0 0 0 0 0 0 0 0 0 0 0 0 0 0 0 0 0 0 0 0 1 0 0 0 0 0 0 0 0 0 0 0 0 0 0 0 0 0 0 0 0 0 0 0 0 0 0 0 0 0 0 0 0 0 0 0 0 0 0 0 0 0 0 0 0 0 0 0 0 0 0 0 0 0 0 0 0 0 0 0 1 0 0 0 0 0 0 0 0 0 0 0 0 0 0 0 0 0 0 0 0 0 0 0 0 0 0 0 0 0 0 0 0 0 0 0 0 0 0 0 0 0 0 0 0 0 0 0 1 0 0 1 1 1 1 1 1 1 1 1 1 1 1 1 1 1 1 1 1 1 1 1 1 1 1 1 1 1 1 1 1 1 1 1 1 1 1 1 1 1 1 1 1 1 1 1 1 1 1 1 1 1 1 1 1 1 0 0 1 0 0 0 0 0 0 0 0 0 0 0 0 0 0 0 0 0 0 0 0 0 0 0 0 0 0 0 0 0 0 0 0 0 0 0 0 0 0 0 0 0 0 0 0 0 0 0 1 0 1 1 0 0 0 0 0 0 0 0 0 0 0 0 0 0 0 0 0 0 0 0 0 0 0 0 0 0 0 0 0 0 0 0 0 0 0 0 0 0 0 0 0 0 0 0 0 0 0 0 0 0 0 0 0 1 0 0 1 0 0 0 0 0 0 0 0 0 0 0 0 0 0 0 0 0 0 0 0 0 0 0 0 0 0 0 0 0 0 0 0 0 0 0 0 0 0 0 0 0 0 0 0 0 0 0 1 0 0 1 0 0 0 0 0 0 0 0 0 0 0 0 0 0 0 0 0 0 0 0 0 0 0 0 0 0 0 0 0 0 0 0 0 0 0 0 0 0 0 0 0 0 0 0 0 0 0 0 0 0 0 0 0 1 0 1 1 0 0 0 0 0 0 0 0 0 0 0 0 0 0 0 0 0 0 0 0 0 0 0 0 0 0 0 0 0 0 0 0 0 0 0 0 0 0 0 0 0 0 0 0 0 0 0 1 1 0 1 0 0 1 1 1 1 1 1 1 1 1 1 1 1 1 1 1 1 1 1 1 1 1 1 1 1 1 1 1 1 1 1 1 1 1 1 1 1 1 1 1 1 1 1 1 1 1 1 1 1 1 0 0 1 0 0 1 0 0 0 0 0 0 0 0 0 0 0 0 0 0 0 0 0 0 0 0 0 0 0 0 0 0 0 0 0 0 0 0 0 0 0 0 0 0 0 0 0 0 0 0 0 0 0 1 0 0 1 0 0 1 0 1 0 0 0 0 1 0 0 0 0 1 0 0 0 0 1 0 0 0 0 1 0 0 0 0 1 0 0 0 0 1 0 0 0 0 1 0 0 0 0 0 0 0 0 1 1 1 0 0 0 0 0 1 0 0 0 0 0 0 0 0 0 0 0 0 0 0 0 0 0 0 0 0 0 0 0 0 0 0 0 0 0 0 0 0 0 0 0 0 0 0 0 0 0 0 0 0 0 0 0 1 0 1 1 0 0 0 0 1 0 0 0 0 1 0 0 0 0 1 0 0 0 0 1 0 0 0 0 1 0 0 0 0 1 0 0 0 0 1 0 0 0 0 1 0 0 0 0 0 0 0 0 0 1 1 0 0 1 0 0 1 0 0 0 0 0 0 0 0 0 0 0 0 0 0 0 0 0 0 0 0 0 0 0 0 0 0 0 0 0 0 0 0 0 0 0 0 0 0 0 0 0 0 0 0 0 0 0 1 0 0 1 0 0 0 0 1 0 0 0 0 1 0 0 0 0 1 0 0 0 0 1 0 0 0 0 1 0 0 0 0 1 0 0 0 0 1 0 0 0 0 1 0 0 1 1 1 1 0 0 0 1 1 1 1 1 0 0 1 0 0 0 0 0 0 0 0 0 0 0 0 0 0 0 0 0 0 0 0 0 0 0 0 0 0 0 0 0 0 0 0 0 0 0 0 0 0 0 0 0 0 0 0 0 0 0 1 1 0 1 0 0 0 0 0 0 0 0 0 0 0 0 0 0 0 0 0 0 0 0 0 0 0 0 0 0 0 0 0 0 0 0 0 0 0 0 0 0 0 0 0 0 0 0 0 0 1 0 0 0 0 0 0 1 0 0 1 0 0 0 0 0 0 0 0 0 0 0 0 0 0 0 0 0 0 0 0 0 0 0 0 0 0 0 0 0 0 0 0 0 0 0 0 0 0 0 0 0 0 0 0 0 0 0 1 0 0 1 0 0 0 0 0 0 0 0 0 0 0 0 0 0 0 0 0 0 0 0 0 0 0 0 0 0 0 0 0 0 0 0 0 0 0 0 0 0 0 0 0 0 0 0 0 0 0 0 0 0 0 0 0 1 0 0 1 0 0 0 0 0 0 0 0 0 0 0 0 0 0 0 0 0 0 0 0 0 0 0 0 0 0 0 0 0 0 0 0 0 0 0 0 0 0 0 0 0 0 0 0 0 0 0 1 0 1 1 1 1 1 1 1 1 1 1 1 1 1 1 1 1 1 1 1 1 1 1 1 1 1 1 1 1 1 1 1 1 1 1 1 1 1 1 1 1 1 1 1 1 1 1 1 1 1 1 1 1 1 1 1 1 0 0 1 0 0 0 0 0 0 0 0 0 0 0 0 0 0 0 0 0 0 0 0 0 0 0 0 0 0 0 0 0 0 0 0 0 0 0 0 0 0 0 0 0 0 0 0 0 0 0 1 0 0 0 0 0 0 0 0 0 0 0 0 0 0 0 0 0 0 0 0 0 0 0 0 0 0 0 0 0 0 0 0 0 0 0 0 0 0 0 0 0 0 0 0 0 0 0 0 0 0 1 0 0 0 0 0 0 0 0 1 0 0 0 0 0 0 0 0 0 0 0 0 0 0 0 0 0 0 0 0 0 0 0 0 0 0 0 0 0 0 0 0 0 0 0 0 0 0 0 0 0 0 0 0 0 0 0 1 1 0 0 0 0 0 0 0 0 0 0 0 0 0 0 0 0 0 0 0 0 0 0 0 0 0 0 0 0 0 0 0 0 0 0 0 0 0 0 0 0 0 0 0 0 0 0 0 0 0 1 0 0 0 0 0 0 0 0 1 0 0 0 0 0 0 0 0 0 0 0 0 0 0 0 0 0 0 0 0 0 0 0 0 0 0 0 0 0 0 0 0 0 0 0 0 0 0 0 0 0 0 0 0 0 0 0 1 1 1 1 1 1 1 1 1 1 1 1 1 1 1 1 1 1 1 1 1 1 1 1 1 1 1 1 1 1 1 1 1 1 1 1 1 1 1 1 1 1 1 1 1 1 1 1 1 1 1 1 1 1 1 1 1 1 1 1 1 0 0 0 0 0 0 0 0 0 0 0 0 0 0 0 0 0 0 0 0 0 0 0 0 0 0 0 0 0 0 0 0 0 0 0 0 0 0 0 0 0 0 0 0 0 0 0 "
}
