{
	"cloneLimit":	3,
	"timeLimit":	55,
	"entities":	[{
			"type":	"spitter",
			"x":	48,
			"y":	56,
			"name":	"autoDoor",
			"facing":	"right",
			"interval":	10,
			"enabled":	1
		}, {
			"type":	"door",
			"x":	1152,
			"y":	0,
			"name":	"autoDoor",
			"open":	1
		}, {
			"type":	"waterButton",
			"x":	1192,
			"y":	40,
			"emptyRate":	60,
			"facing":	"right",
			"targetName":	"autoDoor"
		}, {
			"type":	"platform",
			"x":	384,
			"y":	200,
			"name":	"platform1",
			"sx":	384,
			"sy":	200,
			"ex":	152,
			"ey":	242,
			"pause":	20,
			"speed":	4,
			"enabled":	0
		}, {
			"type":	"manholeCover",
			"x":	72,
			"y":	192
		}, {
			"type":	"spitter",
			"x":	784,
			"y":	248,
			"facing":	"left",
			"interval":	20,
			"enabled":	1
		}, {
			"type":	"waterButton",
			"x":	480,
			"y":	224,
			"emptyRate":	60,
			"facing":	"left",
			"targetName":	"exitDoor"
		}, {
			"type":	"waterButton",
			"x":	1104,
			"y":	152,
			"emptyRate":	20,
			"facing":	"left",
			"targetName":	"platform1"
		}, {
			"type":	"door",
			"x":	256,
			"y":	624,
			"open":	0
		}, {
			"type":	"plunger",
			"x":	688,
			"y":	176
		}, {
			"type":	"pressurePlate",
			"x":	88,
			"y":	528,
			"targetName":	""
		}, {
			"type":	"toilet",
			"x":	1200,
			"y":	544,
			"facing":	"left",
			"requiresPlunger" : 1
		}, {
			"type":	"slimeDrip",
			"x":	1024,
			"y":	144,
			"interval":	100,
			"enabled":	1
		}, {
			"type":	"slimeDrip",
			"x":	560,
			"y":	336,
			"interval":	90,
			"enabled":	1
		}, {
			"type":	"slimeDrip",
			"x":	296,
			"y":	144,
			"interval":	80,
			"enabled":	1
		}, {
			"type":	"spikes",
			"x":	864,
			"y":	696
		}, {
			"type":	"spikes",
			"x":	912,
			"y":	696
		}, {
			"type":	"platform",
			"x":	720,
			"y":	384,
			"name":	"platform2",
			"sx":	720,
			"sy":	384,
			"ex":	816,
			"ey":	384,
			"pause":	30,
			"speed":	1,
			"enabled":	0
		}, {
			"type":	"pushBlock",
			"x":	728,
			"y":	344
		}, {
			"type":	"door",
			"x":	1072,
			"y":	192,
			"name":	"autoDoor",
			"open":	0
		}, {
			"type":	"coin",
			"x":	56,
			"y":	392
		}, {
			"type":	"item",
			"x":	728,
			"y":	584,
			"textureFilename" : "gfx/entities/item26.png"
		}, {
			"type":	"player",
			"x":	688,
			"y":	496,
			"facing":	"left"
		}, {
			"type":	"waterPistol",
			"x":	920,
			"y":	288
		}, {
			"type":	"door",
			"x":	1120,
			"y":	480,
			"name":	"exitDoor",
			"open":	1
		}, {
			"type":	"trafficLight",
			"x":	136,
			"y":	616,
			"targetName":	"platform2",
			"on":	0
		}, {
			"type":	"door",
			"x":	256,
			"y":	432,
			"name":	"autoDoor",
			"open":	0
		}, {
			"type":	"coin",
			"x":	96,
			"y":	392
		}, {
			"type":	"coin",
			"x":	136,
			"y":	392
		}, {
			"type":	"coin",
			"x":	176,
			"y":	392
		}, {
			"type":	"coin",
			"x":	80,
			"y":	424
		}, {
			"type":	"coin",
			"x":	120,
			"y":	424
		}, {
			"type":	"coin",
			"x":	160,
			"y":	424
		}, {
			"type":	"coin",
			"x":	200,
			"y":	424
		}, {
			"type":	"spikes",
			"x":	816,
			"y":	696
		}, {
			"type":	"door",
			"x":	784,
			"y":	624,
			"name":	"autoDoor",
			"open":	0
		}, {
			"type":	"spikes",
			"x":	960,
			"y":	696
		}, {
			"type":	"spitter",
			"x":	672,
			"y":	632,
			"facing":	"right",
			"interval":	30,
			"enabled":	1,
			"name" : "platform1"
		}],
	"tips":	[
		"This is it: Walter's final challenge! You're going to need to draw upon all your skills and everything you've learned to make it through. Timing is key!"
	],
	"map":	"1 1 1 1 1 1 1 1 1 1 1 1 1 1 1 1 1 1 1 1 1 1 1 1 1 1 1 0 0 0 0 0 0 0 0 0 0 0 0 0 0 0 0 0 0 0 0 0 0 0 0 0 0 0 0 0 0 0 0 0 0 0 0 0 0 0 0 0 0 0 0 0 0 0 0 0 0 0 0 0 0 0 0 0 0 0 0 0 0 0 0 0 0 0 0 0 0 0 0 0 0 0 0 0 0 0 0 0 1 0 0 0 0 0 0 0 0 0 0 0 0 0 0 0 0 0 0 0 0 0 0 0 0 0 1 0 0 0 0 0 0 0 0 0 0 0 0 0 0 0 0 0 0 0 0 0 0 0 0 0 0 0 0 0 0 0 0 0 0 0 0 0 0 0 0 0 0 0 0 0 0 0 0 0 0 0 0 0 0 0 0 0 0 0 0 0 0 0 0 0 0 0 0 0 0 0 0 0 0 0 0 0 0 0 0 0 1 1 1 1 1 1 1 1 1 1 1 1 1 1 1 1 1 1 1 1 1 1 1 1 1 1 1 0 0 0 0 0 0 0 0 0 0 0 0 0 0 0 0 0 0 0 0 0 0 0 0 0 0 0 0 0 0 0 0 0 0 0 0 0 0 0 0 0 0 0 0 0 0 0 0 0 0 0 0 0 0 0 0 0 0 0 0 0 0 0 0 0 0 0 0 0 0 0 0 0 0 0 0 0 0 0 0 0 1 0 0 0 1 0 0 0 0 0 0 0 0 1 0 0 0 1 0 0 0 0 1 0 0 0 1 0 0 0 0 0 0 0 0 0 0 0 0 0 0 0 0 0 0 0 0 0 0 0 0 0 0 0 0 0 0 0 0 0 0 0 0 0 0 0 0 0 0 0 0 0 0 0 0 0 0 0 0 0 0 0 0 0 0 0 0 0 0 0 0 0 0 0 0 0 0 0 0 0 0 0 0 0 0 0 0 0 1 0 0 0 0 0 0 0 0 0 0 0 0 0 0 0 0 1 0 0 0 0 0 0 0 0 1 0 0 0 0 0 0 0 0 0 0 0 0 0 0 0 0 0 0 0 0 0 0 0 0 0 0 0 0 0 0 0 0 0 0 0 0 0 0 0 0 0 0 0 0 0 0 0 0 0 0 0 0 0 0 0 0 0 0 0 0 0 0 0 0 0 0 0 0 0 0 0 0 0 0 0 0 0 0 0 0 0 1 1 1 0 0 0 0 0 0 1 0 0 0 0 0 0 0 1 0 0 0 0 0 0 0 1 1 0 0 0 0 0 0 0 0 0 0 0 0 0 0 0 0 0 0 0 0 0 0 0 0 0 0 0 0 0 0 0 0 0 0 0 0 0 0 0 0 0 0 0 0 0 0 0 0 0 0 0 0 0 0 0 0 0 0 0 0 0 0 0 0 0 0 0 0 0 0 0 0 0 0 0 0 0 0 0 0 0 1 1 1 1 0 0 0 0 0 1 1 1 1 1 1 1 1 1 1 0 0 0 1 1 1 1 1 0 0 0 0 0 0 0 0 0 0 0 0 0 0 0 0 0 0 0 0 0 0 0 0 0 0 0 0 0 0 0 0 0 0 0 0 0 0 0 0 0 0 0 0 0 0 0 0 0 0 0 0 0 0 0 0 0 0 0 0 0 0 0 0 0 0 0 0 0 0 0 0 0 0 0 0 0 0 0 0 0 1 1 1 1 1 1 0 0 0 0 0 0 0 0 1 0 1 0 0 1 0 0 1 1 1 1 1 0 0 0 0 0 0 0 0 0 0 0 0 0 0 0 0 0 0 0 0 0 0 0 0 0 0 0 0 0 0 0 0 0 0 0 0 0 0 0 0 0 0 0 0 0 0 0 0 0 0 0 0 0 0 0 0 0 0 0 0 0 0 0 0 0 0 0 0 0 0 0 0 0 0 0 0 0 0 0 0 0 1 0 0 0 0 1 0 0 0 0 0 0 0 0 1 0 0 0 0 0 0 0 1 1 0 0 1 0 0 0 0 0 0 0 0 0 0 0 0 0 0 0 0 0 0 0 0 0 0 0 0 0 0 0 0 0 0 0 0 0 0 0 0 0 0 0 0 0 0 0 0 0 0 0 0 0 0 0 0 0 0 0 0 0 0 0 0 0 0 0 0 0 0 0 0 0 0 0 0 0 0 0 0 0 0 0 0 0 1 0 0 0 0 0 0 1 0 0 0 0 0 0 0 0 0 0 1 0 0 1 1 1 0 0 1 0 0 0 0 0 0 0 0 0 0 0 0 0 0 0 0 0 0 0 0 0 0 0 0 0 0 0 0 0 0 0 0 0 0 0 0 0 0 0 0 0 0 0 0 0 0 0 0 0 0 0 0 0 0 0 0 0 0 0 0 0 0 0 0 0 0 0 0 0 0 0 0 0 0 0 0 0 0 0 0 0 1 0 0 0 0 0 0 1 0 0 0 0 0 0 0 0 0 0 0 0 1 1 0 0 0 0 1 0 0 0 0 0 0 0 0 0 0 0 0 0 0 0 0 0 0 0 0 0 0 0 0 0 0 0 0 0 0 0 0 0 0 0 0 0 0 0 0 0 0 0 0 0 0 0 0 0 0 0 0 0 0 0 0 0 0 0 0 0 0 0 0 0 0 0 0 0 0 0 0 0 0 0 0 0 0 0 0 0 1 1 1 1 1 1 1 1 1 0 0 0 0 1 1 1 1 0 0 0 0 0 0 0 0 0 1 0 0 0 0 0 0 0 0 0 0 0 0 0 0 0 0 0 0 0 0 0 0 0 0 0 0 0 0 0 0 0 0 0 0 0 0 0 0 0 0 0 0 0 0 0 0 0 0 0 0 0 0 0 0 0 0 0 0 0 0 0 0 0 0 0 0 0 0 0 0 0 0 0 0 0 0 0 0 0 0 0 1 0 0 0 0 1 0 0 0 0 0 0 0 1 0 0 1 0 0 0 0 0 0 1 1 1 1 0 0 0 0 0 0 0 0 0 0 0 0 0 0 0 0 0 0 0 0 0 0 0 0 0 0 0 0 0 0 0 0 0 0 0 0 0 0 0 0 0 0 0 0 0 0 0 0 0 0 0 0 0 0 0 0 0 0 0 0 0 0 0 0 0 0 0 0 0 0 0 0 0 0 0 0 0 0 0 0 0 1 0 0 0 0 0 0 0 0 0 0 1 1 1 0 0 0 0 0 0 0 0 1 1 1 1 1 0 0 0 0 0 0 0 0 0 0 0 0 0 0 0 0 0 0 0 0 0 0 0 0 0 0 0 0 0 0 0 0 0 0 0 0 0 0 0 0 0 0 0 0 0 0 0 0 0 0 0 0 0 0 0 0 0 0 0 0 0 0 0 0 0 0 0 0 0 0 0 0 0 0 0 0 0 0 0 0 0 1 1 1 1 1 1 1 1 1 1 1 1 1 1 1 1 1 0 0 0 0 1 1 1 1 1 1 0 0 0 0 0 0 0 0 0 0 0 0 0 0 0 0 0 0 0 0 0 0 0 0 0 0 0 0 0 0 0 0 0 0 0 0 0 0 0 0 0 0 0 0 0 0 0 0 0 0 0 0 0 0 0 0 0 0 0 0 0 0 0 0 0 0 0 0 0 0 0 0 0 0 0 0 0 0 0 0 0 "
}
