{
  "version": 2,
  "name": "psebay.zip",
  "items": [
    "Psebay.sh",
    "psebay"
  ],
  "items_opt": [],
  "attr": {
    "title": "Psebay",
    "porter": [
      "mattyj513"
    ],
    "desc": "Psebay is an atmospheric adventure in moto trial genre. Features exciting gameplay with dynamic gravity, special atmosphere and unique sound, stunning scenery in silhouette style, and comfortable and easy controls.",
    "inst": "Download apk version 4.0.21 from https://d.apkpure.com/b/APK/com.butakov.psebay?versionCode=4000021 , rename to psebay.apk, place in /ports/psebay",
    "genres": [
      "sports"
    ],
    "image": null,
    "rtr": false,
    "runtime": null,
    "reqs": []
  }
}