{
    "version": 2,
    "name": "tileworld.zip",
    "items": [
        "Tile World (Chip's Challenge).sh",
        "Tile World (Atari Lynx Theme Mod).sh",
        "Tile World (Natural Theme Mod).sh",
        "Tile World (Stadia Theme Mod).sh",
        "tileworld/"
    ],
    "items_opt": null,
    "attr": {
        "title": "Tile World",
        "desc": "Tile World is a source port clone of Chip's Challenge.\n\nHandheld edition based on: https://github.com/senquack/tileworld-for-handhelds",
        "inst": "Everything is included and ready to run.  Just launch the original Tile World (Chip's Challenge) or one of the theme mods and play!",
        "genres": [
            "puzzle"
        ],
        "porter": [
            "Slayer366"
        ],
        "image": {},
        "rtr": true,
        "runtime": null,
        "reqs": []
    }
}