{
    "version": 2,
    "name": "tileworld.zip",
    "items": [
        "Tile World (Chip's Challenge).sh",
        "Tile World (Natural Theme Mod).sh",
        "tileworld/"
    ],
    "items_opt": null,
    "attr": {
        "title": "Tile World",
        "desc": "Tile World is a source port clone of Chip's Challenge.\n\nHandheld edition based on: https://github.com/senquack/tileworld-for-handhelds",
        "inst": "To play the original Chip's Challenge levels, copy 'chips.dat' into 'ports/tileworld/data' and make sure it's lowercase.",
        "genres": [
            "puzzle"
        ],
        "porter": [
            "Slayer366"
        ],
        "image": {},
        "rtr": true,
        "runtime": null,
        "reqs": []
    }
}