{
    "version": "2",
    "name": "SuperDrome Bugs.zip",
    "items": [
        "SuperDrome Bugs.sh",
        "Superdromebugs"
    ],
    "items_opt": null,
    "attr": {
        "title": "SuperDrome Bugs",
        "porter": [
            "tabreturn"
        ],
        "desc": "One day Simon Pray -- a pest extinguisher living in Mexico -- receives a call from a luxurious mansion offering him a job. Something doesn't seem right, but Simon doesn't have time to think about it, he needs the money!. Join S.Pray and help him get rid of the pests!",
        "inst": "You can download SuperDome Bugs for free at: https://pistachoduck.itch.io/superdrome-bugs. Download the SuperDromerBugs_Linux64.zip version and extract it, and place the SuperDromerBugs_Linux64.x86_64 file in the gamedata directory.",
        "genres": [
            "platformer"
        ],
        "image": null,
        "rtr": false,
        "runtime": "frt_3.3.4.squashfs",
        "reqs": []
    },
    "status": {
        "source": "Unknown",
        "md5": null,
        "status": "Installed"
    },
    "files": {
        "port.json": "superdromebugs/superdromebugs.port.json",
        "SuperDrome Bugs.sh": "SuperDrome Bugs.sh",
        "superdromebugs": "superdromebugs"
    }
}
