{
  "version": 2,
  "name": "spinch.zip",
  "items": [
    "Spinch.sh",
    "spinch"
  ],
  "items_opt": [],
  "attr": {
    "title": "Spinch",
    "porter": [
      "mattyj513"
    ],
    "desc": "Transcend the material realm and assume your true form as Spinch, a hyper-agile organism consumed by the quest to rescue a litter of its missing offspring, in this side-scrolling, psychedelic platformer from the mind of award-winning Canadian cartoonist, Jesse Jacobs.",
    "inst": "Download the game from https://store.steampowered.com/app/794240/Spinch/ (also available but not tested from gog and humble). Copy data.win, all .ogg and .ini files to /ports/spinch/gamedata",
    "genres": [
      "platformer"
    ],
    "image": null,
    "rtr": false,
    "runtime": null,
    "reqs": [
      "2gb"
    ]
  }
}