{
    "version": 2,
    "name": "thecurseofissyos.zip",
    "items": [
        "Coi.sh",
        "coi/"
    ],
    "items_opt": null,
    "attr": {
        "title": "The Curse Of Issyos",
        "desc": "Defkalion was fishing on a quiet blue sea when he heard the voice of the Goddess Athena. Hurry up, she said, the isle of Issyos has been cursed by the Olympus. And so, fearing for his daughter Delia, his only family left, the fisherman sails back to his home, where the adventure is about to begin.",
        "inst": "To succesfully boot the game copy the data.win file into the gamedata folder, then boot the game from Coi.sh",
        "genres": [
            "action",
            "other"
        ],
        "porter": [
            "Tekkenfede",
            "Johnny on Flame"
        ],
        "image": {},
        "rtr": false,
        "runtime": null,
        "reqs": []
    }
}