{
  "version": 2,
  "name": "bzflag.zip",
  "items": [
    "Bzflag.sh",
    "bzflag"
  ],
  "items_opt": [],
  "attr": {
    "title": "BZFlag",
    "porter": [
      "Cebion"
    ],
    "desc": "BZFlag is a 3D multi-player tank battle game that allows users to play against each  other\nin  a  networked  environment.   There are five teams:  red, green, blue, purple and rogue\n(rogue tanks are black).  Destroying a player on another team scores a  win,  while  being\ndestroyed  or  destroying  a  teammate  scores a loss.  Rogues have no teammates (not even\nother rogues), so they cannot shoot teammates and they do not have a team score.",
    "inst": "All games files are included.\nTo enter your name START+D-PAD DOWN to enter Input mode UP / Down to enter your name and START to exit the Input mode.",
    "genres": [
      "action",
      "fps"
    ],
    "image": null,
    "rtr": true,
    "runtime": null,
    "reqs": []
  }
}