{
    "version": 2,
    "name": "gigalomania.zip",
    "items": [
        "Gigalomania.sh",
        "gigalomania/"
    ],
    "items_opt": null,
    "attr": {
        "title": "Gigalomania",
        "desc": "Gigalomania is an open source 2D Real Time Strategy god game.",
        "inst": "Gigalomania files are already included and ready to go.",
        "genres": [
            "strategy"
        ],
        "porter": [
            "Cebion"
        ],
        "image": {},
        "rtr": true,
        "runtime": null,
        "reqs": []
    }
}