{
    "version": 2,
    "name": "blues.brothers.zip",
    "items": [
        "Blues Brothers.sh",
        "bluesbrothers/"
    ],
    "items_opt": null,
    "attr": {
        "title": "Blues Brothers",
        "desc": "A rewrite of the Blues Brothers game engine developed by Titus Interactive.",
        "inst": "Includes the demo files.  You can add your own full game Amiga or Dos files to the ports/bluesbrothers/gamedata folder.",
        "genres": [
            "platformer"
        ],
        "porter": [
            "Jetup"
        ],
        "image": {},
        "rtr": true,
        "runtime": null,
        "reqs": []
    }
}