{
    "version": 2,
    "name": "cosmo-engine.zip",
    "items": [
        "cosmo-engine/",
        "Cosmos Cosmic Adventure.sh"
    ],
    "items_opt": null,
    "attr": {
        "title": "Cosmo-Engine",
        "desc": "A new game engine to play the MS-DOS game Cosmo's Cosmic Adventure on modern systems.",
        "inst": "Episode 1 is included and you can add Episode 2 and 3 gamefiles to the data folder.",
        "genres": [
            "action",
            "platformer"
        ],
        "porter": [
            "Bamboozler"
        ],
        "image": {},
        "rtr": true,
        "runtime": null,
        "reqs": []
    }
}