{
    "version": 2,
    "name": "maldita.castilla.zip",
    "items": [
        "Maldita Castilla.sh",
        "MalditaCastilla/"
    ],
    "items_opt": null,
    "attr": {
        "title": "Maldita Castilla",
        "desc": "An arcade action video game developed by Locomalito and released in December 2012.  The gameplay is inspired by the games Shinobi and Ghost and Goblins.",
        "inst": "Ready to run.",
        "genres": [
            "action",
            "adventure"
        ],
        "porter": [
            "krishenriksen"
        ],
        "image": {},
        "rtr": true,
        "runtime": null,
        "reqs": []
    }
}