{
    "version": 2,
    "name": "opentyrian.zip",
    "items": [
        "OpenTyrian.sh",
        "opentyrian/"
    ],
    "items_opt": null,
    "attr": {
        "title": "OpenTyrian",
        "desc": "OpenTyrian is an open-source port of the DOS game Tyrian.  ",
        "inst": "OpenTyrian 2.1 files are already included as they were made freeware sometime ago.",
        "genres": [
            "fps"
        ],
        "porter": [
            "Christian_Haitian"
        ],
        "image": {},
        "rtr": true,
        "runtime": null,
        "reqs": []
    }
}