{
    "version": 2,
    "name": "sorr.zip",
    "items": [
        "sorr/",
        "SorR.sh"
    ],
    "items_opt": null,
    "attr": {
        "title": "SorR",
        "desc": "Streets of Rage Remake.",
        "inst": "Just add your own sorr.dat file, mod folder, and palettes folder into the ports/sorr folder.  See the wiki for more info on this.",
        "genres": [
            "action"
        ],
        "porter": [
            "Christian_Haitian"
        ],
        "image": {},
        "rtr": false,
        "runtime": null,
        "reqs": []
    }
}