{
    "version": 2,
    "name": "luck.be.a.landlord.zip",
    "items": [
        "Luck be a landlord.sh",
        "luckbealandlord/"
    ],
    "items_opt": null,
    "attr": {
        "title": "Luck be a Landlord",
        "porter": [
            "tabreturn"
        ],
        "desc": "Your landlord is knocking on your door. You have one coin left to your name. You insert the coin into your slot machine...and...JACKPOT! Luck be a Landlord, tonight! Luck be a Landlord is a roguelike deck-builder about using a slot machine to earn rent money and defeat capitalism. This game does not contain any real-world currency gambling or microtransactions.",
        "inst": "You'll need to purchase the game from https://trampolinetales.itch.io/luck-be-a-landlord, then download the Linux version. Extract this .zip file and place the *Luck be a Landlord.pck* file in the gamedata folder. This works with the Version 1.2.4, Linux release.",
        "genres": [
            "simulation",
            "strategy"
        ],
        "image": {},
        "rtr": true,
        "runtime": "frt_3.5.2.squashfs",
        "reqs": []
    }
}
