{
    "version": 2,
    "name": "luck.be.a.landlord.zip",
    "items": [
        "Luck be a landlord.sh",
        "luckbealandlord/"
    ],
    "items_opt": null,
    "attr": {
        "title": "Luck be a Landlord",
        "porter": [
            "tabreturn"
        ],
        "desc": "Your landlord is knocking on your door. You have one coin left to your name. You insert the coin into your slot machine...and...JACKPOT! Luck be a Landlord, tonight! Luck be a Landlord is a roguelike deck-builder about using a slot machine to earn rent money and defeat capitalism. This game does not contain any real-world currency gambling or microtransactions.",
        "inst": "Download the version 1.2.0 DEMO Linux release from https://trampolinetales.itch.io/luck-be-a-landlord. Extract and copy the Luck be a Landlord.pck file into the gamedata folder.",
        "genres": [
            "simulation",
            "strategy"
        ],
        "image": {},
        "rtr": true,
        "runtime": "frt_3.5.2.squashfs",
        "reqs": []
    }
}
