{
    "version": 2,
    "name": "avp.zip",
    "items": [
        "Alien vs Predator.sh",
        "avp/"
    ],
    "items_opt": null,
    "attr": {
        "title": "Alien vs Predator",
        "desc": "The three most ferocious species in the universe in a bloodthirsty battle for the ultimate prize: survival. Take your pick: be a Colonial Marine, a Predator or an Alien. Fight through suspense-filled environments: from starships and space stations to colonial bases and eerie planetscapes. One wrong move turns you from hunter to prey.",
        "inst": "You will need the original files of the PC release copied to the ports/avp folder.",
        "genres": [
            "action",
            "fps"
        ],
        "porter": [
            "Cebion"
        ],
        "image": {},
        "rtr": false,
        "runtime": null,
        "reqs": []
    }
}