{
    "version": 2,
    "name": "quake.zip",
    "items": [
        "quake/",
        "Quake.sh"
    ],
    "items_opt": null,
    "attr": {
        "title": "Quake 1",
        "desc": "Quake 1 is one of the first fully 3D First-person shooter games released by id software.",
        "inst": "Includes shareware pak file.  You can add your own full game pak files to the ports/quake/quakepaks/id1 folder.",
        "genres": [
            "fps"
        ],
        "porter": [
            "Christian_Haitian"
        ],
        "image": {},
        "rtr": true,
        "runtime": null,
        "reqs": []
    }
}