{
  "items": [
    "Neverball.sh",
    "Neverputt.sh",
    "neverball"
  ],
  "attr": {
    "title": "Neverball",
    "porter": "Bamboozler",
    "desc": "Tilt the floor to roll a ball through an obstacle course within the given time. If the ball falls or time expires, a ball is lost.\n\nCollect coins to unlock the exit and earn extra balls. Red coins are worth 5. Blue coins are worth 10. A ball is awarded for 100 coins.\n\nIncludes Neverputt. ",
    "inst": "All files are included and game is ready to run.\n\nDpad and left stick are movement\nA is select/enter\nB is back/escape\nSelect is escape\nStart is enter",
    "genres": [
      "sports"
    ],
    "rtr": true,
    "runtime": "blank"
  }
}