{
    "version": 2,
    "name": "clockwind.zip",
    "items": [
        "Clockwind.sh",
        "clockwind/"
    ],
    "items_opt": null,
    "attr": {
        "title": "Clockwind",
        "porter": [
            "Cebion"
        ],
        "desc": "The mechanic of this game is time travel. Make your way through 4 levels utilizing the passage of time in different ways. This may involve making trees grow or turning a car in to a flying car.",
        "inst": "Ready to run.",
        "genres": [
            "platformer"
        ],
        "image": {},
        "rtr": true,
        "runtime": null,
        "reqs": []
    }
}