{
    "version": 2,
    "name": "openjazz.zip",
    "items": [
        "openjazz/",
        "OpenJazz.sh"
    ],
    "items_opt": null,
    "attr": {
        "title": "OpenJazz",
        "desc": "A free, open-source version of the classic Jazz Jackrabbit games by Alister Thomson.",
        "inst": "Includes the Jazz Jackrabiit shareware files.  You can add your own full game Dos files to the ports/openjazz/gamedata folder.",
        "genres": [
            "platformer"
        ],
        "porter": [
            "Jetup"
        ],
        "image": {},
        "rtr": true,
        "runtime": null,
        "reqs": []
    }
}