{
    "version": "2",
    "name": "Burst.zip",
    "items": [
        "Burst.sh",
        "burst"
    ],
    "items_opt": null,
    "attr": {
        "title": "Burst",
        "porter": [
            "tabreturn"
        ],
        "desc": "Your aura switches between red and blue every few seconds, hit balls the same color as your aura to gain points. The more balls there are on the screen, the more points you get. Game files are already included and ready to go.\n\nDPAD = Movement\nA / B = Dash\nR1 = Restart\nSTART = Pause\n",
        "inst": "",
        "genres": [
            "action"
        ],
        "image": null,
        "rtr": true,
        "runtime": "frt_3.4.5.squashfs",
        "reqs": []
    },
    "status": {
        "source": "Unknown",
        "md5": null,
        "status": "Installed"
    },
    "files": {
        "port.json": "burst/burst.port.json",
        "Burst.sh": "Burst.sh",
        "burst": "burst"
    }
}
