{
    "version": 2,
    "name": "mirrormagic.zip",
    "items": [
        "Mirror Magic.sh",
        "mirrormagic/"
    ],
    "items_opt": null,
    "attr": {
        "title": "Mirror Magic",
        "desc": "Arcade style game for in the tradition of Deflektor (C 64) and Mindbender (Amiga).",
        "inst": "Ready to run.",
        "genres": [
            "puzzle"
        ],
        "porter": [
            "Bamboozler"
        ],
        "image": {},
        "rtr": true,
        "runtime": null,
        "reqs": []
    }
}