{
    "version": 2,
    "name": "help.no.brake.zip",
    "items": [
        "HELP! NO BRAKE.sh",
        "helpnobrake/"
    ],
    "items_opt": null,
    "attr": {
        "title": "HELP! NO BRAKE",
        "porter": [
            "tabreturn"
        ],
        "desc": "Hey umm, your car won't brake anymore. So better clear all the levels to get it fixed I guess. Game files are already included and ready to go.\n\nLEFT/RIGHT = Steer\nB / A = Boost\nSTART = Pause\nR1 = Quick restart\n",
        "inst": "Ready to run.",
        "genres": [
            "racing"
        ],
        "image": {},
        "rtr": true,
        "runtime": "frt_3.5.2.squashfs",
        "reqs": []
    }
}