{
    "version": "2",
    "name": "HELP! NO BRAKE.zip",
    "items": [
        "HELP! NO BRAKE.sh",
        "helpnobrake"
    ],
    "items_opt": null,
    "attr": {
        "title": "HELP! NO BRAKE",
        "porter": [
            "tabreturn"
        ],
        "desc": "Hey umm, your car won't brake anymore. So better clear all the levels to get it fixed I guess. Game files are already included and ready to go.\n\nLEFT/RIGHT = Steer\nB / A = Boost\nSTART = Pause\nR1 = Quick restart\n",
        "inst": "",
        "genres": [
            "racing"
        ],
        "image": null,
        "rtr": true,
        "runtime": "frt_3.5.2.squashfs",
        "reqs": []
    },
    "status": {
        "source": "Unknown",
        "md5": null,
        "status": "Installed"
    },
    "files": {
        "port.json": "helpnobrake/helpnobrake.port.json",
        "HELP! NO BRAKE.sh": "HELP! NO BRAKE.sh",
        "helpnobrake": "helpnobrake"
    }
}
