{
    "version": 2,
    "name": "beat2x.zip",
    "items": [
        "beat2x/",
        "Beat2x.sh"
    ],
    "items_opt": null,
    "attr": {
        "title": "Beat2x",
        "porter": [
            "Bamboozler"
        ],
        "desc": "Beat2x is DDR-style rythm game where the goal is to time the button presses to line up with the music beat.\n",
        "inst": "All files are included and game is ready to play",
        "genres": [
            "rhythm"
        ],
        "image": {},
        "rtr": true,
        "runtime": null,
        "reqs": []
    }
}