{
    "version": 2,
    "name": "multris.zip",
    "items": [
        "multris/",
        "Multris.sh"
    ],
    "items_opt": null,
    "attr": {
        "title": "Multris",
        "desc": "A version of Tetris with randomly generated polyominoes of varying sizes.",
        "inst": "Ready to run.",
        "genres": [
            "puzzle"
        ],
        "porter": [
            "Bamboozler"
        ],
        "image": {},
        "rtr": true,
        "runtime": null,
        "reqs": []
    }
}