{
    "version": 2,
    "name": "sonic.1.zip",
    "items": [
        "Sonic 1.sh",
        "sonic1/"
    ],
    "items_opt": null,
    "attr": {
        "title": "Sonic 1",
        "desc": "Sonic the Hedgehog 1 decompilation by Rubberduckycooly.",
        "inst": "Just add your own android Data.rsdk file to the ports/sonic1 folder.  See the wiki for more info on this.",
        "genres": [
            "platformer"
        ],
        "porter": [
            "Christian_Haitian"
        ],
        "image": {},
        "rtr": false,
        "runtime": null,
        "reqs": []
    }
}