{
    "version": 2,
    "name": "spelunky.zip",
    "items": [
        "spelunky/",
        "Spelunky.sh"
    ],
    "items_opt": null,
    "attr": {
        "title": "Spelunky",
        "desc": "Spelunky Classic HD.  A modified version of Derek Yu's game Spelunky Classic. Based on the source code published in Humble Weekly Bundle: Play and Create with GameMaker (not original 1.1 release).",
        "inst": "Ready to run.",
        "genres": [
            "platformer"
        ],
        "porter": [
            "Christian_Haitian"
        ],
        "image": {},
        "rtr": true,
        "runtime": null,
        "reqs": []
    }
}