{
    "version": "2",
    "name": "cliff_hanger.zip",
    "items": [
        "Cliff Hanger.sh",
        "cliff_hanger"
    ],
    "items_opt": null,
    "attr": {
        "title": "Cliff Hanger",
        "porter": "Cebion",
        "desc": "Traverse the different levels of this huge cave, in less than 12 seconds, or else, you die!\n\nFor some reason tho, time doesnt seem to keep going when you grab on ledges and maybe some other things, idk.\n\nMake sure to collect all of those shiny diamond thingies, they surely are important for you, I assure you!",
        "inst": "",
        "genres": [
            "platformer"
        ],
        "image": null,
        "rtr": true,
        "runtime": "frt_3.2.3.squashfs",
        "reqs": []
    },
    "status": {
        "source": "Unknown",
        "md5": null,
        "status": "Installed"
    },
    "files": {
        "port.json": "cliff_hanger/cliff_hanger.port.json",
        "Cliff Hanger.sh": "Cliff Hanger.sh",
        "cliff_hanger": "cliff_hanger"
    }
}