{
    "version": 2,
    "name": "r_watch.zip",
    "items": [
        "R_Watch.sh",
        "r_watch"
    ],
    "items_opt": null,
    "attr": {
        "title": "R_Watch",
        "porter": [
            "MadShmupper"
        ],
        "desc": "a small game & watch style game",
        "inst": "download game from nizakashii.itch.io/rwatch, extract and place data.win and splash file into ports/r_watch/gamedata/  ",
        "genres": [
            "action"
        ],
        "image": null,
        "rtr": false,
        "runtime": null,
        "reqs": [],
        "exp": false
    },
    "status": {
        "source": "Unknown",
        "md5": null,
        "status": "Installed"
    },
    "files": {
        "port.json": "r_watch/r_watch.port.json",
        "R_Watch.sh": "R_Watch.sh",
        "r_watch": "r_watch",
        "r_watch.sh": "R_Watch.sh"
    }
}