{
    "version": 2,
    "name": "axiom.verge.zip",
    "items": [
        "axiom-verge/",
        "Axiom Verge.sh"
    ],
    "items_opt": null,
    "attr": {
        "title": "Axiom Verge",
        "desc": "A port of Axiom Verge, an awesome metroidvania 2D platformer.",
        "inst": "You will need to add your own files to the ports/axiom-verge/gamedata folder. YOU HAVE TO USE THE DRM FREE EPIC GAMES VERSION. file in your Portmaster/libs folder. All intructions are in the ports/axiom-verge/gamedata folder",
        "genres": [
            "action",
            "adventure",
            "platformer"
        ],
        "porter": [
            "Johnny on Flame",
            "Overflask",
            "Nuxx"
        ],
        "image": {},
        "rtr": false,
        "runtime": "mono-6.12.0.122-aarch64.squashfs",
        "reqs": []
    }
}