{
    "version": "2",
    "name": "Spooky.zip",
    "items": [
        "Spooky.sh",
        "Spooky"
    ],
    "items_opt": null,
    "attr": {
        "title": "Spooky Ghosts Dot Com",
        "porter": [
            "Tekkenfede"
        ],
        "desc": "Spooky Ghosts Dot Com is a small metroidvania about a ghost hunter named Ruby. One Halloween night a ghost hunting job comes in, but it turns out to not be a regular gig!",
        "inst": "Copy the file SpookyGhostsDotCom inside the game folder, if you have the steam version rename the file \"SpookyGhostsDotCom-Steam\".",
        "genres": [
            "platformer",
            "arcade"
        ],
        "image": null,
        "rtr": false,
        "runtime": "frt_2.1.6.squashfs",
        "reqs": []
    }
}