{
    "version": 2,
    "name": "domeromantik.zip",
    "items": [
        "DomeRomantik/",
        "DomeRomantik.sh"
    ],
    "items_opt": null,
    "attr": {
        "title": "Dome Romantik",
        "porter": [
            "Tekkenfede"
        ],
        "desc": "Dig your way through to the core of the planet. Mine minerals, bring them back to your dome and install upgrades just in time to defend from hostile lifeforms.",
        "inst": "Launch DomeRomantik.sh",
        "genres": [
            "strategy"
        ],
        "image": {},
        "rtr": true,
        "runtime": "frt_3.5.2.squashfs",
        "reqs": []
    }
}