{
    "version": 2,
    "name": "prehistorik.2.zip",
    "items": [
        "Prehistorik 2.sh",
        "prehistorik2/"
    ],
    "items_opt": null,
    "attr": {
        "title": "Prehistorik 2",
        "desc": "A caveman-era platform game using the Blues Brothers game engine developed by Titus Interactive.  ",
        "inst": "Includes the demo files. You can add your own full game Dos files to the ports/prehistorik2/gamedata folder.",
        "genres": [
            "arcade"
        ],
        "porter": [
            "Jetup"
        ],
        "image": {},
        "rtr": false,
        "runtime": null,
        "reqs": []
    }
}