{
  "version": 2,
  "name": "bittriprunner2.zip",
  "items": [
    "Bit Trip Runner 2.sh",
    "bittriprunner2"
  ],
  "items_opt": [],
  "attr": {
    "title": "BIT.TRIP Presents... Runner2: Future Legend of Rhythm Alien",
    "porter": [
      "Shark"
    ],
    "desc": "'Bit.Trip Runner2', also known as 'Runner2: Future Legend of Rhythm Alien', is a rhythm-based platformer video game developed by Gaijin Games. Released in 2013, it is the sequel to the original Bit.Trip Runner. The game features CommanderVideo, the main character, navigating through various levels filled with obstacles and challenges, all synchronized to an engaging electronic soundtrack. Players must execute precise jumps, slides, and kicks to the beat of the music, creating a dynamic and rhythmic gameplay experience. With its vibrant visuals, catchy music, and addictive gameplay, Bit.Trip Runner2 offers a unique and entertaining take on the platformer genre.",
    "inst": "Copy your Linux Game files (runner2, Runner2.png, package.toc and the other 9 folders) to the runner2 folder.",
    "genres": [
      "platformer",
      "rhythm"
    ],
    "image": null,
    "rtr": false,
    "exp": false,
    "runtime": null,
    "reqs": []
  }
}