{
    "version": 2,
    "name": "alephone-marathoninfinity.zip",
    "items": [
        "alephone/",
        "Marathon Infinity.sh"
    ],
    "items_opt": null,
    "attr": {
        "title": "Aleph-One Marathon Infinity",
        "desc": "An open source version of Bungie's Marathon Infinity first person shooter.",
        "inst": "All files have been included.",
        "genres": [
            "fps"
        ],
        "porter": [
            "romadu"
        ],
        "image": {},
        "rtr": true,
        "runtime": null,
        "reqs": []
    }
}