{
    "version": 2,
    "name": "klorets.zip",
    "items": [
        "Klorets.sh",
        "klorets"
    ],
    "items_opt": null,
    "attr": {
        "title": "Klorets",
        "porter": [
            "mattyj513"
        ],
        "desc": "Simple bullet hell shooter from the creator of Magic Vigilante",
        "inst": "Download game from https://nizakashii.itch.io/klorets , copy data.win to /ports/klorets/gamedata",
        "genres": [
            "arcade"
        ],
        "image": null,
        "rtr": false,
        "runtime": null,
        "reqs": []
    },
    "status": {
        "source": "Unknown",
        "md5": null,
        "status": "Installed"
    },
    "files": {
        "port.json": "klorets/klorets.port.json",
        "Klorets.sh": "Klorets.sh",
        "klorets": "klorets"
    }
}