{
  "version": 2,
  "name": "kenslabyrinth.zip",
  "items": [
    "Ken's Labyrinth.sh",
    "kenslabyrinth"
  ],
  "items_opt": [],
  "attr": {
    "title": "Ken's Labyrinth",
    "porter": [
      "Slayer366",
      "Tekkenfede"
    ],
    "desc": "Ken's Labyrinth is a first-person shooter for MS-DOS published in 1993 by Epic MegaGames. It was programmed by Ken Silverman, who later designed the Build engine used for rendering in 3D Realms's Duke Nukem 3D (1996). \n Ken's Labyrinth is about an ordinary man, heavily implied to be Ken Silverman himself, who wakes up one night to discover that his dog has been kidnapped by aliens. He tags along on their ship and ends up on their homeworld, where he must defeat the murderous creatures and rescue his beloved pet.",
    "inst": "Ready to run.",
    "genres": [
      "fps"
    ],
    "image": null,
    "rtr": true,
    "exp": false,
    "runtime": null,
    "reqs": []
  }
}