{
  "version": 2,
  "name": "magicvigilante.zip",
  "items": [
    "Magic Vigilante.sh",
    "magicvigilante"
  ],
  "items_opt": [],
  "attr": {
    "title": "Magic Vigilante",
    "porter": [
      "mattyj513"
    ],
    "desc": "This is a difficult bullet-hell shooter. There are 7+1 levels. Half of them are boss battles. Good luck!",
    "inst": "Download game from https://nizakashii.itch.io/magicvigilante, copy data.win to /ports/magicviglante/gamedata",
    "genres": [
      "action"
    ],
    "image": null,
    "rtr": false,
    "runtime": null,
    "reqs": []
  }
}