{
    "version": 2,
    "name": "shadow.warrior.zip",
    "items": [
        "Shadow Warrior.sh",
        "shadow-warrior/"
    ],
    "items_opt": null,
    "attr": {
        "title": "Shadow Warrior",
        "desc": "Shadow Warrior open source port by Jonathan Fowler.",
        "inst": "You'll need to add your own full version SW.GRP and SW.RTS Shadow Warrior files to the ports/shadow-warrior folder.",
        "genres": [
            "fps"
        ],
        "porter": [
            "romadu"
        ],
        "image": {},
        "rtr": false,
        "runtime": null,
        "reqs": []
    }
}