{
  "version": 2,
  "name": "missdriller",
  "items": [
    "Miss Driller.sh",
    "missdriller"
  ],
  "items_opt": [],
  "attr": {
    "title": "Miss Driller",
    "porter": [
      "Bamboozler"
    ],
    "desc": "Miss Driller is an open source game inspired by Mr. Driller. The objective of the game is to try to drill as deep as you can without losing all your oxygen or have blocks fall on you.",
    "inst": "All files are included and game is ready to play",
    "genres": [
      "puzzle"
    ],
    "image": null,
    "rtr": true,
    "runtime": null,
    "reqs": []
  }
}