{
    "version": 2,
    "name": "sdlpop.zip",
    "items": [
        "sdlpop/",
        "SDLPoP.sh"
    ],
    "items_opt": null,
    "attr": {
        "title": "SDLPoP",
        "desc": "An open-source port of Prince of Persia, based on the disassembly of the DOS version, extended with new features by NagyD",
        "inst": "Ready to run.",
        "genres": [
            "platformer"
        ],
        "porter": [
            "Christian_Haitian"
        ],
        "image": {},
        "rtr": true,
        "runtime": null,
        "reqs": []
    }
}