{
    "version": 2,
    "name": "plaqueattackremake.zip",
    "items": [
        "PlaqueAttackRemake/",
        "PlaqueAttackRemake.sh"
    ],
    "items_opt": null,
    "attr": {
        "title": "Plaque Attack Remake",
        "desc": "*Optimized for 4:3 and 16:9 (or similar ex. rg552). Could scale weirdly on gameboy like aspect ratio.* Atari 2600's Plaque Attack game remake made for Highjam #1 by Escada Games.",
        "inst": "Plaque attack Remake files are already included and ready to go. To Force a particular version rename the desired one in the installation folder as PlaqueAttackRemake.zip and delete the other one, then boot.",
        "genres": [
            "action",
            "other"
        ],
        "porter": [
            "Tekkenfede"
        ],
        "image": {},
        "rtr": true,
        "runtime": null,
        "reqs": []
    }
}