{
    "version": 2,
    "name": "powder.zip",
    "items": [
        "Powder.sh",
        "powder/"
    ],
    "items_opt": null,
    "attr": {
        "title": "Powder",
        "desc": "A roguelike is a dungeon crawler where no two games are the same. The maps are different, the items are different, there are no guaranteed win paths.",
        "inst": "Powder files are already included and ready to go.",
        "genres": [
            "rpg"
        ],
        "porter": [
            "Cebion"
        ],
        "image": {},
        "rtr": true,
        "runtime": null,
        "reqs": []
    }
}