{
    "version": 2,
    "name": "iconoclasts.zip",
    "items": [
        "iconoclasts/",
        "Iconoclasts.sh"
    ],
    "items_opt": null,
    "attr": {
        "title": "Iconoclasts",
        "desc": "A platformer that offers fun and wacky gameplay.  Recommended only for 640x480 devices or better.",
        "inst": "You must have a copy of Iconoclasts for Linux copied to the ports/iconoclasts/gamedata folder.  Be sure the folder contains subfolders named 32, 64 and data.",
        "genres": [
            "action",
            "adventure"
        ],
        "porter": [
            "Johnny on Flame"
        ],
        "image": {},
        "rtr": false,
        "runtime": null,
        "reqs": []
    }
}