{
  "version": "2",
  "name": "starboy.zip",
  "items": [
    "StarBoy.sh",
    "starboy"
  ],
  "items_opt": null,
  "attr": {
    "title": "StarBoy",
    "porter": [
      "tabreturn"
    ],
    "desc": "During its journey StarBoy crashed and got lost in an unknown planet, help him return back to its spaceship!",
    "inst": "You can purchase StarBoy at: https://mrkdji.itch.io/starboy\n\nDownload and extract it, and place the starboy_linux.pck file in the gamedata directory. This has been tested with starboy_linux.zip, version 1.0.3\n\nLEFT/RIGHT = Horizontal movement\nUP/DOWN = Climb ladder\nA = Grab & throw\nB = Jump",
    "genres": [
      "platformer"
    ],
    "image": null,
    "rtr": false,
    "runtime": "frt_3.3.2.squashfs",
    "reqs": []
  }
}
