{
  "version": 2,
  "name": "brogue.zip",
  "items": [
    "Brogue.sh",
    "brogue"
  ],
  "items_opt": [],
  "attr": {
    "title": "Brogue",
    "porter": [
      "Troidem",
      "Cebion"
    ],
    "desc": "Brogue is a single-player strategy game set in the halls of a mysterious and randomly-generated dungeon. The objective is simple enough -- retrieve the fabled Amulet of Yendor from the 26th level -- but the dungeon is riddled with danger.",
    "inst": "Game files are already included. Controls are rather complex, make sure to read the control sheet carefully.",
    "genres": [
      "rpg"
    ],
    "image": null,
    "rtr": true,
    "runtime": null,
    "reqs": []
  }
}