{
    "version": 2,
    "name": "reminiscence.zip",
    "items": [
        "reminiscence/",
        "REminiscence.sh"
    ],
    "items_opt": null,
    "attr": {
        "title": "Reminiscence",
        "desc": "A reimplementation of the Flashback game using the reminiscence engine by Alex Chermenin.",
        "inst": "You will need the original files of the PC version copied to ports/reminiscence/gamedata folder.",
        "genres": [
            "action",
            "adventure"
        ],
        "porter": [
            "Jetup",
            "romadu"
        ],
        "image": {},
        "rtr": false,
        "runtime": null,
        "reqs": []
    }
}