{
  "version": 2,
  "name": "yarntown.zip",
  "items": [
    "Yarntown.sh",
    "yarntown/"
  ],
  "items_opt": [],
  "attr": {
    "title": "Yarntown",
    "porter": [
      "Jeod",
    ],
    "desc": "You’ve come on the night of the hunt. The streets of this cursed, gothic town are overrun with beasts, and what has become of the men who tried to hunt them before. Explore the twisting roads, go toe to toe with powerful foes, and uncover Yarntown’s dark secrets.",
    "inst": "Download game from https://solarus-games.org/games/yarntown/ and put the .solarus file in yarntown/game.",
    "genres": [
      "action",
    ],
    "image": "yarntown.screenshot.png",
    "rtr": false,
    "exp": false,
    "runtime": null,
    "reqs": [
		"power"
	]
  }
}