{
    "version": 2,
    "name": "gmu.music.player.zip",
    "items": [
        "Gmu Music Player.sh",
        "gmu-music-player/"
    ],
    "items_opt": null,
    "attr": {
        "title": "Gmu Music Player",
        "desc": "Gmu is an open source music player for portable gaming consoles and handhelds.",
        "inst": "Add your music to the 'ports/gmu-music-player/music' folder for easy access or wherever else you wish as you can browse all storage for files.",
        "genres": [
            "other"
        ],
        "porter": [
            "Slayer366"
        ],
        "image": {},
        "rtr": false,
        "runtime": null,
        "reqs": []
    }
}