<?xml version="1.0" encoding="UTF-8"?>
<PXML>
	<package id="gmu-090">
		<version major="0" minor="9" release="0" build="1" type="release"/>
		<author name="wej" website="http://wejp.k.vu/"/>
		<titles>
			<title lang="en_US">Gmu Music Player</title>
			<title lang="de_DE">Gmu Music Player</title>
		</titles>
		<descriptions>
			<description lang="en_US">The Gmu Music Player. It supports various audio file formats, including Ogg Vorbis, MP3, MP2, Musepack, FLAC, Speex, WavPack, MOD, XM and IT.</description>
			<description lang="de_DE">Der Gmu Musikabspieler. Unterstützt werden verschiedene Dateiformate, einschließlich Ogg Vorbis, MP3, MP2, Musepack, FLAC, Speex, WavPack, MOD, XM und IT.</description>
		</descriptions>
		<icon src="gmu.png"/>
	</package>
	<application id="gmu-sdl">
		<exec background="true" startdir="." standalone="true" command="gmu-pandora.sh"/>
		<version major="0" minor="9" release="0" build="1" type="release"/>
		<osversion major="1" minor="0" release="0" build="0"/>
		<author name="wej" website="http://wejp.k.vu/"/>
		<titles>
			<title lang="en_US">Gmu Music Player</title>
			<title lang="de_DE">Gmu Music Player</title>
		</titles>
		<title lang="en_US">Gmu Music Player</title><!--Extra <title> block for compatibility with OS versions before HF6-->
		<descriptions>
			<description lang="en_US">The Gmu Music Player.</description>
			<description lang="de_DE">Der Gmu Musikabspieler.</description>
		</descriptions>
		<description lang="en_US">The Gmu Music Player.</description><!--Extra <description> block for compatibility with OS versions before HF6-->
		<icon src="gmu.png"/>
		<licenses>
			<license name="GPLv2" url="http://www.gnu.org/licenses/gpl-2.0.html"/>
		</licenses>
		<previewpics>
			<pic src="screenshot-gmu090.png"/>
		</previewpics>
		<info name="Readme" type="text/html" src="README.txt"/>
		<categories>
			<category name="Multimedia">
				<subcategory name="Music"/>
				<subcategory name="Audio"/>
				<subcategory name="Sound"/>
			</category>
			<category name="Audio">
				<subcategory name="Music"/>
			</category>
		</categories>
	</application>
	<application id="gmuc">
		<exec background="true" startdir="." standalone="true" command="gmuc-pandora.sh"/>
		<version major="0" minor="9" release="0" build="1" type="release"/>
		<osversion major="1" minor="0" release="0" build="0"/>
		<author name="wej" website="http://wejp.k.vu/"/>
		<titles>
			<title lang="en_US">Ncurses Gmu Music Player</title>
			<title lang="de_DE">Ncurses Gmu Music Player</title>
		</titles>
		<title lang="en_US">Ncurses Gmu Music Player</title><!--Extra <title> block for compatibility with OS versions before HF6-->
		<descriptions>
			<description lang="en_US">The Gmu Music Player; Ncurses interface</description>
			<description lang="de_DE">Der Gmu Musikabspieler; Ncurses-Oberfläche</description>
		</descriptions>
		<description lang="en_US">The Gmu Music Player; Ncurses interface</description><!--Extra <description> block for compatibility with OS versions before HF6-->
		<icon src="gmu.png"/>
		<licenses>
			<license name="GPLv2" url="http://www.gnu.org/licenses/gpl-2.0.html"/>
		</licenses>
		<previewpics>
			<pic src="screenshot-gmuc090.png"/>
		</previewpics>
		<info name="Gmu Documentation" type="text/plain" src="README.txt"/>
		<categories>
			<category name="Multimedia">
				<subcategory name="Music"/>
				<subcategory name="Audio"/>
				<subcategory name="Sound"/>
			</category>
			<category name="Audio">
				<subcategory name="Music"/>
			</category>
		</categories>
	</application>
</PXML>
