{
    "version": "2",
    "name": "nothing.zip",
    "items": [
        "Nothing.sh",
        "nothing"
    ],
    "items_opt": null,
    "attr": {
        "title": "Nothing",
        "porter": [
            "Tekkenfede"
        ],
        "desc": "A simple platformer with a powerful editor.*\n\n*Use keyboard and mouse for the editor",
        "inst": "Boot Nothing.sh and play",
        "genres": [
            "arcade",
            "platformer"
        ],
        "image": null,
        "rtr": true,
        "runtime": null,
        "reqs": []
    }
}