{
  "version": 2,
  "name": "descent2.zip",
  "items": [
    "descent2.sh",
    "descent2/"
  ],
  "items_opt": [],
  "attr": {
    "title": "Descent II",
    "porter": [
      "Jeod",
      "Cebion",
      "Tekkenfede",
      "krishenriksen"
    ],
    "desc": "Return as a mercenary sent into deep space mines to destroy them before a computer virus spreads! You'll fly through 3D mazes in search of keycards to gain access to each level's reactor--which, once destroyed, will begin a self-destruct! Make sure you know where the exit hatch is! It will only open when the reactor is destroyed. Oh, and watch out for those virus-infected robots. They'll shoot at you.\n\nIncludes shareware/demo files. See instructions to use full version.",
    "inst": "Ready to play with shareware and demo files. To upgrade to full game, purchase on Steam/GOG and then add .hog and .pig files to ports/descent2/data. Fully compatible with Descent 2: Vertigo and Descent Maximum levels!",
    "genres": [
      "fps"
    ],
    "image": "descent2.screenshot.png",
    "rtr": true,
    "exp": false,
    "runtime": null,
    "reqs": []
  }
}