{
    "version": "2",
    "name": "wizardchase.zip",
    "items": [
        "Wizardchase.sh",
        "wizardchase"
    ],
    "items_opt": null,
    "attr": {
        "title": "Wizardchase",
        "porter": "Cebion",
        "desc": "2D retro pacman like arcade game\n\nCollect all the treasure in the dungeon!  Can you make it to the second level? \nLeave your highest score in the comments.  Good luck!",
        "inst": "",
        "genres": [
            "arcade"
        ],
        "image": null,
        "rtr": true,
        "runtime": "frt_3.3.4.squashfs",
        "reqs": []
    },
    "status": {
        "source": "Unknown",
        "md5": null,
        "status": "Installed"
    },
    "files": {
        "port.json": "wizardchase/wizardchase.port.json",
        "Wizardchase.sh": "Wizardchase.sh",
        "wizardchase": "wizardchase"
    }
}