{
    "version": 2,
    "name": "wizardchase.zip",
    "items": [
        "Wizardchase.sh",
        "wizardchase/"
    ],
    "items_opt": null,
    "attr": {
        "title": "Wizardchase",
        "porter": [
            "Cebion"
        ],
        "desc": "2D retro pacman like arcade game\n\nCollect all the treasure in the dungeon!  Can you make it to the second level? \nLeave your highest score in the comments.  Good luck!",
        "inst": "Ready to run.",
        "genres": [
            "arcade"
        ],
        "image": {},
        "rtr": true,
        "runtime": "frt_3.3.4.squashfs",
        "reqs": []
    }
}