{
    "version": "2",
    "name": "firearrow.zip",
    "items": [
        "Firearrow.sh",
        "firearrow"
    ],
    "items_opt": null,
    "attr": {
        "title": "Fire Arrow (Remastered)",
        "porter": [
            "Tekkenfede"
        ],
        "desc": " Fire Arrow is a time attack (or 'Caravan', what used to be an important tradition in Japanese STGs in 90s) style shooter with a heavy emphasis on scoring, also known as \"coffee break shmups\"",
        "inst": "Just copy data.win and ogg files inside gamedata. This version is NOT compatible with the one in the folder FAX,but the one you can find in the folder FA1.",
        "genres": [
            "arcade"
        ],
        "image": null,
        "rtr": false,
        "runtime": null,
        "reqs": []
    }
}