{
    "version": 2,
    "name": "upo.zip",
    "items": [
        "Upo.sh",
        "upo/"
    ],
    "items_opt": null,
    "attr": {
        "title": "Upo",
        "porter": [
            "Cebion"
        ],
        "desc": "Upo is a procedurally generated music game.\nYour goal is to avoid collision with flying objects in rhytm to the music.\n",
        "inst": "Ready to run.",
        "genres": [
            "rhythm"
        ],
        "image": {},
        "rtr": true,
        "runtime": null,
        "reqs": [],
        "url": ""
    }
}