{
  "version": 2,
  "name": "zelda-roth-se.zip",
  "items": [
    "The Legend of Zelda: Return of the Hylain.sh",
    "zelda-roth-se/"
  ],
  "items_opt": [],
  "attr": {
    "title": "The Legend of Zelda: Return of the Hylain SE",
    "porter": [
      "Jeod"
    ],
    "desc": "After Link’s victory over Ganon in A Link to the Past, no one knows what Link’s wish to the Triforce was. But this wish reunified the Light World and the Dark World and brought the Seven Wise Men’s descendants back to life. Peace was back in Hyrule. But unfortunately, this wish also ressurected Ganon and his henchmen. He was preparing his revenge, but he couldn’t do anything without the Triforce.\n\nOne night, a familiar voice speaks to Link in his sleep…",
    "inst": "Download the game from https://solarus-games.org/games/the-legend-of-zelda-return-of-the-hylian-se/ and put in the zelda-roth-se/game folder.",
    "genres": [
      "action",
	  "adventure"
    ],
    "image": "zelda-roth-se.screenshot.png",
    "rtr": false,
    "exp": false,
    "runtime": null,
    "reqs": []
  }
}