{
    "version": 2,
    "name": "devilutionx.zip",
    "items": [
        "devilution/",
        "Devilutionx.sh"
    ],
    "items_opt": null,
    "attr": {
        "title": "DevilutionX",
        "desc": "DevilutionX is a source port of Diablo from https://github.com/diasurgical/devilutionX.",
        "inst": "Includes the Diablo shareware version.  You can add your own full version DIABDAT.MPQ file to the ports/devilution folder.  To run the Diablo: Hellfire expansion you will need to also copy hellfire.mpq, hfmonk.mpq, hfmusic.mpq, hfvoice.mpq. See wiki if you experience issues with version upgrades or configuration changes.",
        "genres": [
            "action",
            "rpg"
        ],
        "porter": [
            "Christian_Haitian"
        ],
        "image": {},
        "rtr": true,
        "runtime": null,
        "reqs": []
    }
}