{
    "version": 2,
    "name": "superxyx.zip",
    "items": [
        "SuperXYX.sh",
        "SuperXYX/"
    ],
    "items_opt": null,
    "attr": {
        "title": "SuperXYX",
        "porter": [
            "Tekkenfede"
        ],
        "desc": "The year is 3999, humanity has long colonized itself across the galaxy, devouring new worlds for their resources, enjoying the interstellar life of luxury, more or less friendly interactions with other alien races. That was until an ancient threat has awakened from it's slumber..",
        "inst": "Copy the data.win file and the texts and music folders inside gamedata. Then Boot the game.",
        "genres": [
            "arcade"
        ],
        "image": {},
        "rtr": false,
        "runtime": null,
        "reqs": []
    }
}