{
    "version": 2,
    "name": "alephone-marathon.zip",
    "items": [
        "alephone/",
        "Marathon.sh"
    ],
    "items_opt": null,
    "attr": {
        "title": "Aleph-One Marathon 1",
        "desc": "An open source version of Bungie's Marathon 1 first person shooter.",
        "inst": "All files have been included.",
        "genres": [
            "fps"
        ],
        "porter": [
            "romadu"
        ],
        "image": {},
        "rtr": true,
        "runtime": null,
        "reqs": []
    }
}