{
  "version": 2,
  "name": "pocketwondersport.zip",
  "items": [
    "Pocket Wonder Sport.sh",
    "pocketwondersport"
  ],
  "items_opt": [],
  "attr": {
    "title": "Pocket Wonder Sport",
    "porter": [
      "mattyj513"
    ],
    "desc": "10 totally not bootleg games in 1 cartridge file! Inspired by weird rom collections on pirate multicarts, but hopefully with a tiny bit more quality.",
    "inst": "All game files are included. Thanks to Harley Wilson at https://hwilson.itch.io/pocket-wonder-sport for creating the game and allowing us to distribute.",
    "genres": [
      "sport"
    ],
    "image": null,
    "rtr": true,
    "runtime": null,
    "reqs": []
  }
}