{
    "version": 2,
    "name": "cave.story.zip",
    "items": [
        "Cave Story.sh",
        "cavestory/"
    ],
    "items_opt": null,
    "attr": {
        "title": "Cave Story lr",
        "desc": "Cave Story using the Libretro Retroarch Nxengine core.",
        "inst": "Ready to run.",
        "genres": [
            "action",
            "adventure",
            "platformer"
        ],
        "porter": [
            "Christian_Haitian"
        ],
        "image": {},
        "rtr": true,
        "runtime": null,
        "reqs": []
    }
}