{
    "version": 2,
    "name": "hexen2.zip",
    "items": [
        "Hexen 2 - Portal of Praevus.sh",
        "Hexen 2.sh",
        "hexen2/"
    ],
    "items_opt": null,
    "attr": {
        "title": "Hexen 2",
        "desc": "Hexen II is a dark fantasy 1st-person shooter developed by Raven Software and published by id software.  Portal of Praevus features new levels, new enemies and a new playable character class, The Demoness.",
        "inst": "You must copy your Hexen 2 pak0.pak and pak1.pak files into hexen2/data1 and your pak3.pak into hexen2/portals and make sure they're lowercase.",
        "genres": [
            "fps",
            "action"
        ],
        "porter": [
            "Slayer366"
        ],
        "image": {},
        "rtr": false,
        "runtime": null,
        "reqs": []
    }
}