{
  "version": 2,
  "name": "Bleed.zip",
  "items": [
    "Bleed.sh",
    "bleed"
  ],
  "items_opt": [],
  "attr": {
    "title": "Bleed",
    "porter": [
      "Johnny on Flame"
    ],
    "desc": "Wryn is a girl with a big arsenal and big dreams -- she wants to be the ultimate videogame hero! Help her take down the Greatest Heroes of All Time in an action-packed bid to claim the title for herself and show the world what a true hero looks like!",
    "inst": "Copy the retail game's assets into 'bleed/gamedata'.",
    "genres": [
      "action",
      "platformer"
    ],
    "image": null,
    "rtr": false,
    "runtime": "mono-6.12.0.122-aarch64.squashfs",
    "reqs": []
  }
}