{
    "version": "2",
    "name": "fire_and_fondness2.zip",
    "items": [],
    "items_opt": null,
    "attr": {
        "title": "Fire and Fondness 2",
        "porter": "Cebion",
        "desc": "A puzzle game about rescuing your loved one from hazardous situations! Also, a send-up of daytime television.\n\nDaytime television just got hot: in the hit gameshow, Fire & Fondness, \nyoung lovers put their relationships to the test in the ultimate courtship ritual:\n attempting to navigate a succession of convoluted, flamethrower-filled deathtraps.\n\nIt also has a dog.",
        "inst": "",
        "genres": [
            "puzzle"
        ],
        "image": {},
        "rtr": false,
        "runtime": "frt_3.2.3.squashfs",
        "reqs": []
    },
    "status": {
        "source": "url",
        "md5": "f516b0b9e580439b70fb23107f01f1d8",
        "url": "https://cdn.discordapp.com/attachments/1134467928385912915/1134467932995452978/fire_and_fondness2.zip",
        "status": "Installed"
    },
    "files": {
        "port.json": "fire_and_fondness2/fire_and_fondness2.port.json"
    }
}