{
    "version": 2,
    "name": "fire_and_fondness2.zip",
    "items": [
        "Fire and Fondness 2.sh",
        "fire_and_fondness2/"
    ],
    "items_opt": null,
    "attr": {
        "title": "Fire and Fondness 2",
        "porter": [
            "Cebion"
        ],
        "desc": "A puzzle game about rescuing your loved one from hazardous situations! Also, a send-up of daytime television.\n\nDaytime television just got hot: in the hit gameshow, Fire & Fondness, \nyoung lovers put their relationships to the test in the ultimate courtship ritual:\n attempting to navigate a succession of convoluted, flamethrower-filled deathtraps.\n\nIt also has a dog.",
        "inst": "Ready to run.",
        "genres": [
            "puzzle"
        ],
        "image": {},
        "rtr": true,
        "runtime": "frt_3.2.3.squashfs",
        "reqs": []
    }
}