{
  "version": 2,
  "name": "zelda-bookofmudora.zip",
  "items": [
    "The Legend of Zelda: The Book of Mudora.sh",
    "zelda-bookofmudora/"
  ],
  "items_opt": [],
  "attr": {
    "title": "The Legend of Zelda: The Book of Mudora",
    "porter": [
      "Jeod"
    ],
    "desc": "Link’s newest quest is set a few generations after Twilight Princess and spans two different continents of Hyrule. Explore eight unique temples and defeat enemies and bosses in order to gain powerful items to assist you in your goal. Explore many areas of Hyrule and assist different races in their conflicts.",
    "inst": "Download the game from https://solarus-games.org/games/the-legend-of-zelda-book-of-mudora/ and put in the zelda-bookofmudora/game folder.",
    "genres": [
      "action",
	  "adventure"
    ],
    "image": "zelda-bookofmudora.screenshot.png",
    "rtr": false,
    "exp": false,
    "runtime": null,
    "reqs": []
  }
}