{
    "version": 2,
    "name": "am2r.zip",
    "items": [
        "AM2R.sh",
        "am2r/"
    ],
    "items_opt": null,
    "attr": {
        "title": "AM2R",
        "desc": "Another Metroid 2 Remake.  An action-adventure game developed by Argentinian programmer Milton Guasti (also known as DoctorM64).",
        "inst": "You'll need to provide your own am2r android apk into the ports/am2r/gamedata folder.  Make sure it is named am2r.apk.  The name is case sensitive.",
        "genres": [
            "action",
            "adventure",
            "platformer"
        ],
        "porter": [
            "Johnny on Flame"
        ],
        "image": {},
        "rtr": false,
        "runtime": null,
        "reqs": []
    }
}