{
    "version": 2,
    "name": "jedioutcast.zip",
    "items": [
        "JediOutcast/",
        "Star Wars Jedi Knight II - Jedi Outcast.sh"
    ],
    "items_opt": null,
    "attr": {
        "title": "Star Wars Jedi Knight II - Jedi Outcast",
        "desc": "An open source port of Jedi Outcast using OpenJK by the JACoders team. Originally developed by Raven Software.",
        "inst": "You need to add your own full game pak files to the ports/JediOutcast/base folder.",
        "genres": [
            "fps"
        ],
        "porter": [
            "brooksytech"
        ],
        "image": {},
        "rtr": false,
        "runtime": null,
        "reqs": [
            "power"
        ]
    }
}