{
  "version": 2,
  "name": "nanobounce.zip",
  "items": [
    "Nanobounce.sh",
    "nanobounce"
  ],
  "items_opt": [],
  "attr": {
    "title": "Nanobounce",
    "porter": [
      "Bamboozler"
    ],
    "desc": "Guide the bouncing ball to the exit. On the way, you will rely on some blocks and try to avoid others.",
    "inst": "All files are included and game is ready to run.",
    "genres": [
      "platformer",
      "puzzle"
    ],
    "image": null,
    "rtr": true,
    "runtime": null,
    "reqs": []
  }
}