{
  "version": 2,
  "name": "bravedogsroad.zip",
  "items": [
    "Brave Dogs Road.sh",
    "bravedogsroad"
  ],
  "items_opt": [],
  "attr": {
    "title": "Brave Dogs Road",
    "porter": [
      "mattyj513"
    ],
    "desc": "Brave Dog's Road is a short platformer about a dog who dreams of adventure.",
    "inst": "Download game from https://puppiesandanime.itch.io/brave-dogs-road , place data.win in /ports/bravedogsroad/gamedata.",
    "genres": [
      "adventure"
    ],
    "image": null,
    "rtr": false,
    "runtime": null,
    "reqs": []
  }
}