{
    "version": 2,
    "name": "openxcom.zip",
    "items": [
        "openxcom/",
        "OpenXcomEX.sh"
    ],
    "items_opt": null,
    "attr": {
        "title": "OpenXcom Extended",
        "desc": "OXCE is an open source engine for running XCOM:Ufo Defense and Terror From the Deep.",
        "inst": "You will need to provide your own UFO Defense/TFTD game files.  Read the README-port.txt file for details.",
        "genres": [
            "strategy"
        ],
        "porter": [
            "nl255"
        ],
        "image": {},
        "rtr": false,
        "runtime": null,
        "reqs": []
    },
    "status": {
        "source": "PortMaster",
        "md5": "7e1a1f5ada781caabe221a731648c5f7",
        "status": "Installed"
    },
    "files": {
        "port.json": "openxcom/openxcom.port.json",
        "openxcom/": "openxcom/",
        "OpenXcomEX.sh": "OpenXcomEX.sh"
    }
}