{
    "version": 2,
    "name": "abuse.zip",
    "items": [
        "Abuse/",
        "Abuse.sh"
    ],
    "items_opt": null,
    "attr": {
        "title": "Abuse",
        "desc": "A fork of the original Abuse SDL port from http://abuse.zoy.org/.  An intense 2D shooter.  Plays best on dual analog stick devices.  Just download and play.",
        "inst": "Ready to run.",
        "genres": [
            "action"
        ],
        "porter": [
            "romadu"
        ],
        "image": {},
        "rtr": true,
        "runtime": null,
        "reqs": []
    }
}