{
    "version": 2,
    "name": "opensupaplex.zip",
    "items": [
        "opensupaplex/",
        "OpenSupaplex.sh"
    ],
    "items_opt": null,
    "attr": {
        "title": "OpenSupaplex",
        "porter": [
            "Bamboozler"
        ],
        "desc": "OpenSupaplex is a 1:1 reimplementation of the original game in C and SDL, with just a few changes to make it easy to use with game controllers, and also easy to port to any platform.",
        "inst": "All files are included and game is ready to play. Every levelset requires a there to be a player created. Levelset 1 had a premade PLAYER1 created but all others will require you to create a new one. You can use start + dpad down to enter text input mode.",
        "genres": [
            "action",
            "puzzle"
        ],
        "image": {},
        "rtr": true,
        "runtime": null,
        "reqs": []
    }
}