{
    "version": 2,
    "name": "bbja.zip",
    "items": [
        "Blues Brothers Jukebox Adventure.sh",
        "jukeboxadventure/"
    ],
    "items_opt": null,
    "attr": {
        "title": "Blues Brothers: Jukebox Adventure",
        "desc": "A rewrite of the Blues Brothers game engine developed by Titus Interactive.",
        "inst": "Includes the demo files.  You can add your own full game Dos files to the ports/bbda/gamedata folder.",
        "genres": [
            "platformer"
        ],
        "porter": [
            "Jetup"
        ],
        "image": {},
        "rtr": true,
        "runtime": null,
        "reqs": []
    }
}