{
    "version": 2,
    "name": "road.invaders.zip",
    "items": [
        "Road Invaders.sh",
        "roadinvaders/"
    ],
    "items_opt": null,
    "attr": {
        "title": "Road Invaders",
        "porter": [
            "tabreturn"
        ],
        "desc": "An action game that's part vertical-scrolling racer, part match-2 game. Move your car and punch cubes, matching cubes to shift gear on your way to achieving the highest score! \n\nLEFT/RIGHT = Horizontal movement\nSTART = Pause game\nSELECT = Exit game",
        "inst": "Game files are already included and ready to go.",
        "genres": [
            "action"
        ],
        "image": null,
        "rtr": true,
        "runtime": null,
        "reqs": []
    }
}
