{
    "version": 2,
    "name": "profadeluxe.zip",
    "items": [
        "Abu Simbel Profanation Deluxe.sh",
        "profadeluxe/"
    ],
    "items_opt": null,
    "attr": {
        "title": "Abu Simbel Profanation Deluxe",
        "desc": "An open-source, freeware remake of the Spanish platform game from 1985 replaces the graphics and sounds with new enhanced assets, while maintaining the same unforgiving gameplay of the original.",
        "inst": "Just download and play.",
        "genres": [
            "adventure",
            "platformer"
        ],
        "porter": [
            "Cebion"
        ],
        "image": {},
        "rtr": true,
        "runtime": null,
        "reqs": []
    }
}