{
  "version": 2,
  "name": "zelda-mysteryofsolarusxd.zip",
  "items": [
    "The Legend of Zelda: Mystery of Solarus XD.sh",
    "zelda-mysteryofsolarusxd/"
  ],
  "items_opt": [],
  "attr": {
    "title": "The Legend of Zelda: Mystery of Solarus XD",
    "porter": [
      "Jeod"
    ],
    "desc": "The Legend of Zelda: Mystery of Solarus XD is a parodic game that we released on April 1st, 2011. Though it’s a big April 1st joke, it’s a real, full game with two huge dungeons and 5-10 hours of playing.\n\nIt was developed in a very short period of time, thanks to coffee, beer and pizzas. Though the development has been rushed to ship on time, the game is complete, with lots of jokes, references and quirky NPCs.",
    "inst": "Download the game from https://solarus-games.org/games/the-legend-of-zelda-mystery-of-solarus-xd/ and put in the zelda-mysteryofsolarusxd/game folder.",
    "genres": [
      "action",
	  "adventure",
    ],
    "image": "zelda-mysteryofsolarusxd.screenshot.png",
    "rtr": false,
    "exp": false,
    "runtime": null,
    "reqs": []
  }
}