<gui>
    <text_color type="GUICOLOR_TEXT" color="COLOR_WHITE"/>
    <text_color type="GUICOLOR_PASSIVE_TEXT" color="COLOR_GRAY"/>
    <text_color type="GUICOLOR_MENU_HIGHLIGHT" color="COLOR_LIGHT_SEPIA"/>
    <text_color type="GUICOLOR_MENU_DARK" color="COLOR_DARK_SEPIA"/>
    <text_color type="GUICOLOR_MENU_KEY_HIGHLIGHT" color="COLOR_LIGHT_WHITE"/>
    <text_color type="GUICOLOR_MENU_KEY_DARK" color="COLOR_GRAY_BROWN"/>
    <text_color type="GUICOLOR_TITLE" color="COLOR_SEPIA"/>
    <text_color type="GUICOLOR_MESSAGE_GOOD" color="COLOR_LIGHT_GREEN"/>
    <text_color type="GUICOLOR_MESSAGE_BAD" color="COLOR_LIGHT_RED"/>
    <text_color type="GUICOLOR_MESSAGE_NOTE" color="COLOR_ORANGE"/>
    <text_color type="GUICOLOR_MESSAGE_MORE" color="COLOR_GOLD"/>
    <text_color type="GUICOLOR_MONSTER_UNAWARE" color="COLOR_BLUE"/>
    <text_color type="GUICOLOR_MONSTER_ALLIED" color="COLOR_GREEN"/>
    <text_color type="GUICOLOR_MONSTER_TEMP_PROPERTY" color="COLOR_MAGENTA"/>
</gui>
