<colors>
    <!-- BLACK -->
    <!-- Color 0 -->
    <color name="COLOR_BLACK" rgb_hex="000000"/>
    <!-- Color 8 -->
    <color name="COLOR_GRAY" rgb_hex="808080"/>

    <color name="COLOR_DARK_GRAY" rgb_hex="303030"/>
    <color name="COLOR_EXTRA_DARK_GRAY" rgb_hex="0d0d0d"/>

    <!-- RED -->
    <!-- Color 1 -->
    <color name="COLOR_RED" rgb_hex="8b120b"/>
    <!-- Color 9 -->
    <color name="COLOR_LIGHT_RED" rgb_hex="ff1919"/>

    <!-- GREEN -->
    <!-- Color 2 -->
    <color name="COLOR_GREEN" rgb_hex="008000"/>
    <!-- Color 10 -->
    <color name="COLOR_LIGHT_GREEN" rgb_hex="19ff19"/>
    <color name="COLOR_DARK_GREEN" rgb_hex="005700"/>

    <!-- YELLOW -->
    <!-- TODO: Rename to yellow and dark yellow -->
    <!-- Color 3 -->
    <color name="COLOR_DARK_YELLOW" rgb_hex="cdcd00"/>
    <!-- Color 11 -->
    <color name="COLOR_YELLOW" rgb_hex="ffff19"/>

    <!-- BLUE -->
    <!-- Color 4 -->
    <color name="COLOR_BLUE" rgb_hex="0000a8"/>
    <!-- Color 12 -->
    <color name="COLOR_LIGHT_BLUE" rgb_hex="1e90ff"/>
    <color name="COLOR_DARK_BLUE" rgb_hex="00007c"/>

    <!-- MAGENTA / PURPLE -->
    <!-- Color 5 -->
    <color name="COLOR_MAGENTA" rgb_hex="8b008b"/>
    <!-- Color 13 -->
    <color name="COLOR_LIGHT_MAGENTA" rgb_hex="ff19ff"/>

    <!-- CYAN -->
    <!-- Color 6 -->
    <color name="COLOR_CYAN" rgb_hex="008080"/>
    <!-- Color 14 -->
    <color name="COLOR_LIGHT_CYAN" rgb_hex="19ffff"/>

    <!-- WHITE -->
    <!-- Color 7 -->
    <color name="COLOR_WHITE" rgb_hex="c0c0c0"/>
    <!-- Color 15 -->
    <color name="COLOR_LIGHT_WHITE" rgb_hex="ffffff"/>

    <!-- OTHER COLORS -->
    <color name="COLOR_BROWN" rgb_hex="99663d"/>
    <color name="COLOR_DARK_BROWN" rgb_hex="604020"/>
    <color name="COLOR_GRAY_BROWN" rgb_hex="534c42"/>
    <color name="COLOR_DARK_GRAY_BROWN" rgb_hex="2b2820"/>

    <!-- TODO: Rename to violet / light_violet -->
    <color name="COLOR_DARK_VIOLET" rgb_hex="400080"/>
    <color name="COLOR_VIOLET" rgb_hex="8000ff"/>

    <color name="COLOR_ORANGE" rgb_hex="ff8000"/>
    <color name="COLOR_GOLD" rgb_hex="eec900"/>

    <color name="COLOR_SEPIA" rgb_hex="a58d53"/>
    <color name="COLOR_LIGHT_SEPIA" rgb_hex="e1cd9a"/>
    <color name="COLOR_DARK_SEPIA" rgb_hex="645e4b"/>

    <color name="COLOR_TEAL" rgb_hex="399d98"/>
    <color name="COLOR_LIGHT_TEAL" rgb_hex="58e2e4"/>
    <color name="COLOR_DARK_TEAL" rgb_hex="143633"/>
</colors>
