{
    "version": 2,
    "name": "nonny.zip",
    "items": [
        "nonny/",
        "Nonny.sh"
    ],
    "items_opt": null,
    "attr": {
        "title": "Nonny",
        "porter": [
            "Bamboozler"
        ],
        "desc": "Nonny is a simple nonogram game that lets you play and create nonogram puzzles!",
        "inst": "All files are included and ready to play.",
        "genres": [
            "puzzle"
        ],
        "image": {},
        "rtr": true,
        "runtime": null,
        "reqs": [],
        "url": ""
    }
}