{
    "version": 2,
    "name": "nanosaur.zip",
    "items": [
        "Nanosaur.sh",
        "nanosaur/"
    ],
    "items_opt": null,
    "attr": {
        "title": "Nanosaur",
        "desc": "This is Pangea Software\u2019s Nanosaur, which casts a cybernetic dinosaur from the future who\u2019s sent back in time 20 minutes before a giant asteroid hits the Earth.",
        "inst": "Ready to run.",
        "genres": [
            "fps"
        ],
        "porter": [
            "brooksytech"
        ],
        "image": {},
        "rtr": true,
        "runtime": null,
        "reqs": [
            "opengl"
        ]
    }
}