{
  "version": 2,
  "name": "blastius.zip",
  "items": [
    "Blastius.sh",
    "blastius"
  ],
  "items_opt": [],
  "attr": {
    "title": "Blastius",
    "porter": [
      "mattyj513"
    ],
    "desc": "Blastius is a simple old-school space shooter with a twist: your ship's piloting system has been heavily damaged during a battle and now you can only move by boosting and "drifting" around. The result of this is a dash that can be both an offensive and a defensive manoeuvre.",
    "inst": "Download game from https://stedl89.itch.io/blastius-gamejam2020, rename exe to zip, extract. Copy data.win and all .mp3 files to /ports/blastius/gamedata",
    "genres": [
      "arcade"
    ],
    "image": null,
    "rtr": false,
    "runtime": null,
    "reqs": []
  }
}