{
  "version": "2",
  "name": "PAUSED.zip",
  "items": [
    "PAUSED.sh",
    "paused"
  ],
  "items_opt": null,
  "attr": {
    "title": "PAUSED",
    "porter": [
      "tabreturn"
    ],
    "desc": "What do ducks have to do with rabbits? Exactly, adventure and physics stuff are what you are looking for. Game files are already included and ready to go.\n\nLEFT/RIGHT = Horizontal movement\nDOWN = Fall\nA = Jump\nB or R1 = Switch\nL1 = Reload\nSTART = Pause",
    "inst": "",
    "genres": [
      "puzzle"
    ],
    "image": null,
    "rtr": false,
    "runtime": null,
    "reqs": []
  }
}

