{
    "version": 2,
    "name": "paused.zip",
    "items": [
        "PAUSED.sh",
        "paused/"
    ],
    "items_opt": null,
    "attr": {
        "title": "PAUSED",
        "porter": [
            "tabreturn"
        ],
        "desc": "What do ducks have to do with rabbits? Exactly, adventure and physics stuff are what you are looking for.\n\nLEFT/RIGHT = Horizontal movement\nDOWN = Fall\nA = Jump\nB or R1 = Switch\nL1 = Reload\nSTART = Pause",
        "inst": "Game files are already included and ready to go.",
        "genres": [
            "puzzle"
        ],
        "image": {},
        "rtr": false,
        "runtime": null,
        "reqs": []
    }
}