{
  "version": 2,
  "name": "xenonvalkyrie.zip",
  "items": [
    "Xenon Valkyrie.sh",
    "xenonvalkyrie"
  ],
  "items_opt": [],
  "attr": {
    "title": "Xenon Valkyrie",
    "porter": [
      "mattyj513"
    ],
    "desc": "Xenon Valkyrie is a rogue-like with many RPG elements in which you will have to get to the deepest part of a moon and finish the plans of a wicked witch. You will be able to get many weapons randomly as you fight in a world that is created every time you play.",
    "inst": "Download the game from https://store.steampowered.com/app/573780/Xenon_Valkyrie/,\ncopy copy data.win, all .ogg and .ini files to /ports/xenonvalkyrie/gamedata",
    "genres": [
      "rpg"
    ],
    "image": null,
    "rtr": false,
    "runtime": null,
    "reqs": []
  }
}