{
  "version": 1,
  "name": "hallowseve.zip",
  "items": [
    "Hallow's Eve.sh",
    "hallowseve/"
  ],
  "items_opt": [],
  "attr": {
    "title": "Hallow's Eve",
    "porter": [
      "Jeod"
    ],
    "desc": "On Halloween, the barrier between human world and the spirit world thins. The spirits play tricks, the dead can be seen, and monsters can run their human world errands.\n\nSet in the 90s, play as Ichabod, a pumpkin man who uses his chance to enter the human world to try and rent Jurassic Park from the video store. Unfortunately, the only copy has been rented by a teen who’s brought a witch’s curse upon the town.\n\nGameplay is inspired by the classics and the modern classics — a Zeldalike sense of exploration, with the tight, fast combat of Hyper Light Drifter. All soaked in a charming pixel art atmosphere and a dumb sense of humor. Playtime is around 1-2 hours.",
    "inst": "Buy the game from https://maxatrillionator.itch.io/hallows-eve and place the .solarus file in the hallowseve/game folder.",
    "genres": [
      "action",
	  "adventure",
	  "comedy"
    ],
    "image": "hallowseve.screenshot.png",
    "rtr": false,
    "exp": false,
    "runtime": null,
    "reqs": []
  }
}