{
    "version": 2,
    "name": "tiny-crate.zip",
    "items": [
        "Tiny Crate.sh",
        "tiny-crate/"
    ],
    "items_opt": null,
    "attr": {
        "title": "Tiny Crate",
        "desc": "Tiny Crate is a cute little precision platformer with puzzle elements! Lift and toss crates to traverse over spike pits and reach higher ground! Push yourself and make tight jumps! You got this!",
        "inst": "Ready to run.",
        "genres": [
            "puzzle"
        ],
        "porter": [
            "Cebion"
        ],
        "image": {},
        "rtr": true,
        "runtime": null,
        "reqs": []
    }
}