{
  "version": 2,
  "name": "alchemyquest.zip",
  "items": [
    "Alchemy Quest.sh",
    "Open Alchemist.sh",
    "alchemyquest"
  ],
  "items_opt": [],
  "attr": {
    "title": "Alchemy Quest",
    "porter": [
      "Bamboozler"
    ],
    "desc": "Alchemy Quest is a simple puzzle game where players combine alchemic elements to create exotic combinations and score points. A launcher for Open Alchemist is included.",
    "inst": "All files are included and game is ready to play.",
    "genres": [
      "puzzle"
    ],
    "image": null,
    "rtr": true,
    "runtime": null,
    "reqs": []
  }
}