{
  "version": 2,
  "name": "skifree.zip",
  "items": [
    "SkiFree.sh",
    "skifree"
  ],
  "items_opt": [],
  "attr": {
    "title": "SkiFree",
    "porter": [
      "Slayer366"
    ],
    "desc": "SkiFree is a single-player skiing computer game created by Chris Pirih and released with Microsoft Entertainment Pack 3 for Windows 3.0 in October 1991.  The SkiFree official site is https://ski.ihoc.net/",
    "inst": "Ready to run",
    "genres": [
      "simulation",
      "sports"
    ],
    "image": null,
    "rtr": true,
    "exp": false,
    "runtime": null,
    "reqs": []
  }
}