{
    "version": 2,
    "name": "megaman.zip",
    "items": [
        "Megaman/",
        "Megaman.sh"
    ],
    "items_opt": null,
    "attr": {
        "title": "Megaman Rock N Roll",
        "porter": [
            "Tekkenfede"
        ],
        "desc": "A mysterious robot force is invading the city and abducting Robot Masters. Protoman and Megaman both succumb to the terror leaving Roll alone and scared. Back at Dr. Light's lab Roll decides to go through the procedure her brother did to become a super fighting robot. ",
        "inst": "Run Megaman.sh\nSuggested to play on device with 2 gb of ram to lower a lot the possibility of slowdowns, but is has been defined playable also on lower specs device.",
        "genres": [
            "arcade"
        ],
        "image": {},
        "rtr": true,
        "runtime": "frt_2.1.6.squashfs",
        "reqs": []
    }
}