{
  "version": "2",
  "name": "defshot.zip",
  "items": [
    "Defshot.sh",
    "defshot"
  ],
  "items_opt": null,
  "attr": {
    "title": "Defshot",
    "porter": "Cebion",
    "desc": "A 2D shooter made for the KoriJam",
    "inst": "- Download DeepSleep-0.2-Mac.zip from https://itsgeppy.itch.io/deep-sleep\n- Extract the DeepSleep-0.2-Mac.zip file\n- Copy the Deep Sleep.pck from DeepSleep-0.2-Mac\\Deep Sleep.app\\Contents\\Resources to your deep_sleep ports folder",
    "genres": [
      "platformer"
    ],
    "image": null,
    "rtr": false,
    "runtime": "frt_3.3.4.squashfs",
    "reqs": []
  }
}