{
    "version": 2,
    "name": "fallout2.zip",
    "items": [
        "Fallout 2.sh",
        "fallout2/"
    ],
    "items_opt": null,
    "attr": {
        "title": "Fallout 2",
        "desc": "Fallout 2 is a post nuclear RPG.",
        "inst": "You need to copy critter.dat, master.dat, patch000.dat and data from the original game to ports/fallout2 folder.",
        "genres": [
            "rpg",
            "strategy"
        ],
        "porter": [
            "Orson"
        ],
        "image": {},
        "rtr": false,
        "runtime": null,
        "reqs": []
    }
}