{
// "special" heroes for campaigns
	"sirMullich":
	{
		"index": 144,
		"class" : "knight",
		"female": false,
		"special" : false, // available in single scenario, replacement for no longer available Lord Haart
		"skills":
		[
			{ "skill" : "leadership", "level": "advanced" }
		],
		"specialty" : {
			"bonuses" : {
				"speed" : {
					"type" : "STACKS_SPEED",
					"val" : 2
				}
			}
		}
	},
	"adrienne":
	{
		"index": 145,
		"class" : "witch",
		"female": true,
		"special" : true,
		"spellbook": [ "inferno" ],
		"skills":
		[
			{ "skill" : "wisdom", "level": "basic" },
			{ "skill" : "fireMagic", "level": "expert" }
		],
		"specialty" : { "bonuses" : {  } } // has expert fire magic as "specialty"
	},
	"catherine":
	{
		"index": 146,
		"class" : "knight",
		"female": true,
		"special" : true,
		"skills":
		[
			{ "skill" : "leadership", "level": "basic" },
			{ "skill" : "offence", "level": "basic" }
		],
		"specialty" : {
			"creature" : "swordsman"
		}
	},
	"dracon":
	{
		"index": 147,
		"class" : "wizard",
		"female": false,
		"special" : true,
		"spellbook": [ "haste" ],
		"skills":
		[
			{ "skill" : "wisdom", "level": "advanced" }
		],
		"specialty" : {
			"base" : {
				"addInfo" : "creature.enchanter",
				"type" : "SPECIAL_UPGRADE"
			},
			"bonuses" : {
				"archMage2enchanter" : { "subtype" : "creature.archMage" },
				"mage2enchanter" : { "subtype" : "creature.mage" },
				"monk2enchanter" : { "subtype" : "creature.monk" },
				"zealot2enchanter" : { "subtype" : "creature.zealot" }
			}
		}
	},
	"gelu":
	{
		"index": 148,
		"class" : "ranger",
		"female": false,
		"special" : true,
		"skills":
		[
			{ "skill" : "archery", "level": "basic" },
			{ "skill" : "leadership", "level": "basic" }
		],
		"specialty" : {
			"base" : {
				"addInfo" : "creature.sharpshooter",
				"type" : "SPECIAL_UPGRADE"
			},
			"bonuses" : {
				"archer2sharpshooter" : { "subtype" : "creature.archer" },
				"grandElf2sharpshooter" : { "subtype" : "creature.grandElf" },
				"marksman2sharpshooter" : { "subtype" : "creature.marksman" },
				"woodElf2sharpshooter" : { "subtype" : "creature.woodElf" }
			}
		}
	},
	"kilgor":
	{
		"index": 149,
		"class" : "barbarian",
		"female": false,
		"special" : true,
		"skills":
		[
			{ "skill" : "offence", "level": "advanced" }
		],
		"specialty" : {
			"base" : {
				"limiters" : [
					{
						"parameters" : [ "behemoth", true ],
						"type" : "CREATURE_TYPE_LIMITER"
					}
				]
			},
			"bonuses" : {
				"damage" : {
					"subtype" : 0,
					"type" : "CREATURE_DAMAGE",
					"val" : 10
				},
				"attack" : {
					"subtype" : "primSkill.attack",
					"type" : "PRIMARY_SKILL",
					"val" : 5
				},
				"defence" : {
					"subtype" : "primSkill.defence",
					"type" : "PRIMARY_SKILL",
					"val" : 5
				}
			}
		}
	},
	"undeadHaart": // undead version of Lord Haart
	{
		"index": 150,
		"class" : "deathknight",
		"female": false,
		"special" : true,
		"spellbook": [ "slow" ],
		"skills":
		[
			{ "skill" : "necromancy", "level": "advanced" }
		],
		"specialty" : {
			"base" : {
				"limiters" : [
					{
						"parameters" : [ "blackKnight", true ],
						"type" : "CREATURE_TYPE_LIMITER"
					}
				]
			},
			"bonuses" : {
				"damage" : {
					"subtype" : 0,
					"type" : "CREATURE_DAMAGE",
					"val" : 10
				},
				"attack" : {
					"subtype" : "primSkill.attack",
					"type" : "PRIMARY_SKILL",
					"val" : 5
				},
				"defence" : {
					"subtype" : "primSkill.defence",
					"type" : "PRIMARY_SKILL",
					"val" : 5
				}
			}
		}
	},
	"mutare":
	{
		"index": 151,
		"class" : "warlock",
		"female": true,
		"special" : true,
		"spellbook": [ "magicArrow" ],
		"skills":
		[
			{ "skill" : "estates", "level": "basic" },
			{ "skill" : "tactics", "level": "basic" }
		],
		"specialty" : {
			"base" : {
				"limiters" : [
					{
						"parameters" : [ "DRAGON_NATURE" ],
						"type" : "HAS_ANOTHER_BONUS_LIMITER"
					}
				],
				"type" : "PRIMARY_SKILL",
				"val" : 5
			},
			"bonuses" : {
				"attack" : { "subtype" : "primSkill.attack" },
				"defence" : { "subtype" : "primSkill.defence" }
			}
		}
	},
	"roland":
	{
		"index": 152,
		"class" : "knight",
		"female": false,
		"special" : true,
		"skills":
		[
			{ "skill" : "leadership", "level": "basic" },
			{ "skill" : "armorer", "level": "basic" }
		],
		"specialty" : {
			"creature" : "swordsman"
		}
	},
	"mutareDrake":
	{
		"index": 153,
		"class" : "warlock",
		"female": true,
		"special" : true,
		"spellbook": [ "magicArrow" ],
		"skills":
		[
			{ "skill" : "estates", "level": "basic" },
			{ "skill" : "tactics", "level": "basic" }
		],
		"specialty" : {
			"base" : {
				"limiters" : [
					{
						"parameters" : [ "DRAGON_NATURE" ],
						"type" : "HAS_ANOTHER_BONUS_LIMITER"
					}
				],
				"type" : "PRIMARY_SKILL",
				"val" : 5
			},
			"bonuses" : {
				"attack" : { "subtype" : "primSkill.attack" },
				"defence" : { "subtype" : "primSkill.defence" }
			}
		},
		"army" :
		[
			{
				"min" : 10, "max" : 20,
				"creature" : "troglodyte"
			},
			{
				"min" : 4, "max" : 7,
				"creature" : "harpy"
			},
			{
				"min" : 2, "max" : 3,
				"creature" : "evilEye"
			}
		]
	},
	"boragus":
	{
		"index": 154,
		"class" : "barbarian",
		"female": false,
		"special" : true,
		"skills":
		[
			{ "skill" : "tactics", "level": "basic" },
			{ "skill" : "offence", "level": "basic" }
		],
		"specialty" : {
			"creature" : "ogre"
		},
		"army" :
		[
			{
				"min" : 10, "max" : 20,
				"creature" : "goblin"
			},
			{
				"min" : 4, "max" : 7,
				"creature" : "goblinWolfRider"
			},
			{
				"min" : 2, "max" : 3,
				"creature" : "orc"
			}
		]
	},
	"xeron":
	{
		"index": 155,
		"class" : "demoniac",
		"female": false,
		"special" : true,
		"skills":
		[
			{ "skill" : "leadership", "level": "basic" },
			{ "skill" : "tactics", "level": "basic" }
		],
		"specialty" : {
			"base" : {
				"limiters" : [
					{
						"parameters" : [ "devil", true ],
						"type" : "CREATURE_TYPE_LIMITER"
					}
				]
			},
			"bonuses" : {
				"attack" : {
					"subtype" : "primSkill.attack",
					"type" : "PRIMARY_SKILL",
					"val" : 4
				},
				"defence" : {
					"subtype" : "primSkill.defence",
					"type" : "PRIMARY_SKILL",
					"val" : 2
				},
				"speed" : {
					"type" : "STACKS_SPEED",
					"val" : 1
				}
			}
		},
		"army" :
		[
			{
				"min" : 10, "max" : 20,
				"creature" : "imp"
			},
			{
				"min" : 4, "max" : 7,
				"creature" : "hellHound"
			},
			{
				"min" : 2, "max" : 3,
				"creature" : "hellHound"
			}
		]
	}
}
