{
  "version": 2,
  "name": "freesynd.zip",
  "items": [
    "Freesynd.sh",
    "freesynd"
  ],
  "items_opt": [],
  "attr": {
    "title": "Freesynd",
    "porter": [
      "Cebion"
    ],
    "desc": "Syndicate is a beloved classic DOS action / strategy game where you play a hit man for one of a handful of global corporations (syndicates) that have taken over the world. Reminiscent of the look of the X-Com games but in real-time, you move your squad of characters through the missions, earning money by successfully completing them to upgrade your team for the next mission.",
    "inst": "Copy all files from the original Syndicate \"DATA\" directory\ninto the FreeSynd \"data\" directory\n\nAttention: Please, be sure to have files from the first version of\nSyndicate as FreeSynd does not support files from Syndicate Plus or Syndicate\nWars.",
    "genres": [
      "action",
      "strategy"
    ],
    "image": null,
    "rtr": false,
    "exp": false,
    "runtime": null,
    "reqs": []
  }
}