{
  "version": 2,
  "name": "dungeonsouls.zip",
  "items": [
    "Dungeon Souls.sh",
    "dungeonsouls"
  ],
  "items_opt": [],
  "attr": {
    "title": "Dungeon Souls",
    "porter": [
      "mattyj513"
    ],
    "desc": "Dungeon Souls is an action-adventure roguelike dungeon crawler which draws heavy inspiration from Nuclear Throne, Risk of Rain, and Overture. Explore vast procedurally generated dungeons, collect loot, and slay hordes of challenging enemies!",
    "inst": "Download game from https://store.steampowered.com/app/383230/Dungeon_Souls/ or Humble, GOG files do not work at this time. Rename DungeonSouls.exe to DungeonSouls.zip, extract. Copy data.win and all .ogg files to /ports/dungeonsouls/gamedata . If controls are incorrectly mapped, from the title screen select options, enable gamepad, then select back and quit from the main menu. Controls should be good to go on subsequent launches.",
    "genres": [
      "action"
    ],
    "image": null,
    "rtr": false,
    "runtime": null,
    "reqs": []
  }
}