{
    "version": 2,
    "name": "openfodder.zip",
    "items": [
        "OpenFodder.sh",
        "openfodder/"
    ],
    "items_opt": null,
    "attr": {
        "title": "OpenFodder",
        "desc": "Open Fodder is an open source version of the Cannon Fodder engine.",
        "inst": "It comes with demo files, you can add the full version files by reading the included README.md",
        "genres": [
            "strategy"
        ],
        "porter": [
            "kloptops"
        ],
        "image": {},
        "rtr": true,
        "runtime": null,
        "reqs": []
    }
}