{
    "version": 2,
    "name": "sdlsopwith.zip",
    "items": [
        "SDL Sopwith.sh",
        "sdlsopwith/"
    ],
    "items_opt": null,
    "attr": {
        "title": "SDL Sopwith",
        "porter": [
            "Bamboozler"
        ],
        "desc": "SDL Sopwith is a port of the game Sopwith, which was originally by BMB CompuScience Canada.",
        "inst": "All files are included and game is ready to play.",
        "genres": [
            "arcade"
        ],
        "image": {},
        "rtr": true,
        "runtime": null,
        "reqs": []
    }
}