{
    "version": 2,
    "name": "bugdom.zip",
    "items": [
        "Bugdom.sh",
        "bugdom/"
    ],
    "items_opt": null,
    "attr": {
        "title": "Bugdom",
        "desc": "This is Pangea Software's Bugdom updated to run on modern operating systems. Use the touchscreen to navigate the UI.",
        "inst": "Ready to run.",
        "genres": [
            "action",
            "adventure"
        ],
        "porter": [
            "brooksytech"
        ],
        "image": {},
        "rtr": true,
        "runtime": null,
        "reqs": [
            "opengl"
        ]
    }
}