{
    "version": 2,
    "name": "stardewvalley.zip",
    "items": [
        "stardewvalley/",
        "StardewValley.sh"
    ],
    "items_opt": null,
    "attr": {
        "title": "Stardew Valley",
        "desc": "An open-ended country-life RPG!",
        "inst": "You must have a copy of the compatibility version of Stardew Valley copied to the ports/stardewvalley/gamedata folder.",
        "genres": [
            "simulation",
            "rpg"
        ],
        "porter": [
            "Johnny on Flame"
        ],
        "image": {},
        "rtr": false,
        "runtime": "mono-6.12.0.122-aarch64.squashfs",
        "reqs": []
    }
}