{
  "version": 2,
  "name": "outofammo.zip",
  "items": [
    "Out of Ammo.sh",
    "outofammo"
  ],
  "items_opt": [],
  "attr": {
    "title": "Out of Ammo",
    "porter": [
      "mattyj513"
    ],
    "desc": "A mix of retro shmup (think Judgement Silversword) and breakout, in the style of something like The Lost Shield or Wizorb, with aesthetics hugely inspired by ZeroRanger (because it's brilliant, and green+orange goes well with EVERYTHING).",
    "inst": "All game files are included",
    "genres": [
      "arcade"
    ],
    "image": null,
    "rtr": true,
    "runtime": null,
    "reqs": []
  }
}