{
    "version": 2,
    "name": "ri_li.zip",
    "items": [
        "Ri-Li.sh",
        "ri_li/"
    ],
    "items_opt": null,
    "attr": {
        "title": "Ri-li",
        "desc": "A simple and fun arcade-style game in which you control a wooden toy train and collect wooden letters while avoiding obstacles.",
        "inst": "Just download and play.",
        "genres": [
            "puzzle"
        ],
        "porter": [
            "Cebion"
        ],
        "image": {},
        "rtr": true,
        "runtime": null,
        "reqs": []
    }
}