{
    "version": 2,
    "name": "hyper.jump.zip",
    "items": [
        "hyper JUMP.sh",
        "hyperjump/"
    ],
    "items_opt": null,
    "attr": {
        "title": "hyper JUMP",
        "porter": [
            "tabreturn"
        ],
        "desc": "Pick up the yellow orbs, dodge everything else. Game files are already included and ready to go.\n\nDPAD = Movement\nA / B = Jump\nSTART = Pause\n",
        "inst": "Ready to run.",
        "genres": [
            "action"
        ],
        "image": {},
        "rtr": true,
        "runtime": "frt_3.5.2.squashfs",
        "reqs": []
    }
}