{
    "version": 2,
    "name": "doom3.zip",
    "items": [
        "Doom 3.sh",
        "doom3/"
    ],
    "items_opt": null,
    "attr": {
        "title": "Doom 3",
        "desc": "Doom 3 is a 2004 survival horror first-person shooter video game developed by id Software and published by Activision.",
        "inst": "You need to add your own full game pak files to the ports/doom3/base folder.",
        "genres": [
            "fps",
            "action"
        ],
        "porter": [
            "brooksytech"
        ],
        "image": {
            "screenshot": "doom3.screenshot.jpg",
            "cover": null,
            "thumbnail": null,
            "video": null
        },
        "rtr": false,
        "exp": false,
        "runtime": null,
        "reqs": [
            "power"
        ]
    },
    "status": {
        "source": "Unknown",
        "md5": null,
        "status": "Installed"
    },
    "files": {
        "Doom 3.sh": "Doom 3.sh",
        "doom3/": "doom3/"
    }
}