{
    "version": 2,
    "name": "bermuda_syndrome.zip",
    "items": [
        "bermuda/",
        "Bermuda Syndrome.sh"
    ],
    "items_opt": null,
    "attr": {
        "title": "Bermuda Syndrome",
        "desc": "A reimplemntation of the Berumuda Syndrome engine.",
        "inst": "You will need the original files of the PC release or PC demo copied to the ports/bermuda/DATA folder.",
        "genres": [
            "action"
        ],
        "porter": [
            "Jetup"
        ],
        "image": {},
        "rtr": false,
        "runtime": null,
        "reqs": []
    }
}