{
    "version": 2,
    "name": "starcatcher.zip",
    "items": [
        "Starcatcher.sh",
        "starcatcher/"
    ],
    "items_opt": null,
    "attr": {
        "title": "Starcatcher",
        "desc": "Starcatcher is a platformer inspired by Kirby, Metroid, Gravitron Experiment. Your goal: Collect stars in outer space.",
        "inst": "Ready to run.",
        "genres": [
            "platformer"
        ],
        "porter": [
            "Cebion"
        ],
        "image": {},
        "rtr": true,
        "runtime": null,
        "reqs": []
    }
}