{
    "version": 2,
    "name": "invaders.zip",
    "items": [
        "Invaders.sh",
        "Invaders/"
    ],
    "items_opt": null,
    "attr": {
        "title": "Invaders",
        "desc": "A memory accurate reimplementation of Space Invaders by loadzero.",
        "inst": "You'll need to provide your own invaders.e, invaders.f, invaders.g, and invaders.h files from a MAME_078 romset into the invaders/inv1 folder.",
        "genres": [
            "action"
        ],
        "porter": [
            "romadu"
        ],
        "image": {},
        "rtr": false,
        "runtime": null,
        "reqs": []
    }
}