{
    "version": 2,
    "name": "shipwreck.zip",
    "items": [
        "shipwreck/",
        "Shipwreck.sh"
    ],
    "items_opt": null,
    "attr": {
        "title": "Shipwreck",
        "desc": "Shipwreck is a top down adventure game in which you must travel the land, explore dungeons, and defeat monsters to earn safe passage off the island on which you are stranded.  Note there are several games called Shipwreck, this is the one by Brushfire Games.",
        "inst": "You must have a copy of Shipwreck for Linux copied to the ports/shipwreck/gamedata folder.",
        "genres": [
            "adventure"
        ],
        "porter": [
            "jtothebell"
        ],
        "image": {},
        "rtr": false,
        "runtime": "mono-6.12.0.122-aarch64.squashfs",
        "reqs": []
    }
}