{
    "version": 2,
    "name": "pockettactics.zip",
    "items": [
        "Pocket Tactics.sh",
        "pockettactics/"
    ],
    "items_opt": null,
    "attr": {
        "title": "Pocket Tactics",
        "porter": [
            "Cebion"
        ],
        "desc": "A GameBoy themed reimplementation of Tiny Tactics\n\nAfter the collapse of human civilization, rogue warriors fight for scraps on the surface, fighting for what few remnants they can find from the old world, and sheltering in caves from the chemically modified rain that pours like thick soup onto the landscape below. ",
        "inst": "Ready to run.",
        "genres": [
            "strategy"
        ],
        "image": {},
        "rtr": true,
        "runtime": "frt_3.3.4.squashfs",
        "reqs": []
    }
}