{
    "version": 2,
    "name": "derclou.zip",
    "items": [
        "Der Clou.sh",
        "derclou/"
    ],
    "items_opt": null,
    "attr": {
        "title": "Der Clou!",
        "desc": "A burglary simulation game originally created by neo Software Produktions GmbH.",
        "inst": "Der Clou!'s files are already included and ready to go.",
        "genres": [
            "simulation",
            "strategy"
        ],
        "porter": [
            "Cebion"
        ],
        "image": {},
        "rtr": true,
        "runtime": null,
        "reqs": []
    }
}