{
    "version": 2,
    "name": "banana.duck.zip",
    "items": [
        "Banana Duck.sh",
        "bananaduck/"
    ],
    "items_opt": null,
    "attr": {
        "title": "Banana Duck",
        "porter": [
            "tabreturn"
        ],
        "desc": "In Banana Duck, you'll experience the sweet taste of pursuing bananas and avoiding all the evil vegetables and saw blades that are there for absolutely no reason. Also, you're a duck that can't swim and dies when it touches the water. Game files are already included and ready to go.\n\nLEFT/RIGHT = Horizontal movement\nA/B = Jump\nR1 = Reload\nSTART = Pause",
        "inst": "",
        "genres": [
            "platformer"
        ],
        "image": {},
        "rtr": false,
        "runtime": null,
        "reqs": []
    }
}