{
  "version": 2,
  "name": "kingofmachines.zip",
  "items": [
    "King of Machines.sh",
    "kingofmachines"
  ],
  "items_opt": [],
  "attr": {
    "title": "King of Machines",
    "porter": [
      "mattyj513"
    ],
    "desc": "King of Machines is a mecha-themed side-scrolling beat 'em up, in a world where powered exo-suits are commonplace, and also the weapon of choice in a violent uprising. Inspired by classic beat 'em ups like TMNT and Armored Warriors, as well as modern character action games.",
    "inst": "All game files are included.",
    "genres": [
      "action"
    ],
    "image": null,
    "rtr": true,
    "runtime": null,
    "reqs": []
  }
}