{
    "version": 2,
    "name": "simplesokoban.zip",
    "items": [
        "Simple Sokoban.sh",
        "simplesok/"
    ],
    "items_opt": null,
    "attr": {
        "title": "Simple Sokoban",
        "desc": "Simple Sokoban is a simple Sokoban game that supports animated movements,unlimited level solutions, unlimited undos and more. It does not have any sound",
        "inst": "Ready to run.",
        "genres": [
            "puzzle"
        ],
        "porter": [
            "Bamboozler"
        ],
        "image": {},
        "rtr": true,
        "runtime": null,
        "reqs": []
    }
}