{
    "version": 2,
    "name": "puremetal.zip",
    "items": [
        "Puremetal.sh",
        "puremetal/"
    ],
    "items_opt": null,
    "attr": {
        "title": "Pure Metal: Feature 1",
        "porter": [
            "Tekkenfede"
        ],
        "desc": "Base has been attacked and you are the last hope of saving Pure Metal. Shoot down hoards of enemies and unforgiving bosses in classic shooter style. Touch controls feature smooth analog from the onscreen D-pad. Use the arrow keys and the z and x buttons to shoot the enemy with the keyboard. You have one life to make it through each level, but don't worry your ship can take 3 consecutive hits before being destroyed. Also your ship will regenerate to full power if you can manage to avoid enemy fire long enough. Bob and weave your way through the enemy fire and kill every thing in site. This game is designed to brutally come after you but pay attention and look for the patterns and avoid the onslaught of bullets.",
        "inst": "Just copy the game.win or data.win inside the gamedata folder. Windows store version works too.",
        "genres": [
            "arcade"
        ],
        "image": {},
        "rtr": false,
        "runtime": null,
        "reqs": []
    }
}