{
  "version": 2,
  "name": "satryn.zip",
  "items": [
    "Satryn.sh",
    "satryn"
  ],
  "items_opt": [],
  "attr": {
    "title": "Satryn",
    "porter": [
      "mattyj513"
    ],
    "desc": "A chaotic, infinite twin stick shooty! 12 fearsome baddies (not cuddly), 9 power-ups that will make you smile and say “i’m having fun”, 5 hazards that add to the chaotic nature of this strange place, a manual that reveals helpful hints and useless lore as you discover things, and the love of your friends makes you stronger",
    "inst": "All game files are included",
    "genres": [
      "action"
    ],
    "image": null,
    "rtr": true,
    "runtime": "frt_3.5.2.squashfs",
    "reqs": []
  }
}