{
    "version": 2,
    "name": "raptor.zip",
    "items": [
        "raptor/",
        "Raptor.sh"
    ],
    "items_opt": null,
    "attr": {
        "title": "Raptor",
        "porter": [
            "Bamboozler"
        ],
        "desc": "Reversed-engineered source port from Raptor Call Of The Shadows",
        "inst": "Shareware files are included and game is ready to run. See readme for detailed instructions for full version game files and other configuration options. In the name and callsign section, make sure the crosshair is not on input fields, press start + down to enable text entry. Press start once done to complete entry. ",
        "genres": [
            "arcade"
        ],
        "image": {},
        "rtr": true,
        "runtime": null,
        "reqs": []
    }
}