{
    "version": 2,
    "name": "sonic.mania.zip",
    "items": [
        "Sonic Mania.sh",
        "sonicmania/"
    ],
    "items_opt": null,
    "attr": {
        "title": "Sonic Mania",
        "desc": "Sonic the Hedgehog Mania decompilation by Rubberduckycooly.",
        "inst": "Just add your own android Data.rsdk file to the ports/sonicmania folder.  See the wiki for more info on this.",
        "genres": [
            "platformer"
        ],
        "porter": [
            "TheGammaSqueeze"
        ],
        "image": {},
        "rtr": false,
        "runtime": null,
        "reqs": []
    }
}