{
    "version": "2",
    "name": "hyperfight.zip",
    "items": [
        "Hyperfight.sh",
        "hyperfight"
    ],
    "items_opt": null,
    "attr": {
        "title": "Hyperfight",
        "porter": "Cebion",
        "desc": "HYPERFIGHT is a fighting game where every hit is lethal, and every win counts.\nYou'll have to risk your points to gain access to your character's special\nand super moves, which can turn the tide of the game in a heartbeat. \nDesigned to be easy to pick up and hard to master, so grab a friend, any friend!",
        "inst": "",
        "genres": [
            "action"
        ],
        "image": null,
        "rtr": true,
        "runtime": "frt_3.2.3.squashfs",
        "reqs": []
    },
    "status": {
        "source": "Unknown",
        "md5": null,
        "status": "Installed"
    },
    "files": {
        "port.json": "hyperfight/hyperfight.port.json",
        "Hyperfight.sh": "Hyperfight.sh",
        "hyperfight": "hyperfight"
    }
}