{
    "version": 2,
    "name": "ubermoshcollection.zip",
    "items": [
        "Uber/",
        "UbermoshCollection.sh"
    ],
    "items_opt": null,
    "attr": {
        "title": "Ubermosh Collection",
        "porter": [
            "Tekkenfede"
        ],
        "desc": "Collection of all the 8 games of the saga.\nOmega and Vol7 suggested only with device with 2 gb or more of ram, but works also on lower specs devices, often with very long boot time (up to 3 min for these two for the first boot). Jelos could have weird visualization of some menu sometimes but the interaction works and the gameplay works as espected.",
        "inst": "Inside the game folders you will find 8 folders each with the name of a Ubermosh game. Place the data.win you have inside in the correct gamedata \"ie. Ubermosh black data.win in \"BLACK/gamedata\"\n",
        "genres": [
            "arcade",
            "other"
        ],
        "image": {},
        "rtr": false,
        "runtime": null,
        "reqs": []
    }
}