<?xml version="1.0" encoding="utf-8"?>

<userconfig>
	<var name="left_blobby_device" value="joystick"/>
	<var name="left_blobby_mouse_jumpbutton" value="1"/>
	<var name="left_blobby_mouse_sensitivity" value="1"/>
	<var name="left_blobby_keyboard_left" value="a"/>
	<var name="left_blobby_keyboard_right" value="d"/>
	<var name="left_blobby_keyboard_jump" value="w"/>
	<var name="left_blobby_joystick_left" value="joy_0_axis_-1"/>
	<var name="left_blobby_joystick_right" value="joy_0_axis_1"/>
	<var name="left_blobby_joystick_jump" value="joy_0_axis_2"/>

	<var name="right_blobby_device" value="keyboard"/>
	<var name="right_blobby_mouse_jumpbutton" value="1"/>
	<var name="right_blobby_mouse_sensitivity" value="1"/>
	<var name="right_blobby_keyboard_left" value="left"/>
	<var name="right_blobby_keyboard_right" value="right"/>
	<var name="right_blobby_keyboard_jump" value="up"/>
	<var name="right_blobby_joystick_left" value="joy_0_button_0"/>
	<var name="right_blobby_joystick_right" value="joy_0_button_1"/>
	<var name="right_blobby_joystick_jump" value="joy_0_button_2"/>

	<var name="blobby_touch_type" value="0"/>
</userconfig>

