{
    "version": 1,
    "name": "water_closet.zip",
    "items": [
        "Water Closet.sh",
        "waterCloset/"
    ],
    "items_opt": null,
    "attr": {
        "title": "Water Closet",
        "desc": "Water Closet (AKA WC) is a (somewhat ridiculous) 2D platform puzzle game. Guide Walter Chambers through a series of stages as he attempts to return home from a bizarre world that he has become trapped in.",
        "inst": "All files included",
        "genres": [
            "platformer"
        ],
        "porter": [
            "a-dekker"
        ],
        "image": {},
        "rtr": true,
        "runtime": null,
        "reqs": []
    }
}
