{
  "version": 2,
  "name": "lode.zip",
  "items": [
    "Lode.sh",
    "lode"
  ],
  "items_opt": [],
  "attr": {
    "title": "Lode",
    "porter": [
      "mattyj513"
    ],
    "desc": "Explore by using the strange technology scattered throughout the world to change the way gravity affects you and your surroundings. Traverse every surface within reach, or use the room's gravity to move objects around. Features 64 x 64 pixel resolution and original chip tune sounds and music.",
    "inst": "Download game from https://fabledforgegames.itch.io/lode, place data.win in /ports/lode/gamedata",
    "genres": [
      "adventure"
    ],
    "image": null,
    "rtr": false,
    "runtime": null,
    "reqs": []
  }
}