{
    "version": 2,
    "name": "zgloom.zip",
    "items": [
        "zgloom/",
        "ZGloom.sh"
    ],
    "items_opt": null,
    "attr": {
        "title": "ZGloom",
        "porter": [
            "Bamboozler"
        ],
        "desc": "ZGloom is a re-implementation of Amiga FPS Gloom, including support for Gloom 3, Gloom Deluxe and Zombie Massacre.",
        "inst": "All files are included and game is ready to run.",
        "genres": [
            "fps"
        ],
        "image": {},
        "rtr": true,
        "runtime": null,
        "reqs": []
    }
}