{
  "version": 2,
  "name": "Anodyne.zip",
  "items": [
    "Anodyne.sh",
    "anodyne"
  ],
  "items_opt": [],
  "attr": {
    "title": "Anodyne",
    "porter": [
      "Johnny on Flame"
    ],
    "desc": "In this unique Zelda-lite game, explore and fight your way through surreal and creepy, nature, urban and abstract themed areas in the human Young's subconscious, evoked by a 16-bit-era visual style and a moody, dream-like soundtrack.",
    "inst": "Copy all the files contained in the game's `Remake` folder to `anodyne/gamedata`.",
    "genres": [
      "action",
      "adventure"
    ],
    "image": null,
    "rtr": false,
    "runtime": "mono-6.12.0.122-aarch64.squashfs",
    "reqs": []
  }
}