{
  "version": 2,
  "name": "neogensokyo.zip",
  "items": [
    "Neo-Gensoyo.sh",
    "neogensokyo"
  ],
  "items_opt": [],
  "attr": {
    "title": "Neo-Gensokyo",
    "porter": [
      "mattyj513"
    ],
    "desc": "Slash and dash through robotic enemies, dodge through danmaku in bullet-time, rack up combos to increase your Power level, pinpoint a boss's openings and dance through their moves to counterattack with perfect timing.",
    "inst": "All game files are included.",
    "genres": [
      "action"
    ],
    "image": null,
    "rtr": true,
    "runtime": null,
    "reqs": []
  }
}