{
  "version": "2",
  "name": "nova_pinball.zip",
  "items": [
    "Nova Pinball.sh",
    "nova_pinball"
  ],
  "items_opt": null,
  "attr": {
    "title": "Nova Pinball",
    "porter": "Cebion",
    "desc": "A pinball game created with the Love game framework.\n\nYour mission: Make the star go nova. There are in-game hints that point out the next target to achieve your goal.",
    "inst": "",
    "genres": [
      "arcade"
    ],
    "image": null,
    "rtr": true,
    "runtime": null,
    "reqs": []
  }
}