{
    "version": 2,
    "name": "znax.zip",
    "items": [
        "znax/",
        "Znax.sh"
    ],
    "items_opt": null,
    "attr": {
        "title": "Znax",
        "porter": [
            "Bamboozler"
        ],
        "desc": "Znax is a remake of a game by Nick Kouvaris. It is a sort of puzzle / arcade game where you as the player need to select 4 blocks of the same color and form rectangles as big as you can",
        "inst": "All files are included and game is ready to play.",
        "genres": [
            "puzzle"
        ],
        "image": {},
        "rtr": true,
        "runtime": null,
        "reqs": []
    }
}