{
  "version": 2,
  "name": "Cannonball-st.zip",
  "items": [
    "Cannonball-st.sh",
    "Cannonball-st"
  ],
  "items_opt": [],
  "attr": {
    "title": "Cannonball Standalone",
    "porter": [
      "Tekkenfede"
    ],
    "desc": "CannonBall is an souped up game engine for the OutRun arcade game. The original 68000 and Z80 assembler code has been rewritten in C++. This makes it possible to make improvements suitable for modern platforms, including a higher frame-rate and widescreen support. It requires the original ROMs, as these contain elements including the graphics and audio data. ",
    "inst": "Add the OutRun Revision B ROMs into /ports/cannonball/gamedata folder.\nSupport for console tracks and newer features",
    "genres": [
      "arcade"
    ],
    "image": null,
    "rtr": false,
    "exp": false,
    "runtime": null,
    "reqs": []
  }
}