{
    "version": 2,
    "name": "openrct2.zip",
    "items": [
        "OpenRCT2.sh",
        "openrct2/"
    ],
    "items_opt": null,
    "attr": {
        "title": "OpenRCT2",
        "desc": "OpenRCT2 is Open source re-implementation of RollerCoaster Tycoon 2.",
        "inst": "Add your Roller Coaster Tycoon 2 game files to the ports/openrct2/RCT2 directory, and optionally add your Roller Coaster Tycoon 1 files to ports/openrct2/RCT1.",
        "genres": [
            "simulation"
        ],
        "porter": [
            "kloptops"
        ],
        "image": {},
        "rtr": false,
        "runtime": null,
        "reqs": []
    }
}