{
    "version": 2,
    "name": "laserkombat.zip",
    "items": [
        "Laser Kombat.sh",
        "laserkombat/"
    ],
    "items_opt": null,
    "attr": {
        "title": "Laser Kombat",
        "porter": [
            "Bamboozler"
        ],
        "desc": "Laser Kombat is a classic puzzle game, now available for modern systems. Destroy all the tanks to beat the level. Stay out of line of sight, though, or you will get shot. Shoot your lasers at mirrors, blow up bomb or push your enemies into water with movable blocks to win.",
        "inst": "All files are included and game is ready to play",
        "genres": [
            "puzzle"
        ],
        "image": {},
        "rtr": true,
        "runtime": null,
        "reqs": []
    }
}