{
  "version": 2,
  "name": "hunters.zip",
  "items": [
    "Hunters.sh",
    "hunters"
  ],
  "items_opt": [],
  "attr": {
    "title": "Hunters",
    "porter": [
      "mattyj513"
    ],
    "desc": "Lead your down-on-their-luck salvage crew on your latest contract - the drifting derelict wreck of the Nirvana - and discover what secrets it might hold",
    "inst": "All game files are included",
    "genres": [
      "action"
    ],
    "image": null,
    "rtr": true,
    "runtime": null,
    "reqs": []
  }
}