{
  "version": 2,
  "name": "escape.zip",
  "items": [
    "Escape.sh",
    "escape"
  ],
  "items_opt": [],
  "attr": {
    "title": "Escape",
    "porter": [
      "Cebion"
    ],
    "desc": "Escape is a fun puzzle game in the tradition of Adventures of Lolo or Chip's Challenge \nUnlike either of those games, Escape doesn't rely at all on reflexes—it's all about your brain.",
    "inst": "Game files are included.",
    "genres": [
      "puzzle"
    ],
    "image": null,
    "rtr": true,
    "runtime": null,
    "reqs": []
  }
}