{
    "version": 2,
    "name": "escape.zip",
    "items": [
        "Escape.sh",
        "escape/"
    ],
    "items_opt": null,
    "attr": {
        "title": "Escape",
        "porter": [
            "Cebion"
        ],
        "desc": "Escape is a fun puzzle game in the tradition of Adventures of Lolo or Chip's Challenge \nUnlike either of those games, Escape doesn't rely at all on reflexes\u2014it's all about your brain.",
        "inst": "Game files are included.",
        "genres": [
            "puzzle"
        ],
        "image": {},
        "rtr": true,
        "runtime": null,
        "reqs": []
    }
}