{
    "version": 2,
    "name": "blobwars.zip",
    "items": [
        "Blobwars.sh",
        "blobwars/"
    ],
    "items_opt": null,
    "attr": {
        "title": "Blob Wars: Metal Blob Solid",
        "desc": "Metal Blob Solid is the first game in the Blob Wars series made by Parallel Realities. It is a 2D platform game, where you control Bob in an effort to save his world from an invasion of alien Blobs.",
        "inst": "Blobwars files are already included and ready to go.",
        "genres": [
            "action",
            "platformer"
        ],
        "porter": [
            "Cebion"
        ],
        "image": {},
        "rtr": true,
        "runtime": null,
        "reqs": []
    }
}