{
    "version": 2,
    "name": "owlboy.zip",
    "items": [
        "owlboy/",
        "Owlboy.sh"
    ],
    "items_opt": null,
    "attr": {
        "title": "Owlboy",
        "desc": "A story-driven platform adventure game, where you can fly and explore a brand new world in the clouds.  Text is not readable on devices with screens less than 5 inches.",
        "inst": "You must have a copy of Owlboy for Linux copied to the ports/owlboy/gamedata folder.",
        "genres": [
            "action",
            "adventure"
        ],
        "porter": [
            "Johnny on Flame"
        ],
        "image": {},
        "rtr": false,
        "runtime": "mono-6.12.0.122-aarch64.squashfs",
        "reqs": []
    }
}