{
  "version": 2,
  "name": "zeldoschallenge2.zip",
  "items": [
    "The Legend of Zelda: Zeldo's Challenge 2.sh",
    "zeldoschallenge2/"
  ],
  "items_opt": [],
  "attr": {
    "title": "The Legend of Zelda: Zeldo's Challenge 2",
    "porter": [
      "Jeod"
    ],
    "desc": "After having touched the Trophy of Victory won at the end of the first chapter’s dungeon, Link is teleported in High-rule, a parallel world where multiple video games universes are mixed up. Link must go to the Tower of Memories where Zeldo is waiting for him to get his revenge!",
    "inst": "Download the game from https://solarus-games.org/games/defi-de-zeldo-ch-2/ and put in the zeldoschallenge2/game folder.",
    "genres": [
      "action",
	  "adventure"
    ],
    "image": "zeldoschallenge2.screenshot.png",
    "rtr": false,
    "exp": false,
    "runtime": null,
    "reqs": []
  }
}