{
    "version": 2,
    "name": "anarch.zip",
    "items": [
        "anarch/",
        "Anarch.sh"
    ],
    "items_opt": null,
    "attr": {
        "title": "Anarch",
        "desc": "Anarch is extremely small, completely public domain, no-dependency, no-file, portable suckless anarcho-pacifist from-scratch 90s-style Doom clone that runs everywhere, made for the benefit of all living beings",
        "inst": "Ready to run.",
        "genres": [
            "fps",
            "action"
        ],
        "porter": [
            "Bamboozler"
        ],
        "image": {},
        "rtr": true,
        "runtime": null,
        "reqs": []
    }
}