{
    "version": 2,
    "name": "blobby.volley2.zip",
    "items": [
        "Blobby Volley 2.sh",
        "blobbyvolley2/"
    ],
    "items_opt": null,
    "attr": {
        "title": "Blobby Volley 2",
        "desc": "A head-to-head multiplayer ball game.",
        "inst": "Ready to run.",
        "genres": [
            "sports"
        ],
        "porter": [
            "Cebion",
            "romadu"
        ],
        "image": {},
        "rtr": true,
        "runtime": null,
        "reqs": []
    }
}