{
  "version": 2,
  "name": "bumpersbroadswords.zip",
  "items": [
    "Bumpers & Broadswords.sh",
    "bumpersbroadswords"
  ],
  "items_opt": [],
  "attr": {
    "title": "Bumpers & Broadswords",
    "porter": [
      "mattyj513"
    ],
    "desc": "BUMPERS & BROADSWORDS GAIDEN is a Strategy RPG in a world of discs - with every disc (Bumper) possessing HP, ATK, SPD, and a special Ability! In other words, it's a bit Fire Emblem, a bit Lunar Pool, and a bit Yu-Gi-Oh!",
    "inst": "All game files are included",
    "genres": [
      "action"
    ],
    "image": null,
    "rtr": true,
    "runtime": null,
    "reqs": []
  }
}