{
  "version": 2,
  "name": "Commander Genius.zip",
  "items": [
    "Commander Genius.sh",
    "cgenius"
  ],
  "items_opt": [],
  "attr": {
    "title": "Commander Genius",
    "porter": [
      "t0b10",
      "Christian_Haitian"
    ],
    "desc": "Commander Genius is an open-source clone of Commander Keen (Episodes 1-6, Dreams) which allows you to play these episodes and some of the mods and additional community content made for them. Developed by Gerstrong and originally ported by Christian Haitian.",
    "inst": "Includes all of the officially released free content for Commander Keen: the shareware versions (Episodes 1 and 4), and the demo versions (Episode 6 and Keen Dreams). You can add load your own game file directories into the ports/cgenius/games folder or, if you have an internet connection on-device, you can download directly from the launcher (bottom left link) to access additional community created content.",
    "genres": [
      "action",
      "platformer"
    ],
    "image": "commander.genius.screenshot.jpg",
    "rtr": true,
    "exp": false,
    "runtime": null,
    "reqs": []
  }
}