{
    "version": 2,
    "name": "commander.genius.zip",
    "items": [
        "cgenius/",
        "Commander Genius.sh"
    ],
    "items_opt": null,
    "attr": {
        "title": "Commander Genius",
        "desc": "Commander Genius is an open-source clone of Commander Keen (1-6, Dreams) which allows you to play these episodes and some of the mods made for them.  Developed by Gerstrong.",
        "inst": "Includes the shareware version of Commander Keen 1.  You can add load your own keen folders into the ports/cgenius/games folder.",
        "genres": [
            "action",
            "platformer"
        ],
        "porter": [
            "Christian_Haitian"
        ],
        "image": {},
        "rtr": true,
        "runtime": null,
        "reqs": []
    }
}