{
	"Coldshadow's Fantasy":
	{
		"minSize" : "xl+u", "maxSize" : "g+u",
		"players" : "4-8", "cpu" : "3-6",
		"zones":
		{
			"1":
			{
				"type" : "playerStart", "size" : 30, "owner" : 1,
				"playerTowns" : { "castles" : 1 },
				"neutralTowns" : { "towns" : 1 },
				"monsters" : "normal",
				"mines" : {"wood" : 2, "ore" : 2, "gems" : 1, "crystal" : 1, "sulfur" : 1, "mercury" : 1, "gold" : 1},
				"treasure" : [
								{"min" : 7500, "max": 25000, "density": 4},
								{"min" : 3000, "max": 9000, "density": 6},
								{"min" : 300, "max": 3000, "density": 8}
							]
			},
			"2":
			{
				"type" : "cpuStart", "size" : 30, "owner" : 2,
				"playerTowns" : { "castles" : 1 },
				"neutralTowns" : { "towns" : 1 },
				"monsters" : "weak",
				"minesLikeZone" : 1,
				"treasureLikeZone" : 1
			},
			"3":
			{
				"type" : "cpuStart", "size" : 30, "owner" : 3,
				"playerTowns" : { "castles" : 1 },
				"neutralTowns" : { "towns" : 1 },
				"monsters" : "weak",
				"minesLikeZone" : 1,
				"treasureLikeZone" : 1
			},
			"4":
			{
				"type" : "cpuStart", "size" : 30, "owner" : 4,
				"playerTowns" : { "castles" : 1 },
				"neutralTowns" : { "towns" : 1 },
				"monsters" : "weak",
				"minesLikeZone" : 1,
				"treasureLikeZone" : 1
			},
			"5":
			{
				"type" : "playerStart", "size" : 30, "owner" : 5,
				"playerTowns" : { "castles" : 1 },
				"neutralTowns" : { "towns" : 1 },
				"monsters" : "normal",
				"minesLikeZone" : 1,
				"treasureLikeZone" : 1
			},
			"6":
			{
				"type" : "cpuStart", "size" : 30, "owner" : 6,
				"playerTowns" : { "castles" : 1 },
				"neutralTowns" : { "towns" : 1 },
				"monsters" : "weak",
				"minesLikeZone" : 1,
				"treasureLikeZone" : 1
			},
			"7":
			{
				"type" : "cpuStart", "size" : 30, "owner" : 7,
				"playerTowns" : { "castles" : 1 },
				"neutralTowns" : { "towns" : 1 },
				"monsters" : "weak",
				"minesLikeZone" : 1,
				"treasureLikeZone" : 1
			},
			"8":
			{
				"type" : "cpuStart", "size" : 30, "owner" : 8,
				"playerTowns" : { "castles" : 1 },
				"neutralTowns" : { "towns" : 1 },
				"monsters" : "weak",
				"minesLikeZone" : 1,
				"treasureLikeZone" : 1
			},
			"9":
			{
				"type" : "treasure", "size" : 15,
				"terrainTypes" : ["subterra"], "matchTerrainToTown" : false,
				"neutralTowns" : { "castles" : 1 },
				"monsters" : "strong",
				"mines" : {"gems" : 1, "sulfur" : 1, "mercury" : 1, "crystal" : 1},
				"treasure" : [
								{"min" : 45000, "max": 75000, "density": 3},
								{"min" : 15000, "max": 50000, "density": 3},
								{"min" : 3080, "max": 12500, "density": 4}
							]
			},
			"10":
			{
				"type" : "treasure", "size" : 15,
				"terrainTypeLikeZone" : 9,
				"neutralTowns" : { "castles" : 1 },
				"monsters" : "normal",
				"minesLikeZone" : 9,
				"treasureLikeZone" : 9
			},
			"11":
			{
				"type" : "treasure", "size" : 15,
				"terrainTypeLikeZone" : 9,
				"neutralTowns" : { "castles" : 1 },
				"monsters" : "normal",
				"minesLikeZone" : 9,
				"treasureLikeZone" : 9
			},
			"12":
			{
				"type" : "treasure", "size" : 15,
				"terrainTypeLikeZone" : 9,
				"neutralTowns" : { "castles" : 1 },
				"monsters" : "normal",
				"minesLikeZone" : 9,
				"treasureLikeZone" : 9
			},
			"13":
			{
				"type" : "treasure", "size" : 15,
				"terrainTypeLikeZone" : 9,
				"neutralTowns" : { "castles" : 1 },
				"monsters" : "strong",
				"minesLikeZone" : 9,
				"treasureLikeZone" : 9
			},
			"14":
			{
				"type" : "treasure", "size" : 15,
				"terrainTypeLikeZone" : 9,
				"neutralTowns" : { "castles" : 1 },
				"monsters" : "normal",
				"minesLikeZone" : 9,
				"treasureLikeZone" : 9
			},
			"15":
			{
				"type" : "treasure", "size" : 15,
				"terrainTypeLikeZone" : 9,
				"neutralTowns" : { "castles" : 1 },
				"monsters" : "normal",
				"minesLikeZone" : 9,
				"treasureLikeZone" : 9
			},
			"16":
			{
				"type" : "treasure", "size" : 15,
				"terrainTypeLikeZone" : 9,
				"neutralTowns" : { "castles" : 1 },
				"monsters" : "normal",
				"minesLikeZone" : 9,
				"treasureLikeZone" : 9
			},
			"17":
			{
				"type" : "junction", "size" : 30,
				"terrainTypeLikeZone" : 9,
				"allowedTowns" : ["neutral"],
				"monsters" : "strong",
				"mines" : {"gold" : 1},
				"treasure" : [
								{"min" : 65000, "max": 100000, "density": 3},
								{"min" : 50000, "max": 100000, "density": 3},
								{"min" : 10000, "max": 15000, "density": 3}
							]
			},
			"18":
			{
				"type" : "junction", "size" : 30,
				"terrainTypeLikeZone" : 9,
				"allowedTowns" : ["neutral"],
				"monsters" : "strong",
				"minesLikeZone" : 17,
				"treasureLikeZone" : 17
			},
			"19":
			{
				"type" : "junction", "size" : 30,
				"terrainTypeLikeZone" : 9,
				"allowedTowns" : ["neutral"],
				"monsters" : "strong",
				"minesLikeZone" : 17,
				"treasureLikeZone" : 17
			},
			"20":
			{
				"type" : "junction", "size" : 30,
				"terrainTypeLikeZone" : 9,
				"allowedTowns" : ["neutral"],
				"monsters" : "strong",
				"minesLikeZone" : 17,
				"treasureLikeZone" : 17
			},
			"21":
			{
				"type" : "treasure", "size" : 20,
				"terrainTypeLikeZone" : 9,
				"neutralTowns" : { "castles" : 1 },
				"monsters" : "strong",
				"treasure" : [
								{"min" : 100000, "max": 130000, "density": 3},
								{"min" : 100000, "max": 150000, "density": 3},
								{"min" : 20000, "max": 60000, "density": 3}
							]
			}
		},
		"connections" :
		[
			{ "a" : "1", "b" : "9", "guard" : 36000 },
			{ "a" : "2", "b" : "10", "guard" : 12000 },
			{ "a" : "3", "b" : "11", "guard" : 12000 },
			{ "a" : "4", "b" : "12", "guard" : 12000 },
			{ "a" : "5", "b" : "13", "guard" : 36000 },
			{ "a" : "6", "b" : "14", "guard" : 12000 },
			{ "a" : "7", "b" : "15", "guard" : 12000 },
			{ "a" : "8", "b" : "16", "guard" : 12000 },
			{ "a" : "9", "b" : "17", "guard" : 75000 },
			{ "a" : "10", "b" : "17", "guard" : 25000 },
			{ "a" : "11", "b" : "18", "guard" : 25000 },
			{ "a" : "12", "b" : "18", "guard" : 25000 },
			{ "a" : "13", "b" : "19", "guard" : 75000 },
			{ "a" : "14", "b" : "19", "guard" : 25000 },
			{ "a" : "15", "b" : "20", "guard" : 25000 },
			{ "a" : "16", "b" : "20", "guard" : 25000 },
			{ "a" : "17", "b" : "18", "guard" : 50000 },
			{ "a" : "19", "b" : "20", "guard" : 50000 },
			{ "a" : "17", "b" : "21", "guard" : 60000 },
			{ "a" : "18", "b" : "21", "guard" : 60000 },
			{ "a" : "19", "b" : "21", "guard" : 60000 },
			{ "a" : "20", "b" : "21", "guard" : 60000 }
		]
	}
}
