{
  "version": 2,
  "name": "nebulus.zip",
  "items": [
    "Nebulus.sh",
    "nebulus"
  ],
  "items_opt": [],
  "attr": {
    "title": "Nebulus",
    "porter": [
      "Bamboozler"
    ],
    "desc": "In this puzzle platformer where you have to help a cute little green dude switch off some kind of \"evil\" mechanism. The \"power off switch\" is hidden\nsomewhere in high towers. On your way to the target you need to avoid a lot of\nstrange robots that guard the tower.",
    "inst": "All files are included and game is ready to play.",
    "genres": [
      "platformer"
    ],
    "image": null,
    "rtr": true,
    "runtime": null,
    "reqs": []
  }
}