{
    "version": 2,
    "name": "hex-a-hop.zip",
    "items": [
        "Hex-A-Hop.sh",
        "hex-a-hop/"
    ],
    "items_opt": null,
    "attr": {
        "title": "Hex-A-Hop",
        "desc": "Hex-a-hop is a puzzle game in which a girl has to destroy green hexagons by stepping on them.",
        "inst": "Hex-a-Hop files are already included and ready to go.",
        "genres": [
            "puzzle"
        ],
        "porter": [
            "Cebion"
        ],
        "image": {},
        "rtr": true,
        "runtime": null,
        "reqs": []
    }
}