{
  "version": 2,
  "name": "bowlingcross.zip",
  "items": [
    "Bowling Cross.sh",
    "bowlingcross"
  ],
  "items_opt": [],
  "attr": {
    "title": "Bowling Cross",
    "porter": [
      "mattyj513"
    ],
    "desc": "BOWLING CROSS: DARK LEGACY OF THE DEVIL BOWLER (FINAL FRAME) is the complete version of BOWLING CROSS, a weird GBC-style Battle-Bowling Action RPG - play as a roaming adventurer, using Custom Battle-Bowling Balls to knock down your enemies!",
    "inst": "All game files are included. Thanks to Harley Wilson at https://hwilson.itch.io/bowling-cross-final-frame for creating the game and allowing us to distribute.",
    "genres": [
      "adventure"
    ],
    "image": null,
    "rtr": true,
    "runtime": null,
    "reqs": []
  }
}