{
  "version": 2,
  "name": "cybarian.zip",
  "items": [
    "Cybarian.sh",
    "cybarian"
  ],
  "items_opt": [],
  "attr": {
    "title": "Cybarian",
    "porter": [
      "mattyj513"
    ],
    "desc": "Cybarian The Time Travelling Warrior is a classically inspired arcade action game, with a mixture of modern and retro gaming tropes. Designed to be played through in a single sitting, there are limited checkpoints and no saves.",
    "inst": "Download game from https://store.steampowered.com/app/928840/Cybarian_The_Time_Travelling_Warrior/ , rename Cybarian.exe to Cybarian.zip, extract, copy data.win and all .ogg files to /ports/cybarian/gamedata",
    "genres": [
      "arcade"
    ],
    "image": null,
    "rtr": false,
    "runtime": null,
    "reqs": []
  }
}