{
    "version": 2,
    "name": "diverdown.zip",
    "items": [
        "DiverDown.sh",
        "diverdown/"
    ],
    "items_opt": null,
    "attr": {
        "title": "Diver Down",
        "desc": "Diver Down is a stealth-platformer. Avoid the lights on 20 different stages using your mysterious Diver Down ability, that allows you to dive onto solids! .",
        "inst": "Ready to run.",
        "genres": [
            "platformer"
        ],
        "porter": [
            "Cebion"
        ],
        "image": {},
        "rtr": true,
        "runtime": null,
        "reqs": []
    }
}