{
    "version": 2,
    "name": "hydra.castle.labyrinth.zip",
    "items": [
        "hcl/",
        "Hydra Castle Labyrinth.sh"
    ],
    "items_opt": null,
    "attr": {
        "title": "Hydra Castle Labyrinth",
        "desc": "Hydra Castle Labyrinth is a platform game with some old school action. It's also reminiscent of games of the 16 bit era.",
        "inst": "Ready to run.",
        "genres": [
            "platformer"
        ],
        "porter": [
            "Christian_Haitian"
        ],
        "image": {},
        "rtr": true,
        "runtime": null,
        "reqs": []
    }
}