{
  "version": 2,
  "name": "apocrunner.zip",
  "items": [
    "Apoc Runner.sh",
    "apocrunner"
  ],
  "items_opt": [],
  "attr": {
    "title": "Apoc Runner",
    "porter": [
      "mattyj513"
    ],
    "desc": "As the world burns, as the streets crumble, you cling to one thing: Survival. An unstoppable alien blight has taken hold of the earth, and there's no fighting it. Escape is the only option. Run, jump, and slide your way through urban destruction in this intense runner!",
    "inst": "Download game from https://omnitron-studios.itch.io/apoc-runner, place data.win in /ports/apocrunner/gamedata",
    "genres": [
      "arcade"
    ],
    "image": null,
    "rtr": false,
    "runtime": null,
    "reqs": []
  }
}