{
    "version": 2,
    "name": "duke.nukem.3d.zip",
    "items": [
        "Duke Nukem 3D.sh",
        "rednukem-dn3d-atomic/"
    ],
    "items_opt": null,
    "attr": {
        "title": "Duke Nukem 3D",
        "desc": "Duke Nukem 3D using the rednukem build open source port by Alexey Khokholov.",
        "inst": "You'll need to add your own full version duke3d.grp and duke.rts Duke Nukem 3D Atomic files to the ports/rednukem/gamedata folder.",
        "genres": [
            "fps",
            "action"
        ],
        "porter": [
            "romadu"
        ],
        "image": {},
        "rtr": false,
        "runtime": null,
        "reqs": []
    }
}