{
  "version": 2,
  "name": "snaklipse.zip",
  "items": [
    "Snaklipse.sh",
    "snaklipse"
  ],
  "items_opt": [],
  "attr": {
    "title": "Snaklipse",
    "porter": [
      "mattyj513"
    ],
    "desc": "Snake game, with the addition of jumping, traps, and the need for speed. Features: Wormholes and jumping, many colors to unlock, and many many stars to eat",
    "inst": "All game files are included.",
    "genres": [
      "arcade"
    ],
    "image": null,
    "rtr": true,
    "runtime": null,
    "reqs": []
  }
}