{
    "version": 2,
    "name": "tamatool.zip",
    "items": [
        "tamatool/",
        "Tamatool.sh"
    ],
    "items_opt": null,
    "attr": {
        "title": "Tamatool",
        "desc": "Tamatool is a Tamagotchi P1 emulator.",
        "inst": "Tamatool requires a compatible Tamagotchi P1 ROM called rom.bin in its folder.",
        "genres": [
            "simulation"
        ],
        "porter": [
            "Bamboozler"
        ],
        "image": {},
        "rtr": false,
        "runtime": null,
        "reqs": []
    }
}