{
    "version": "2",
    "name": "abombniball.zip",
    "items": [
        "Abombniball.sh",
        "abombniball"
    ],
    "items_opt": null,
    "attr": {
        "title": "Abombniball",
        "porter": [
            "Cebion"
        ],
        "desc": "The objective of Abombniball is to defuse all the explosives on each level.\nAs a ball, this would normally be a simple task,\nhowever each level is filled with traps and devious puzzles.",
        "inst": "You defuse bombs by landing on the bombs square, however you can only defuse the bomb thats currently counting down. Trying to defuse any other bomb will cause it to explode.",
        "genres": [
            "puzzle"
        ],
        "image": null,
        "rtr": true,
        "runtime": null,
        "reqs": []
    },
    "status": {
        "source": "Unknown",
        "md5": null,
        "status": "Installed"
    },
    "files": {
        "port.json": "abombniball/abombniball.port.json",
        "Abombniball.sh": "Abombniball.sh",
        "abombniball": "abombniball"
    }
}