{
    "version": 2,
    "name": "bstone-ps.zip",
    "items": [
        "Blake Stone - Planet Strike.sh",
        "bstone-ps/"
    ],
    "items_opt": null,
    "attr": {
        "title": "Blake Stone Planet Strike",
        "desc": "The unofficial source port for Blake Stone Planet Strike.",
        "inst": "You'll need to add your own full version Blake Stone Planet Strike files to the ports/bstone-ps/gamedata/planet_strike folder.",
        "genres": [
            "fps"
        ],
        "porter": [
            "Cebion",
            "romadu"
        ],
        "image": {},
        "rtr": false,
        "runtime": null,
        "reqs": []
    }
}