{
    "version": 2,
    "name": "retrotime.zip",
    "items": [
        "Retro Time.sh",
        "retrotime/"
    ],
    "items_opt": null,
    "attr": {
        "title": "Retro Time",
        "porter": [
            "Bamboozler"
        ],
        "desc": "RetroTime is a game containing 8 retro based games playable in 3 game modes being Retro Carousel, Time Attack and Lives mode. ",
        "inst": "All files are included and game is ready to play.",
        "genres": [
            "arcade"
        ],
        "image": {},
        "rtr": true,
        "runtime": null,
        "reqs": []
    }
}