{
    "version": 2,
    "name": "sonic.2.zip",
    "items": [
        "Sonic 2.sh",
        "sonic2/"
    ],
    "items_opt": null,
    "attr": {
        "title": "Sonic 2",
        "desc": "Sonic the Hedgehog 2 decompilation by Rubberduckycooly.",
        "inst": "Just add your own android Data.rsdk file to the ports/sonic2 folder.  See the wiki for more info on this.",
        "genres": [
            "platformer"
        ],
        "porter": [
            "Christian_Haitian"
        ],
        "image": {},
        "rtr": false,
        "runtime": null,
        "reqs": []
    }
}