{
    "version": 2,
    "name": "oddworld.zip",
    "items": [
        "Oddworld Abes Oddysee.sh",
        "Oddworld Abes Exoddus.sh",
        "relive/"
    ],
    "items_opt": null,
    "attr": {
        "title": "Oddworld: Abes Oddysee Exoddus",
        "desc": "It is a platformer with puzzle-solving elements.",
        "inst": "You need to copy all .lvl and .ddv files (and sound.dat for Exoddus) from the original game(s) to either ports/oddysee or ports/exoddus directory.",
        "genres": [
            "action",
            "adventure"
        ],
        "porter": [
            "Orson"
        ],
        "image": {},
        "rtr": false,
        "runtime": null,
        "reqs": []
    }
}