{
    "version": "2",
    "name": "OpenGGS.zip",
    "items": [
      "Open Great Giana Sisters.sh",
      "openggs"
    ],
    "items_opt": null,
    "attr": {
      "title": "Open Great Giana Sisters",
      "porter": "Bamboozler",
      "desc": "Open Great Giana Sisters is a Free Software/Open Source implementation/remake of The Great Giana Sisters.",
      "inst": "All files are included and game is ready to play.",
      "genres": [
        "platformer"
      ],
      "image": null,
      "rtr": true,
      "runtime": null,
      "reqs": []
    }
  }