{
    "version": 2,
    "name": "f1race.zip",
    "items": [
        "F1 Race.sh",
        "f1race/"
    ],
    "items_opt": null,
    "attr": {
        "title": "F1 Race",
        "porter": [
            "Bamboozler"
        ],
        "desc": "F1 Race is a port of the F1 Race game from MTK OS.",
        "inst": "All game files are included and game is ready to play",
        "genres": [
            "racing",
            "arcade"
        ],
        "image": {},
        "rtr": true,
        "runtime": null,
        "reqs": [],
        "url": ""
    }
}