{
    "version": 2,
    "name": "serioussam-tfe.zip",
    "items": [
        "Serious Sam - The First Encounter.sh",
        "sstfe/"
    ],
    "items_opt": null,
    "attr": {
        "title": "Serious Sam - The First Encounter",
        "desc": "Serious Sam is a high-adrenaline arcade-action shooter heavily focused on frantic arcade-style single player action. Sam travels through the beautiful world of ancient Egypt and several diverse planets, confronting countless Mental�s minions on his way to the Mental�s base. This source port of Serious Sam was originally modded to work on the Dragonbox Pyra handheld. GL video accelerated with GL4ES!\n\nGL4ES by ptitseb (same dev who also does box86 and box64) can be found here: https://github.com/ptitSeb/gl4es",
        "inst": "You will need to populate the sstfe directory with your game data.  Copy all contents except the 'Bin' folder from your Serious Sam - The First Encounter Classic GOG, Steam, or CD install and DO NOT overwrite existing files.  It has been reported that the Serious Sam Classics: Revolution copy of The First Encounter should work, too",
        "genres": [
            "fps",
            "action"
        ],
        "porter": [
            "Slayer366"
        ],
        "image": {},
        "rtr": false,
        "runtime": null,
        "reqs": []
    }
}