{
    "version": 2,
    "name": "lbreakouthd.zip",
    "items": [
        "lbreakouthd/",
        "LBreakoutHD.sh"
    ],
    "items_opt": null,
    "attr": {
        "title": "LBreakoutHD",
        "porter": [
            "Bamboozler"
        ],
        "desc": "LBreakoutHD is a scaleable 16:9 remake of LBreakout2. You try to clear levels full of different types of bricks and extras by using your paddle to aim balls at the bricks.",
        "inst": "All files are included and game is ready to play.",
        "genres": [
            "other"
        ],
        "image": {},
        "rtr": true,
        "runtime": null,
        "reqs": []
    }
}