{
    "version": 2,
    "name": "cannonball-lr.zip",
    "items": [
        "Cannonball.sh",
        "cannonball/"
    ],
    "items_opt": null,
    "attr": {
        "title": "Cannonball",
        "desc": "This is the libretro port of the OutRun game engine recreation written by Chris White in 2014.",
        "inst": "Add the OutRun Revision B ROMs into /ports/cannonball/gamedata folder. ",
        "genres": [
            "racing"
        ],
        "porter": [
            "Christian_Haitian"
        ],
        "image": {},
        "rtr": false,
        "runtime": null,
        "reqs": []
    }
}