{
    "version": 2,
    "name": "space.cadet.pinball.zip",
    "items": [
        "Space Cadet Pinball.sh",
        "spacecadetpinball/"
    ],
    "items_opt": null,
    "attr": {
        "title": "Space Cadet Pinball",
        "desc": "A reversed engineered version Space Cadet Pinball.",
        "inst": "Just add your own Space Cadet Pinball PINBALL.DAT files and sound files to the spacecadetpinball folder.",
        "genres": [
            "casino/card"
        ],
        "porter": [
            "Jetup",
            "romadu"
        ],
        "image": {},
        "rtr": false,
        "runtime": null,
        "reqs": []
    }
}