{
    "version": 2,
    "name": "wizznic.zip",
    "items": [
        "wizznic/",
        "Wizznic.sh"
    ],
    "items_opt": null,
    "attr": {
        "title": "Wizznic",
        "porter": [
            "Bamboozler"
        ],
        "desc": "Wizznic! is an open-source, freeware remake of Puzznic, recreating the original arcade levels, the NES ones and including fan-made puzzle packs with new custom levels. The gameplay remains exactly the same, where the player has to move individual tiles, arranging them inside a restricted space to create groups of identical blocks and make all disappear by touching each other. Elevators and other features gradually start to appear on later levels.",
        "inst": "All files are included and game is ready to play",
        "genres": [
            "puzzle"
        ],
        "image": {},
        "rtr": true,
        "runtime": null,
        "reqs": []
    }
}