{
  "version": 2,
  "name": "chessisstupid.zip",
  "items": [
    "Chess is Stupid.sh",
    "chessisstupid"
  ],
  "items_opt": [],
  "attr": {
    "title": "Chess is Stupid",
    "porter": [
      "mattyj513"
    ],
    "desc": "A small, weird Smash TV style shooter made by a painfully mediocre chess player who wanted to shoot the pieces after badly losing. Features all types of official chess piece, plus some made-up ones, funny stage names, tile breaking, like Battle Network, cutscenes, references to chess culture, if anyone cares, and UFO 50 palette",
    "inst": "All game files are included",
    "genres": [
      "arcade"
    ],
    "image": null,
    "rtr": true,
    "runtime": null,
    "reqs": []
  }
}