{
    "version": 2,
    "name": "gnurobbo.zip",
    "items": [
        "GNU Robbo.sh",
        "gnurobbo/"
    ],
    "items_opt": null,
    "attr": {
        "title": "GNU Robbo",
        "porter": [
            "Bamboozler"
        ],
        "desc": "GNU Robbo is a free open source reimplementation of game designed by Janusz Pelc and published by LK Avalon in 1989 for the Atari XL/XE computers.",
        "inst": "All files are included and game is ready to play",
        "genres": [
            "puzzle"
        ],
        "image": {},
        "rtr": true,
        "runtime": null,
        "reqs": []
    }
}