{
    "version": 2,
    "name": "undertale.zip",
    "items": [
        "undertale/",
        "Undertale.sh"
    ],
    "items_opt": null,
    "attr": {
        "title": "Undertale",
        "desc": "Undertale loader.",
        "inst": "You must have a copy of Undertale Linux version assets copied to the ports/undertale/assets folder.  For more info on the setup needs, see https://github.com/christianhaitian/arkos/wiki/ArkOS-Emulators-and-Ports-information",
        "genres": [
            "rpg"
        ],
        "porter": [
            "krishenriksen"
        ],
        "image": {},
        "rtr": false,
        "runtime": null,
        "reqs": []
    }
}