{
    "version": 2,
    "name": "carmageddon.zip",
    "items": [
        "Carmageddon.sh",
        "carmageddon"
    ],
    "items_opt": null,
    "attr": {
        "title": "Carmageddon",
        "porter": [
            "Orson"
        ],
        "desc": "Carmageddon is the original freeform driving sensation, where pedestrians (and cows!) equal points, and your opponents are a bunch of crazies in a twisted mix of automotive killing machines.",
        "inst": "You need to copy the original game files to ports/carmageddon folder.",
        "genres": [
            "racing"
        ],
        "image": null,
        "rtr": false,
        "runtime": null,
        "reqs": []
    },
    "status": {
        "source": "Unknown",
        "md5": null,
        "status": "Installed"
    },
    "files": {
        "port.json": "carmageddon/carmageddon.port.json",
        "Carmageddon.sh": "Carmageddon.sh",
        "carmageddon": "carmageddon"
    }
}
