{
    "version": "2",
    "name": "Boni.zip",
    "items": [
        "Boni+.sh",
        "boni"
    ],
    "items_opt": null,
    "attr": {
        "title": "Boni+",
        "porter": [
            "tabreturn"
        ],
        "desc": "Boni the skeleton is traveling across the Mexican 'Dia de Muertos', however, he needs to go across the spooky Iztepetl Cemetery. Help him get his skeletal body to the other side!",
        "inst": "You can download Boni+ for free at: https://pistachoduck.itch.io/boniboni. Download the Boni_Linux64.zip version and extract it, and place the Boni_Linux.x86_64 file in the gamedata directory.",
        "genres": [
            "platformer"
        ],
        "image": null,
        "rtr": false,
        "runtime": "frt_3.3.4.squashfs",
        "reqs": []
    },
    "status": {
        "source": "Unknown",
        "md5": null,
        "status": "Installed"
    },
    "files": {
        "port.json": "boni/boni.port.json",
        "Boni+.sh": "Boni+.sh",
        "boni": "boni"
    }
}
