{
    "version": 2,
    "name": "daikatana.zip",
    "items": [
        "daikatana/",
        "Daikatana.sh"
    ],
    "items_opt": null,
    "attr": {
        "title": "Daikatana",
        "porter": [
            "Johnny on Flame"
        ],
        "desc": "Travel through time to fight a corrupted dictatorship and right the wrongs inflicted on the world.",
        "inst": "You must add the retail data files from the 'data/' folder to the port's 'daikatana/gamedata/' folder.",
        "genres": [
            "action",
            "fps"
        ],
        "image": {},
        "rtr": false,
        "runtime": null,
        "reqs": []
    }
}