{
    "version": 2,
    "name": "exhumed.zip",
    "items": [
        "Exhumed.sh",
        "Exhumed/"
    ],
    "items_opt": null,
    "attr": {
        "title": "Exhumed",
        "desc": "A port of the PC version of Exhumed based on EDuke32.",
        "inst": "You'll need to add your own full version STUFF.DAT, DEMO.VCR and BOOK.MOV files to the ports/Exhumed folder.",
        "genres": [
            "fps",
            "action"
        ],
        "porter": [
            "romadu"
        ],
        "image": {},
        "rtr": false,
        "runtime": null,
        "reqs": []
    }
}