{
    "version": 2,
    "name": "blockout2.zip",
    "items": [
        "Blockout 2.sh",
        "blockout2/"
    ],
    "items_opt": null,
    "attr": {
        "title": "BlockOut II",
        "desc": "BlockOut II is a free adaptation of the original BlockOut DOS game. BlockOut II has the same features than the original game with few graphic improvements.",
        "inst": "BlockOut II files are already included and ready to go.",
        "genres": [
            "puzzle"
        ],
        "porter": [
            "Cebion"
        ],
        "image": {},
        "rtr": true,
        "runtime": null,
        "reqs": []
    }
}