{
    "version": "2",
    "name": "prototype.zip",
    "items": [
        "prototype.sh",
        "prototype"
    ],
    "items_opt": null,
    "attr": {
        "title": "Prototype",
        "porter": [
            "Tekkenfede"
        ],
        "desc": "This is ProtoType, an RType remake from Dark Castle Software. This version compile on OpenPandora, Linux, ODROID and AmigaOS4, has the FMOD dependancy removed (using SDL_mixer instead, but can be re-activated), and has a few fixes in the code. This game now use stb_image for Image Loading.",
        "inst": "",
        "genres": [
            "arcade",
            "other"
        ],
        "image": null,
        "rtr": true,
        "runtime": null,
        "reqs": []
    }
}