{"version":"1.0","source":"WordleSDL.zip","items":["Wordle SDL.sh","wordlesdl"],"items_opt":[],"md5":null,"attr":{"title":"Wordle SDL","porter":"Bamboozler","desc":"Wordle SDL is a port of a clone of Wordle made with SDL.\n\nWordle is a web-based word game created and developed by Welsh software engineer Josh Wardle, and owned and published by The New York Times Company since 2022. Players have six attempts to guess a five-letter word, with feedback given for each guess in the form of colored tiles indicating when letters match or occupy the correct position.","inst":"All files are included and ready.","genres":["puzzle"],"image":null,"rtr":true,"runtime":"blank","reqs":[],"url":""}}