{
    "version": 2,
    "name": "billyfrontier.zip",
    "items": [
        "BillyFrontier.sh",
        "billyfrontier/"
    ],
    "items_opt": null,
    "attr": {
        "title": "Billy Frontier",
        "desc": "This is Pangea Software's Billy Frontier updated to run on modern operating systems. Use the touchscreen to navigate the UI and gameplay.",
        "inst": "Ready to run.",
        "genres": [
            "action"
        ],
        "porter": [
            "brooksytech"
        ],
        "image": {},
        "rtr": true,
        "runtime": null,
        "reqs": [
            "opengl"
        ]
    }
}