{
  "version": 2,
  "name": "rotationalshift.zip",
  "items": [
    "Rotational Shift.sh",
    "rotationalshift"
  ],
  "items_opt": [],
  "attr": {
    "title": "Rotational Shift",
    "porter": [
      "mattyj513"
    ],
    "desc": "A team of workers are tasked with processing boxes and have to meet the quota in the time limit. The catch? Every time the wheel spins, a worker is selected at random to work the next shift. With such short margins, all workers must play a part in helping each other be as effective as possible, so that no second is wasted.",
    "inst": "Download game from https://gleeson.itch.io/rotational-shift. Place data.win in /ports/rotationalshift/gamedata",
    "genres": [
      "arcade"
    ],
    "image": null,
    "rtr": false,
    "runtime": null,
    "reqs": []
  }
}