{
    "version": 2,
    "name": "freedom.planet.zip",
    "items": [
        "Freedom Planet.sh",
        "freedomplanet/"
    ],
    "items_opt": null,
    "attr": {
        "title": "Freedom Planet",
        "desc": "A combat-based platform adventure.",
        "inst": "You must have a copy of Freedom Planet for Linux copied to the ports/freedomplanet/gamedata folder.",
        "genres": [
            "action",
            "platformer"
        ],
        "porter": [
            "Johnny on Flame"
        ],
        "image": {},
        "rtr": false,
        "runtime": null,
        "reqs": []
    }
}