{
    "version": 2,
    "name": "hftsr.zip",
    "items": [
        "HFTSR/",
        "Hunt.sh"
    ],
    "items_opt": null,
    "attr": {
        "title": "Hunt for the Shadow Rider",
        "porter": [
            "Tekkenfede"
        ],
        "desc": "A rogue Shadow Rider has escaped to the year 2078. You are the only Hunter left who can take him down",
        "inst": "Boot Hunt.sh and play.",
        "genres": [
            "action",
            "arcade"
        ],
        "image": {},
        "rtr": true,
        "runtime": "frt_3.3.4.squashfs",
        "reqs": []
    }
}