{
    "version": 2,
    "name": "enigma.zip",
    "items": [
        "enigma/",
        "Enigma.sh"
    ],
    "items_opt": null,
    "attr": {
        "title": "Enigma",
        "desc": "Enigma is a puzzle game inspired by Oxyd on the Atari ST and Rock'n'Roll on the Amiga",
        "inst": "Ready to run.",
        "genres": [
            "puzzle"
        ],
        "porter": [
            "Bamboozler"
        ],
        "image": {},
        "rtr": true,
        "runtime": null,
        "reqs": []
    }
}