{
    "version": 2,
    "name": "yatka.zip",
    "items": [
        "yatka/",
        "yatka.sh"
    ],
    "items_opt": null,
    "attr": {
        "title": "Yatka",
        "porter": [
            "Tekkenfede"
        ],
        "desc": "YATKA is one of many Tetris implementations available. Motivation behind this one was, on the one hand, to create a game that would conform to modern rules of the game, while, on the other, to make possible running it on resource-limited platforms (e.g. Bittboy or JZ4760-based handheld consoles).\nTwo Classic themes by Tekkenfede included.",
        "inst": "All file included, boot the game and play",
        "genres": [
            "puzzle"
        ],
        "image": {},
        "rtr": true,
        "runtime": null,
        "reqs": []
    }
}