{
    "version": 2,
    "name": "maximilien_adventure.zip",
    "items": [
        "Maximilien Adventure.sh",
        "maximilien_adventure/"
    ],
    "items_opt": null,
    "attr": {
        "title": "Maximilien Adventure",
        "porter": [
            "Cebion"
        ],
        "desc": "Maximilien, a young adventure, survive a terrible plane crash. \nWith the help of some locals, he will needs to get through the jungle and find his brother and sister.",
        "inst": "Ready to run.",
        "genres": [
            "platformer"
        ],
        "image": {},
        "rtr": true,
        "runtime": "frt_3.2.3.squashfs",
        "reqs": []
    }
}