{
    "version": 2,
    "name": "falling_time.zip",
    "items": [
        "Falling Time.sh",
        "falling_time/"
    ],
    "items_opt": null,
    "attr": {
        "title": "Falling Time",
        "desc": "Arcade game inspired by Fall Down.",
        "inst": "Falling Time files are already included and ready to go.",
        "genres": [
            "arcade"
        ],
        "porter": [
            "Cebion"
        ],
        "image": {},
        "rtr": true,
        "runtime": null,
        "reqs": []
    }
}