{
  "version": "2",
  "name": "donutdodo.zip",
  "items": [
    "Donut Dodo",
    "donutdodo"
  ],
  "items_opt": null,
  "attr": {
    "title": "Donut Dodo",
    "porter": [
      "tabreturn"
    ],
    "desc": "If a long lost arcade game from 1983 resurfaced today, it would be Donut Dodo -- a classic 2D platformer from the golden era, tough as nails and challenging for the whole family! Ready to top the high score table?",
    "inst": "You can purchase Donut Dodo at: https://zapposh.itch.io/donut-dodo-retropie-edition\n\nDownload and extract it, and place the DonutDodo.pck file in the gamedata directory. This has been tested with DonutDodo_1_39.zip\n\nDPAD/ANALOG = Movement\nB/A = Jump",
    "genres": [
      "platformer"
    ],
    "image": null,
    "rtr": false,
    "runtime": "frt_3.5.2.squashfs",
    "reqs": []
  }
}
