{
    "version": 2,
    "name": "pekka-kana-2.zip",
    "items": [
        "Pekka Kana 2.sh",
        "pekka-kana-2/"
    ],
    "items_opt": null,
    "attr": {
        "title": "Pekka Kana 2",
        "desc": "Pekka Kana 2 (Pekka the Rooster 2) is a jump 'n run game made in the spirit of old classic platformers such as Super Mario, Sonic the Hedgehog, Jazz Jackrabbit, Super Frog and so on.",
        "inst": "Pekka Kana 2 files are already included and ready to go.",
        "genres": [
            "platformer"
        ],
        "porter": [
            "Cebion"
        ],
        "image": {},
        "rtr": true,
        "runtime": null,
        "reqs": []
    }
}