{
    "version": 2,
    "name": "murtop.zip",
    "items": [
        "Murtop.sh",
        "murtop/"
    ],
    "items_opt": null,
    "attr": {
        "title": "Murtop",
        "porter": [
            "tabreturn"
        ],
        "desc": "Fast-paced arcade game packed with action, as if it was taken out directly from the 80's, where Dig Dug meets Bomberman.",
        "inst": "You can purchase Murtop at: https://hiulit.itch.io/murtop\n\nDownload and extract it, and place the Murtop.pck file in the gamedata directory. This has been tested with Murtop ARM 64, version 1.2.0\n\nR1 = 5 (insert coin)\nB / A = SPACE (drop bomb)\nSTART = 1 (start)\nX = P (pause / menu to quit)",
        "genres": [
            "arcade"
        ],
        "image": {},
        "rtr": false,
        "runtime": "frt_3.5.2.squashfs",
        "reqs": []
    }
}