{
  "version": 2,
  "name": "botbreak.zip",
  "items": [
    "Botbreak.sh",
    "botbreak"
  ],
  "items_opt": [],
  "attr": {
    "title": "Botbreak",
    "porter": [
      "mattyj513"
    ],
    "desc": "BOT-BREAK! is a Paddle Pinball arcade-y experience, made for MechJam III, and designed to somewhat resemble a physical electromechanical game - complete with a cute little dot matrix display. Destroy the enemy Giant Robot one part at a time, dodge Missiles, get a Shield, launch your MechBall from the Railgun, and activate Hyper Mode to button-mash to victory!",
    "inst": "All game files are included",
    "genres": [
      "arcade"
    ],
    "image": null,
    "rtr": true,
    "runtime": null,
    "reqs": []
  }
}