{
    "version": 2,
    "name": "mightymike.zip",
    "items": [
        "MightyMike.sh",
        "mightymike/"
    ],
    "items_opt": null,
    "attr": {
        "title": "Mighty Mike",
        "desc": "This is Pangea Software's Mighty Mike (also known as Power Pete). Set in a toy store, this top-down action game is a staple of 90's Macintosh games.",
        "inst": "Ready to run.",
        "genres": [
            "platformer"
        ],
        "porter": [
            "brooksytech"
        ],
        "image": {},
        "rtr": true,
        "runtime": null,
        "reqs": [
            "opengl"
        ]
    }
}