{
    "version": 2,
    "name": "fade_to_black.zip",
    "items": [
        "f2bgl/",
        "F2bgl.sh"
    ],
    "items_opt": null,
    "attr": {
        "title": "F2bgl",
        "desc": " A reimplementation of the Fade to Black game.",
        "inst": "You will need the original files of the PC release or PC demo copied to the ports/f2bgl folder.",
        "genres": [
            "action",
            "adventure"
        ],
        "porter": [
            "romadu"
        ],
        "image": {},
        "rtr": false,
        "runtime": null,
        "reqs": []
    }
}