{
    "version": 2,
    "name": "hijinx.zip",
    "items": [
        "Hijinx.sh",
        "hijinx/"
    ],
    "items_opt": null,
    "attr": {
        "porter": [
            "Cebion"
        ],
        "desc": "Hijinx is a platformer that incorporates the theme of \"pick your poison\" by having players pick from a set of handicaps for each level, with help from Carl, the bumbling tortoise.",
        "inst": "Game files are included.",
        "genres": [
            "platformer"
        ],
        "rtr": true,
        "runtime": "godot-3.2.3.squashfs",
        "title": "",
        "image": {},
        "reqs": []
    }
}