{
    "version": 2,
    "name": "heart.of.darkness.zip",
    "items": [
        "Heart of Darkness.sh",
        "hode/"
    ],
    "items_opt": null,
    "attr": {
        "title": "Heart of Darkness",
        "desc": "Heart of Darkness using the hode reimplementation of the engine developed by Amazing Studio.",
        "inst": "Just add your own Heart of Darkness game files to the ports/hode/gamedata folder.",
        "genres": [
            "action",
            "platformer"
        ],
        "porter": [
            "Jetup"
        ],
        "image": {},
        "rtr": false,
        "runtime": null,
        "reqs": []
    }
}