[
	{
		"type" : "WT_INPUT",
		"name" : "left",
		"groupName" : "controls",
		"x" : 250,
		"y" : 150,
		"text" : "Left"
	},
	{
		"type" : "WT_INPUT",
		"name" : "right",
		"groupName" : "controls",
		"x" : 250,
		"y" : 200,
		"text" : "Right"
	},
	{
		"type" : "WT_INPUT",
		"name" : "jump",
		"groupName" : "controls",
		"x" : 250,
		"y" : 250,
		"text" : "Jump"
	},
	{
		"type" : "WT_INPUT",
		"name" : "use",
		"groupName" : "controls",
		"x" : 250,
		"y" : 300,
		"text" : "Use"
	},
	{
		"type" : "WT_INPUT",
		"name" : "clone",
		"groupName" : "controls",
		"x" : 250,
		"y" : 350,
		"text" : "Clone"
	},
	{
		"type" : "WT_INPUT",
		"name" : "restart",
		"groupName" : "controls",
		"x" : 250,
		"y" : 400,
		"text" : "Restart"
	},
	{
		"type" : "WT_INPUT",
		"name" : "pause",
		"groupName" : "controls",
		"x" : 250,
		"y" : 450,
		"text" : "Pause"
	},
	{
		"type" : "WT_BUTTON",
		"name" : "back",
		"groupName" : "controls",
		"x" : 250,
		"y" : 550,
		"text" : "Back"
	}
]
