[
	{
		"type" : "WT_SELECT",
		"name" : "soundVolume",
		"groupName" : "options",
		"x" : 300,
		"y" : 150,
		"text" : "Sound Volume",
		"options" : [
			"0", "10", "20", "30", "40", "50", "60", "70", "80", "90", "100"
		]
	},
	{
		"type" : "WT_SELECT",
		"name" : "musicVolume",
		"groupName" : "options",
		"x" : 300,
		"y" : 200,
		"text" : "Music Volume",
		"options" : [
			"0", "10", "20", "30", "40", "50", "60", "70", "80", "90", "100"
		]
	},
	{
		"type" : "WT_SELECT",
		"name" : "windowSize",
		"groupName" : "options",
		"x" : 300,
		"y" : 250,
		"text" : "Window Size",
		"options" : [
			"640 x 360", "1280 x 720", "1920 x 1080", "2560 x 1440", "3840 x 2160"
		]
	},
	{
		"type" : "WT_SELECT",
		"name" : "fullscreen",
		"groupName" : "options",
		"x" : 300,
		"y" : 300,
		"text" : "Fullscreen",
		"options" : [
			"Off", "On"
		]
	},
	{
		"type" : "WT_SELECT",
		"name" : "tips",
		"groupName" : "options",
		"x" : 300,
		"y" : 350,
		"text" : "Show Tips",
		"options" : [
			"Off", "On"
		]
	},
	{
		"type" : "WT_BUTTON",
		"name" : "controls",
		"groupName" : "options",
		"x" : 300,
		"y" : 400,
		"text" : "Controls ..."
	},
	{
		"type" : "WT_BUTTON",
		"name" : "back",
		"groupName" : "options",
		"x" : 300,
		"y" : 550,
		"text" : "Back"
	}
]
