[
	{
		"type" : "WT_BUTTON",
		"name" : "resume",
		"groupName" : "stage",
		"x" : -1,
		"y" : 200,
		"text" : "Resume"
	},
	{
		"type" : "WT_BUTTON",
		"name" : "restart",
		"groupName" : "stage",
		"x" : -1,
		"y" : 275,
		"text" : "Restart"
	},
	{
		"type" : "WT_BUTTON",
		"name" : "stats",
		"groupName" : "stage",
		"x" : -1,
		"y" : 350,
		"text" : "Stats"
	},
	{
		"type" : "WT_BUTTON",
		"name" : "options",
		"groupName" : "stage",
		"x" : -1,
		"y" : 425,
		"text" : "Options"
	},
	{
		"type" : "WT_BUTTON",
		"name" : "quit",
		"groupName" : "stage",
		"x" : -1,
		"y" : 500,
		"text" : "Quit"
	}
]
