[
	{
		"type" : "WT_BUTTON",
		"name" : "start",
		"groupName" : "title",
		"x" : -1,
		"y" : 300,
		"text" : "Start Game"
	},
	{
		"type" : "WT_BUTTON",
		"name" : "options",
		"groupName" : "title",
		"x" : -1,
		"y" : 350,
		"text" : "Options"
	},
	{
		"type" : "WT_BUTTON",
		"name" : "stats",
		"groupName" : "title",
		"x" : -1,
		"y" : 400,
		"text" : "Stats"
	},
	{
		"type" : "WT_BUTTON",
		"name" : "story",
		"groupName" : "title",
		"x" : -1,
		"y" : 450,
		"text" : "Story"
	},
	{
		"type" : "WT_BUTTON",
		"name" : "credits",
		"groupName" : "title",
		"x" : -1,
		"y" : 500,
		"text" : "Credits"
	},
	{
		"type" : "WT_BUTTON",
		"name" : "quit",
		"groupName" : "title",
		"x" : -1,
		"y" : 550,
		"text" : "Quit"
	}
]
