{
    "version": 2,
    "name": "titan_tactics.zip",
    "items": [
        "Titan Tactics.sh",
        "titan_tactics/"
    ],
    "items_opt": null,
    "attr": {
        "title": "Titan Tactics",
        "desc": "A follow up to Pocket Tactics, Titan Tactics is inspired by the awesome tactic games of the 90s. Fight with your allies and uncover the mysteries of the kingdoms of Tyrmyr and Skathi!",
        "inst": "Ready to run.",
        "genres": [
            "strategy"
        ],
        "porter": [
            "Cebion"
        ],
        "image": {},
        "rtr": true,
        "runtime": null,
        "reqs": []
    }
}