{
  "version": 2,
  "name": "hotlinesanzu.zip",
  "items": [
    "Hotline Sanzu.sh",
    "hotlinesanzu"
  ],
  "items_opt": [],
  "attr": {
    "title": "Hotline Sanzu",
    "porter": [
      "mattyj513"
    ],
    "desc": "An arcade shooter / immersive sim where you solve problems with guns, backstabs, and strategic use of vents. Perform hostile corporate takeovers, clean up criminal syndicates, and try to get out of your literal dead-end job at the japanese ministry of death and reincarnation.",
    "inst": "Download game from https://yaru.itch.io/touhou-hotline-sanzu , copy data.win and three folders (bgm jingle snd) to /ports/hotlinesanzu/gamedata",
    "genres": [
      "action"
    ],
    "image": null,
    "rtr": false,
    "runtime": null,
    "reqs": [
      "2gb"
    ]
  }
}