{
    "version": 2,
    "name": "npuzzle.zip",
    "items": [
        "npuzzle/",
        "NPuzzle.sh"
    ],
    "items_opt": null,
    "attr": {
        "title": "NPuzzle",
        "porter": [
            "Bamboozler"
        ],
        "desc": "NPuzzle is a 15 puzzle style sliding game where you have to rearrange the tiles in order.",
        "inst": "All files are included and game is ready to play.",
        "genres": [
            "puzzle"
        ],
        "image": {},
        "rtr": true,
        "runtime": null,
        "reqs": []
    }
}