{
    "version": 2,
    "name": "openblok.zip",
    "items": [
        "openblok/",
        "OpenBlok.sh"
    ],
    "items_opt": null,
    "attr": {
        "title": "OpenBlok",
        "desc": "A customizable, cross platform, open-source falling block game, packed with a bunch of features.",
        "inst": "Ready to run.",
        "genres": [
            "puzzle"
        ],
        "porter": [
            "Bamboozler"
        ],
        "image": {},
        "rtr": true,
        "runtime": null,
        "reqs": []
    }
}