[
	{
		"filename" : "gfx/particles/darkness.png",
		"x" : 0,
		"y" : 0,
		"w" : 150,
		"h" : 150,
		"rotated" : 0
	},
	{
		"filename" : "gfx/main/closet.png",
		"x" : 0,
		"y" : 151,
		"w" : 433,
		"h" : 112,
		"rotated" : 0
	},
	{
		"filename" : "gfx/main/water.png",
		"x" : 0,
		"y" : 264,
		"w" : 425,
		"h" : 111,
		"rotated" : 0
	},
	{
		"filename" : "gfx/entities/door.png",
		"x" : 151,
		"y" : 0,
		"w" : 16,
		"h" : 96,
		"rotated" : 0
	},
	{
		"filename" : "gfx/particles/light.png",
		"x" : 168,
		"y" : 0,
		"w" : 73,
		"h" : 73,
		"rotated" : 0
	},
	{
		"filename" : "gfx/decoration/mirror.png",
		"x" : 242,
		"y" : 0,
		"w" : 32,
		"h" : 64,
		"rotated" : 0
	},
	{
		"filename" : "gfx/entities/trafficLightGo.png",
		"x" : 275,
		"y" : 0,
		"w" : 16,
		"h" : 56,
		"rotated" : 0
	},
	{
		"filename" : "gfx/entities/trafficLightStop.png",
		"x" : 292,
		"y" : 0,
		"w" : 16,
		"h" : 56,
		"rotated" : 0
	},
	{
		"filename" : "gfx/entities/waterButton4.png",
		"x" : 309,
		"y" : 0,
		"w" : 48,
		"h" : 54,
		"rotated" : 0
	},
	{
		"filename" : "gfx/entities/waterButton5.png",
		"x" : 358,
		"y" : 0,
		"w" : 48,
		"h" : 54,
		"rotated" : 0
	},
	{
		"filename" : "gfx/entities/waterButton2.png",
		"x" : 407,
		"y" : 0,
		"w" : 48,
		"h" : 54,
		"rotated" : 0
	},
	{
		"filename" : "gfx/entities/waterButton3.png",
		"x" : 456,
		"y" : 0,
		"w" : 48,
		"h" : 54,
		"rotated" : 0
	},
	{
		"filename" : "gfx/entities/waterButton1.png",
		"x" : 434,
		"y" : 151,
		"w" : 48,
		"h" : 54,
		"rotated" : 0
	},
	{
		"filename" : "gfx/entities/waterButton6.png",
		"x" : 434,
		"y" : 206,
		"w" : 48,
		"h" : 54,
		"rotated" : 0
	},
	{
		"filename" : "gfx/tilesets/brick/5.png",
		"x" : 151,
		"y" : 97,
		"w" : 48,
		"h" : 48,
		"rotated" : 0
	},
	{
		"filename" : "gfx/tilesets/brick/4.png",
		"x" : 200,
		"y" : 97,
		"w" : 48,
		"h" : 48,
		"rotated" : 0
	},
	{
		"filename" : "gfx/tilesets/brick/1.png",
		"x" : 249,
		"y" : 97,
		"w" : 48,
		"h" : 48,
		"rotated" : 0
	},
	{
		"filename" : "gfx/tilesets/brick/2.png",
		"x" : 298,
		"y" : 97,
		"w" : 48,
		"h" : 48,
		"rotated" : 0
	},
	{
		"filename" : "gfx/tilesets/brick/6.png",
		"x" : 347,
		"y" : 97,
		"w" : 48,
		"h" : 48,
		"rotated" : 0
	},
	{
		"filename" : "gfx/tilesets/brick/0.png",
		"x" : 396,
		"y" : 97,
		"w" : 48,
		"h" : 48,
		"rotated" : 0
	},
	{
		"filename" : "gfx/tilesets/brick/3.png",
		"x" : 445,
		"y" : 97,
		"w" : 48,
		"h" : 48,
		"rotated" : 0
	},
	{
		"filename" : "gfx/entities/item12.png",
		"x" : 426,
		"y" : 264,
		"w" : 32,
		"h" : 48,
		"rotated" : 0
	},
	{
		"filename" : "gfx/entities/item21.png",
		"x" : 459,
		"y" : 264,
		"w" : 32,
		"h" : 48,
		"rotated" : 0
	},
	{
		"filename" : "gfx/entities/item25.png",
		"x" : 483,
		"y" : 151,
		"w" : 28,
		"h" : 38,
		"rotated" : 0
	},
	{
		"filename" : "gfx/entities/item22.png",
		"x" : 483,
		"y" : 206,
		"w" : 20,
		"h" : 38,
		"rotated" : 0
	},
	{
		"filename" : "gfx/decoration/cabinet.png",
		"x" : 426,
		"y" : 313,
		"w" : 38,
		"h" : 34,
		"rotated" : 0
	},
	{
		"filename" : "gfx/entities/toiletPlunging2.png",
		"x" : 465,
		"y" : 313,
		"w" : 32,
		"h" : 32,
		"rotated" : 0
	},
	{
		"filename" : "gfx/entities/item23.png",
		"x" : 0,
		"y" : 376,
		"w" : 32,
		"h" : 32,
		"rotated" : 0
	},
	{
		"filename" : "gfx/entities/vomitToilet2.png",
		"x" : 33,
		"y" : 376,
		"w" : 42,
		"h" : 32,
		"rotated" : 0
	},
	{
		"filename" : "gfx/entities/item24.png",
		"x" : 76,
		"y" : 376,
		"w" : 22,
		"h" : 32,
		"rotated" : 0
	},
	{
		"filename" : "gfx/entities/vomitToilet1.png",
		"x" : 99,
		"y" : 376,
		"w" : 42,
		"h" : 32,
		"rotated" : 0
	},
	{
		"filename" : "gfx/entities/item02.png",
		"x" : 492,
		"y" : 264,
		"w" : 20,
		"h" : 32,
		"rotated" : 0
	},
	{
		"filename" : "gfx/entities/toiletEscape1.png",
		"x" : 142,
		"y" : 376,
		"w" : 32,
		"h" : 32,
		"rotated" : 0
	},
	{
		"filename" : "gfx/entities/item20.png",
		"x" : 494,
		"y" : 97,
		"w" : 14,
		"h" : 32,
		"rotated" : 0
	},
	{
		"filename" : "gfx/entities/item04.png",
		"x" : 175,
		"y" : 376,
		"w" : 20,
		"h" : 32,
		"rotated" : 0
	},
	{
		"filename" : "gfx/entities/toilet.png",
		"x" : 196,
		"y" : 376,
		"w" : 32,
		"h" : 32,
		"rotated" : 0
	},
	{
		"filename" : "gfx/entities/guy.png",
		"x" : 229,
		"y" : 376,
		"w" : 20,
		"h" : 32,
		"rotated" : 0
	},
	{
		"filename" : "gfx/entities/toiletEscape3.png",
		"x" : 250,
		"y" : 376,
		"w" : 32,
		"h" : 32,
		"rotated" : 0
	},
	{
		"filename" : "gfx/entities/item19.png",
		"x" : 283,
		"y" : 376,
		"w" : 32,
		"h" : 32,
		"rotated" : 0
	},
	{
		"filename" : "gfx/entities/crate.png",
		"x" : 316,
		"y" : 376,
		"w" : 32,
		"h" : 32,
		"rotated" : 0
	},
	{
		"filename" : "gfx/entities/toiletErupt1.png",
		"x" : 349,
		"y" : 376,
		"w" : 32,
		"h" : 32,
		"rotated" : 0
	},
	{
		"filename" : "gfx/entities/item15.png",
		"x" : 382,
		"y" : 376,
		"w" : 32,
		"h" : 32,
		"rotated" : 0
	},
	{
		"filename" : "gfx/entities/cloneShield.png",
		"x" : 415,
		"y" : 376,
		"w" : 28,
		"h" : 32,
		"rotated" : 0
	},
	{
		"filename" : "gfx/entities/guyShield.png",
		"x" : 444,
		"y" : 376,
		"w" : 28,
		"h" : 32,
		"rotated" : 0
	},
	{
		"filename" : "gfx/entities/item03.png",
		"x" : 473,
		"y" : 376,
		"w" : 30,
		"h" : 32,
		"rotated" : 0
	},
	{
		"filename" : "gfx/entities/key.png",
		"x" : 0,
		"y" : 409,
		"w" : 32,
		"h" : 32,
		"rotated" : 0
	},
	{
		"filename" : "gfx/entities/item14.png",
		"x" : 33,
		"y" : 409,
		"w" : 32,
		"h" : 32,
		"rotated" : 0
	},
	{
		"filename" : "gfx/entities/item26.png",
		"x" : 66,
		"y" : 409,
		"w" : 32,
		"h" : 32,
		"rotated" : 0
	},
	{
		"filename" : "gfx/entities/clonePistol.png",
		"x" : 99,
		"y" : 409,
		"w" : 38,
		"h" : 32,
		"rotated" : 0
	},
	{
		"filename" : "gfx/entities/toiletEscape5.png",
		"x" : 138,
		"y" : 409,
		"w" : 32,
		"h" : 32,
		"rotated" : 0
	},
	{
		"filename" : "gfx/entities/toiletPlunging1.png",
		"x" : 171,
		"y" : 409,
		"w" : 32,
		"h" : 32,
		"rotated" : 0
	},
	{
		"filename" : "gfx/entities/toiletEscape2.png",
		"x" : 204,
		"y" : 409,
		"w" : 32,
		"h" : 32,
		"rotated" : 0
	},
	{
		"filename" : "gfx/entities/toiletStink1.png",
		"x" : 237,
		"y" : 409,
		"w" : 32,
		"h" : 32,
		"rotated" : 0
	},
	{
		"filename" : "gfx/entities/spitter.png",
		"x" : 270,
		"y" : 409,
		"w" : 32,
		"h" : 32,
		"rotated" : 0
	},
	{
		"filename" : "gfx/entities/clonePlunger.png",
		"x" : 303,
		"y" : 409,
		"w" : 34,
		"h" : 32,
		"rotated" : 0
	},
	{
		"filename" : "gfx/entities/item18.png",
		"x" : 338,
		"y" : 409,
		"w" : 32,
		"h" : 32,
		"rotated" : 0
	},
	{
		"filename" : "gfx/entities/item01.png",
		"x" : 371,
		"y" : 409,
		"w" : 32,
		"h" : 32,
		"rotated" : 0
	},
	{
		"filename" : "gfx/entities/toiletStink2.png",
		"x" : 404,
		"y" : 409,
		"w" : 32,
		"h" : 32,
		"rotated" : 0
	},
	{
		"filename" : "gfx/entities/clone.png",
		"x" : 437,
		"y" : 409,
		"w" : 20,
		"h" : 32,
		"rotated" : 0
	},
	{
		"filename" : "gfx/entities/toiletEscape4.png",
		"x" : 458,
		"y" : 409,
		"w" : 32,
		"h" : 32,
		"rotated" : 0
	},
	{
		"filename" : "gfx/entities/guyPistol.png",
		"x" : 0,
		"y" : 442,
		"w" : 38,
		"h" : 32,
		"rotated" : 0
	},
	{
		"filename" : "gfx/entities/guyPlunger.png",
		"x" : 39,
		"y" : 442,
		"w" : 34,
		"h" : 32,
		"rotated" : 0
	},
	{
		"filename" : "gfx/entities/toiletErupt2.png",
		"x" : 74,
		"y" : 442,
		"w" : 32,
		"h" : 32,
		"rotated" : 0
	},
	{
		"filename" : "gfx/entities/item13.png",
		"x" : 107,
		"y" : 442,
		"w" : 24,
		"h" : 32,
		"rotated" : 0
	},
	{
		"filename" : "gfx/entities/item05.png",
		"x" : 132,
		"y" : 442,
		"w" : 30,
		"h" : 30,
		"rotated" : 0
	},
	{
		"filename" : "gfx/entities/item06.png",
		"x" : 163,
		"y" : 442,
		"w" : 26,
		"h" : 30,
		"rotated" : 0
	},
	{
		"filename" : "gfx/entities/item09.png",
		"x" : 190,
		"y" : 442,
		"w" : 24,
		"h" : 30,
		"rotated" : 0
	},
	{
		"filename" : "gfx/entities/item08.png",
		"x" : 215,
		"y" : 442,
		"w" : 32,
		"h" : 30,
		"rotated" : 0
	},
	{
		"filename" : "gfx/entities/item10.png",
		"x" : 248,
		"y" : 442,
		"w" : 30,
		"h" : 30,
		"rotated" : 0
	},
	{
		"filename" : "gfx/entities/manholeCover.png",
		"x" : 279,
		"y" : 442,
		"w" : 30,
		"h" : 30,
		"rotated" : 0
	},
	{
		"filename" : "gfx/entities/item07.png",
		"x" : 310,
		"y" : 442,
		"w" : 32,
		"h" : 30,
		"rotated" : 0
	},
	{
		"filename" : "gfx/entities/plunger.png",
		"x" : 343,
		"y" : 442,
		"w" : 24,
		"h" : 30,
		"rotated" : 0
	},
	{
		"filename" : "gfx/entities/item11.png",
		"x" : 368,
		"y" : 442,
		"w" : 30,
		"h" : 30,
		"rotated" : 0
	},
	{
		"filename" : "gfx/main/arrow.png",
		"x" : 399,
		"y" : 442,
		"w" : 28,
		"h" : 28,
		"rotated" : 0
	},
	{
		"filename" : "gfx/entities/roofSpikes.png",
		"x" : 426,
		"y" : 348,
		"w" : 46,
		"h" : 26,
		"rotated" : 0
	},
	{
		"filename" : "gfx/entities/spikes.png",
		"x" : 428,
		"y" : 442,
		"w" : 46,
		"h" : 26,
		"rotated" : 0
	},
	{
		"filename" : "gfx/entities/coin.png",
		"x" : 473,
		"y" : 348,
		"w" : 24,
		"h" : 24,
		"rotated" : 0
	},
	{
		"filename" : "gfx/entities/waterPistol.png",
		"x" : 475,
		"y" : 442,
		"w" : 32,
		"h" : 24,
		"rotated" : 0
	},
	{
		"filename" : "gfx/entities/drip.png",
		"x" : 168,
		"y" : 74,
		"w" : 14,
		"h" : 22,
		"rotated" : 0
	},
	{
		"filename" : "gfx/main/noTick.png",
		"x" : 183,
		"y" : 74,
		"w" : 22,
		"h" : 22,
		"rotated" : 0
	},
	{
		"filename" : "gfx/main/tick.png",
		"x" : 206,
		"y" : 74,
		"w" : 22,
		"h" : 22,
		"rotated" : 0
	},
	{
		"filename" : "gfx/entities/platform.png",
		"x" : 229,
		"y" : 74,
		"w" : 96,
		"h" : 16,
		"rotated" : 0
	},
	{
		"filename" : "gfx/entities/item17.png",
		"x" : 326,
		"y" : 74,
		"w" : 32,
		"h" : 16,
		"rotated" : 0
	},
	{
		"filename" : "gfx/entities/item16.png",
		"x" : 359,
		"y" : 74,
		"w" : 32,
		"h" : 16,
		"rotated" : 0
	},
	{
		"filename" : "gfx/main/tips.png",
		"x" : 392,
		"y" : 74,
		"w" : 16,
		"h" : 16,
		"rotated" : 0
	},
	{
		"filename" : "gfx/entities/waterBullet.png",
		"x" : 409,
		"y" : 74,
		"w" : 22,
		"h" : 14,
		"rotated" : 0
	},
	{
		"filename" : "gfx/entities/spitterBullet.png",
		"x" : 432,
		"y" : 74,
		"w" : 22,
		"h" : 14,
		"rotated" : 0
	},
	{
		"filename" : "gfx/entities/pressurePlateIdle.png",
		"x" : 0,
		"y" : 475,
		"w" : 96,
		"h" : 9,
		"rotated" : 0
	},
	{
		"filename" : "gfx/entities/pressurePlateActive.png",
		"x" : 97,
		"y" : 475,
		"w" : 96,
		"h" : 9,
		"rotated" : 0
	},
	{
		"filename" : "gfx/particles/basic.png",
		"x" : 505,
		"y" : 0,
		"w" : 7,
		"h" : 7,
		"rotated" : 0
	}
]
