{
    "version": 2,
    "name": "exult.zip",
    "items": [
        "exult/",
        "Exult-keyring.sh",
        "Exult-nokeyring.sh"
    ],
    "items_opt": null,
    "attr": {
        "title": "Exult",
        "desc": "A port of Ultima 7.",
        "inst": "You'll need A copy of the black gate and/or serpent isle added to ports/exult/data/blackgate and/or ports/exult/data/serpentisle.",
        "genres": [
            "rpg"
        ],
        "porter": [
            "nl255"
        ],
        "image": {},
        "rtr": false,
        "runtime": null,
        "reqs": []
    }
}