{
    "version": "2",
    "name": "deep_sleep.zip",
    "items": [
        "Deep Sleep.sh",
        "deep_sleep"
    ],
    "items_opt": null,
    "attr": {
        "title": "Deep Sleep",
        "porter": "Cebion",
        "desc": "It's morning and you gotta wake up for work, you hear the alarm clocks, but to wake up you need to collect all the clocks and escape the room before deep sleep ghosts catch you. They'll follow your every step and will eventually catch and make you fall into Deep Sleep if you're not careful. Use your Dream Pillow to traverse through 15 different and challenging levels! Good luck!",
        "inst": "Ready to run!",
        "genres": [
            "platformer"
        ],
        "image": null,
        "rtr": true,
        "runtime": "frt_3.2.3.squashfs",
        "reqs": []
    },
    "status": {
        "source": "Unknown",
        "md5": null,
        "status": "Installed"
    },
    "files": {
        "port.json": "deep_sleep/deep_sleep.port.json",
        "Deep Sleep.sh": "Deep Sleep.sh",
        "deep_sleep": "deep_sleep"
    }
}