{
  "version": 2,
  "name": "neoncityriders.zip",
  "items": [
    "Neon City Riders.sh",
    "neoncityriders"
  ],
  "items_opt": [],
  "attr": {
    "title": "Neon City Riders",
    "porter": [
      "mattyj513"
    ],
    "desc": "Explore a decaying futuristic city in search of items, superpowers and companions to free all the turfs of the evil gangs and unite their people again!",
    "inst": "Download the game from https://store.steampowered.com/app/1102650/Neon_City_Riders/ copy data.win and both .dat files to /ports/neoncityriders/gamedata",
    "genres": [
      "adventure"
    ],
    "image": null,
    "rtr": false,
    "runtime": null,
    "reqs": [
      "2gb"
    ]
  }
}