{
  "version": "2",
  "name": "droid7.zip",
  "items": [
    "DROID7.sh",
    "droid7"
  ],
  "items_opt": null,
  "attr": {
    "title": "DROID7",
    "porter": [
      "tabreturn"
    ],
    "desc": "Jump your way up on a generated tower while a laser beam chases you from below. The higher you go, the faster it gets, and it isn't long before disappearing (and reappearing) platforms and spikes are introduced to make your life harder.",
    "inst": "You can purchase DROID7 at: https://juancolacelli.itch.io/droid7\n\nDownload the Windows version and extract it, and place the DROID7.pck file in the gamedata directory. This has been tested with Windows 64-bit, Dec 30 2022 release\n\nLEFT/RIGHT = Horizontal movement\nB/A = Jump\nLEFT ANALOG = Mouse position\nR1 = Mouse click\n",
    "genres": [
      "platformer"
    ],
    "image": null,
    "rtr": false,
    "runtime": "frt_3.4.5.squashfs",
    "reqs": []
  }
}
