{
    "version": 2,
    "name": "moonlight.zip",
    "items": [
        "moonlight/",
        "Moonlight.sh"
    ],
    "items_opt": null,
    "attr": {
        "title": "Moonlight",
        "desc": "A free, open-source NVIDIA Gamestream Client.  For more info on the setup needs at https://github.com/christianhaitian/arkos/wiki/ArkOS-Emulators-and-Ports-information#moonlight-nvidia-gamestreaming-app-available-through-portmaster.",
        "inst": "Ready to run.",
        "genres": [
            "other"
        ],
        "porter": [
            "Christian_Haitian"
        ],
        "image": {},
        "rtr": true,
        "runtime": null,
        "reqs": []
    }
}