{
    "version": "2",
    "name": "margot_beatrice_adventure.zip",
    "items": [
        "Margot-Beatrice Adventure.sh",
        "margot_beatrice_adventure"
    ],
    "items_opt": null,
    "attr": {
        "title": "Margot-B\u00e9atrice Adventure",
        "porter": "Cebion",
        "desc": "The courageous princess Margot-B\u00e9atrice try to re-take the forest gem \nbut she encounter a terrible (in every way) sorcerer that emprison her \nin a cristal prison. She now forced to call her animal friends\nto free her and save the forest.",
        "inst": "",
        "genres": [
            "platformer"
        ],
        "image": null,
        "rtr": true,
        "runtime": "frt_3.4.5.squashfs",
        "reqs": []
    },
    "status": {
        "source": "Unknown",
        "md5": null,
        "status": "Installed"
    },
    "files": {
        "port.json": "margot_beatrice_adventure/margot_beatrice_adventure.port.json",
        "Margot-Beatrice Adventure.sh": "Margot-Beatrice Adventure.sh",
        "margot_beatrice_adventure": "margot_beatrice_adventure"
    }
}