{
	"GreatSands XL 2-8" :
	{
		"minSize" : "xl", "maxSize" : "h",
		"players" : "2-8",
		"zones" :
		{
			"1" :
			{
				"type" : "treasure",
				"size" : 1600,
				"monsters" : "strong",
				"neutralTowns" : { "castles" : 1 },
				"allowedTowns" : [ "conflux" ],
				"allowedMonsters" : [ "neutral", "conflux" ],
				"matchTerrainToTown" : false,
				"terrainTypes" : [ "sand" ],
				"mines" : { "gold" : 2 },
				"treasure" :
				[
					{ "min" : 6000, "max" : 10000, "density" : 5 },
					{ "min" : 4000, "max" : 6000, "density" : 5 },
					{ "min" : 2000, "max" : 4000, "density" : 5 }
				]
			},
			"11" :
			{
				"type" : "treasure",
				"size" : 200,
				"monsters" : "strong",
				"terrainTypeLikeZone" : 1,
				"mines" : { "mercury" : 1, "sulfur" : 1 },
				"treasure" :
				[
					{ "min" : 5000, "max" : 7000, "density" : 3 },
					{ "min" : 3000, "max" : 5000, "density" : 4 },
					{ "min" : 1000, "max" : 3000, "density" : 5 }
				]
			},
			"12" :
			{
				"type" : "treasure",
				"size" : 200,
				"monsters" : "strong",
				"terrainTypeLikeZone" : 1,
				"minesLikeZone" : 11,
				"treasureLikeZone" : 11
			},
			"13" :
			{
				"type" : "treasure",
				"size" : 200,
				"monsters" : "strong",
				"terrainTypeLikeZone" : 1,
				"minesLikeZone" : 11,
				"treasureLikeZone" : 11
			},
			"14" :
			{
				"type" : "treasure",
				"size" : 200,
				"monsters" : "strong",
				"terrainTypeLikeZone" : 1,
				"minesLikeZone" : 11,
				"treasureLikeZone" : 11
			},
			"15" :
			{
				"type" : "treasure",
				"size" : 200,
				"monsters" : "strong",
				"terrainTypeLikeZone" : 1,
				"minesLikeZone" : 11,
				"treasureLikeZone" : 11
			},
			"16" :
			{
				"type" : "treasure",
				"size" : 200,
				"monsters" : "strong",
				"terrainTypeLikeZone" : 1,
				"minesLikeZone" : 11,
				"treasureLikeZone" : 11
			},
			"17" :
			{
				"type" : "treasure",
				"size" : 200,
				"monsters" : "strong",
				"terrainTypeLikeZone" : 1,
				"minesLikeZone" : 11,
				"treasureLikeZone" : 11
			},
			"18" :
			{
				"type" : "treasure",
				"size" : 200,
				"monsters" : "strong",
				"terrainTypeLikeZone" : 1,
				"minesLikeZone" : 11,
				"treasureLikeZone" : 11
			},
			"21" :
			{
				"type" : "treasure",
				"size" : 200,
				"monsters" : "strong",
				"terrainTypeLikeZone" : 1,
				"mines" : { "crystal" : 1, "gems" : 1 },
				"treasureLikeZone" : 11
			},
			"22" :
			{
				"type" : "treasure",
				"size" : 200,
				"monsters" : "strong",
				"terrainTypeLikeZone" : 1,
				"minesLikeZone" : 21,
				"treasureLikeZone" : 11
			},
			"23" :
			{
				"type" : "treasure",
				"size" : 200,
				"monsters" : "strong",
				"terrainTypeLikeZone" : 1,
				"minesLikeZone" : 21,
				"treasureLikeZone" : 11
			},
			"24" :
			{
				"type" : "treasure",
				"size" : 200,
				"monsters" : "strong",
				"terrainTypeLikeZone" : 1,
				"minesLikeZone" : 21,
				"treasureLikeZone" : 11
			},
			"25" :
			{
				"type" : "treasure",
				"size" : 200,
				"monsters" : "strong",
				"terrainTypeLikeZone" : 1,
				"minesLikeZone" : 21,
				"treasureLikeZone" : 11
			},
			"26" :
			{
				"type" : "treasure",
				"size" : 200,
				"monsters" : "strong",
				"terrainTypeLikeZone" : 1,
				"minesLikeZone" : 21,
				"treasureLikeZone" : 11
			},
			"27" :
			{
				"type" : "treasure",
				"size" : 200,
				"monsters" : "strong",
				"terrainTypeLikeZone" : 1,
				"minesLikeZone" : 21,
				"treasureLikeZone" : 11
			},
			"28" :
			{
				"type" : "treasure",
				"size" : 200,
				"monsters" : "strong",
				"terrainTypeLikeZone" : 1,
				"minesLikeZone" : 21,
				"treasureLikeZone" : 11
			},
			"31" :
			{
				"type" : "playerStart",
				"size" : 600,
				"owner" : 1,
				"monsters" : "normal",
				"playerTowns" : { "castles" : 1 },
				"allowedTowns" : [ "castle", "rampart", "tower", "inferno", "necropolis", "dungeon", "stronghold", "fortress" ],
				"allowedMonsters" : [ "castle", "rampart", "tower", "inferno", "necropolis", "dungeon", "stronghold", "fortress" ],
				"matchTerrainToTown" : true,
				"mines" : { "wood" : 1, "ore" : 1 },
				"treasure" :
				[
					{ "min" : 2600, "max" : 4000, "density" : 2 },
					{ "min" : 1600, "max" : 2500, "density" : 2 },
					{ "min" : 100, "max" : 1500, "density" : 8 }
				]
			},
			"32" :
			{
				"type" : "playerStart",
				"size" : 600,
				"owner" : 2,
				"monsters" : "normal",
				"playerTowns" : { "castles" : 1 },
				"allowedTowns" : [ "castle", "rampart", "tower", "inferno", "necropolis", "dungeon", "stronghold", "fortress" ],
				"allowedMonsters" : [ "castle", "rampart", "tower", "inferno", "necropolis", "dungeon", "stronghold", "fortress" ],
				"matchTerrainToTown" : true,
				"minesLikeZone" : 31,
				"treasureLikeZone" : 31
			},
			"33" :
			{
				"type" : "playerStart",
				"size" : 600,
				"owner" : 3,
				"monsters" : "normal",
				"playerTowns" : { "castles" : 1 },
				"allowedTowns" : [ "castle", "rampart", "tower", "inferno", "necropolis", "dungeon", "stronghold", "fortress" ],
				"allowedMonsters" : [ "castle", "rampart", "tower", "inferno", "necropolis", "dungeon", "stronghold", "fortress" ],
				"matchTerrainToTown" : true,
				"minesLikeZone" : 31,
				"treasureLikeZone" : 31
			},
			"34" :
			{
				"type" : "playerStart",
				"size" : 600,
				"owner" : 4,
				"monsters" : "normal",
				"playerTowns" : { "castles" : 1 },
				"allowedTowns" : [ "castle", "rampart", "tower", "inferno", "necropolis", "dungeon", "stronghold", "fortress" ],
				"allowedMonsters" : [ "castle", "rampart", "tower", "inferno", "necropolis", "dungeon", "stronghold", "fortress" ],
				"matchTerrainToTown" : true,
				"minesLikeZone" : 31,
				"treasureLikeZone" : 31
			},
			"35" :
			{
				"type" : "playerStart",
				"size" : 600,
				"owner" : 5,
				"monsters" : "normal",
				"playerTowns" : { "castles" : 1 },
				"allowedTowns" : [ "castle", "rampart", "tower", "inferno", "necropolis", "dungeon", "stronghold", "fortress" ],
				"allowedMonsters" : [ "castle", "rampart", "tower", "inferno", "necropolis", "dungeon", "stronghold", "fortress" ],
				"matchTerrainToTown" : true,
				"minesLikeZone" : 31,
				"treasureLikeZone" : 31
			},
			"36" :
			{
				"type" : "playerStart",
				"size" : 600,
				"owner" : 6,
				"monsters" : "normal",
				"playerTowns" : { "castles" : 1 },
				"allowedTowns" : [ "castle", "rampart", "tower", "inferno", "necropolis", "dungeon", "stronghold", "fortress" ],
				"allowedMonsters" : [ "castle", "rampart", "tower", "inferno", "necropolis", "dungeon", "stronghold", "fortress" ],
				"matchTerrainToTown" : true,
				"minesLikeZone" : 31,
				"treasureLikeZone" : 31
			},
			"37" :
			{
				"type" : "playerStart",
				"size" : 600,
				"owner" : 7,
				"monsters" : "normal",
				"playerTowns" : { "castles" : 1 },
				"allowedTowns" : [ "castle", "rampart", "tower", "inferno", "necropolis", "dungeon", "stronghold", "fortress" ],
				"allowedMonsters" : [ "castle", "rampart", "tower", "inferno", "necropolis", "dungeon", "stronghold", "fortress" ],
				"matchTerrainToTown" : true,
				"minesLikeZone" : 31,
				"treasureLikeZone" : 31
			},
			"38" :
			{
				"type" : "playerStart",
				"size" : 600,
				"owner" : 8,
				"monsters" : "normal",
				"playerTowns" : { "castles" : 1 },
				"allowedTowns" : [ "castle", "rampart", "tower", "inferno", "necropolis", "dungeon", "stronghold", "fortress" ],
				"allowedMonsters" : [ "castle", "rampart", "tower", "inferno", "necropolis", "dungeon", "stronghold", "fortress" ],
				"matchTerrainToTown" : true,
				"minesLikeZone" : 31,
				"treasureLikeZone" : 31
			}
		},
		"connections" :
		[
			{ "a" : "11", "b" : "1", "guard" : 8000 },
			{ "a" : "12", "b" : "1", "guard" : 8000 },
			{ "a" : "13", "b" : "1", "guard" : 8000 },
			{ "a" : "14", "b" : "1", "guard" : 8000 },
			{ "a" : "15", "b" : "1", "guard" : 8000 },
			{ "a" : "16", "b" : "1", "guard" : 8000 },
			{ "a" : "17", "b" : "1", "guard" : 8000 },
			{ "a" : "18", "b" : "1", "guard" : 8000 },
			{ "a" : "21", "b" : "1", "guard" : 8000 },
			{ "a" : "22", "b" : "1", "guard" : 8000 },
			{ "a" : "23", "b" : "1", "guard" : 8000 },
			{ "a" : "24", "b" : "1", "guard" : 8000 },
			{ "a" : "25", "b" : "1", "guard" : 8000 },
			{ "a" : "26", "b" : "1", "guard" : 8000 },
			{ "a" : "27", "b" : "1", "guard" : 8000 },
			{ "a" : "28", "b" : "1", "guard" : 8000 },
			{ "a" : "31", "b" : "11", "guard" : 5000 },
			{ "a" : "32", "b" : "12", "guard" : 5000 },
			{ "a" : "33", "b" : "13", "guard" : 5000 },
			{ "a" : "34", "b" : "14", "guard" : 5000 },
			{ "a" : "35", "b" : "15", "guard" : 5000 },
			{ "a" : "36", "b" : "16", "guard" : 5000 },
			{ "a" : "37", "b" : "17", "guard" : 5000 },
			{ "a" : "38", "b" : "18", "guard" : 5000 },
			{ "a" : "31", "b" : "21", "guard" : 5000 },
			{ "a" : "32", "b" : "22", "guard" : 5000 },
			{ "a" : "33", "b" : "23", "guard" : 5000 },
			{ "a" : "34", "b" : "24", "guard" : 5000 },
			{ "a" : "35", "b" : "25", "guard" : 5000 },
			{ "a" : "36", "b" : "26", "guard" : 5000 },
			{ "a" : "37", "b" : "27", "guard" : 5000 },
			{ "a" : "38", "b" : "28", "guard" : 5000 }
		]
	}
}
