{
  "version": "2",
  "name": "hawkthorne.zip",
  "items": [
    "Hawkthorne.sh",
    "hawkthorne"
  ],
  "items_opt": null,
  "attr": {
    "title": "Community: Journey to the Center of Hawkthorne",
    "porter": "Cebion",
    "desc": "This 2d platformer is based on Community's Digital Estate Planning episode. \n\nA group of warriors are summoned to the kingdom of Hawkthorne™ to take on a quest to recover the fabled \"White Diamond of Discipline\"™ found in the depths of the dark pit of despair known as The Black Cave™.",
    "inst": "",
    "genres": [
      "platformer",
      "rpg"
    ],
    "image": null,
    "rtr": true,
    "runtime": null,
    "reqs": []
  }
}