{
    "version": 2,
    "name": "echo_chamber.zip",
    "items": [
        "Echo Chamber.sh",
        "echo_chamber/"
    ],
    "items_opt": null,
    "attr": {
        "title": "Echo Chamber",
        "porter": [
            "Cebion"
        ],
        "desc": "Wizard roguelike\nTraverse a dungeon and add a new spell each time you clear a floor.\n\nYour spells cycle in a loop.",
        "inst": "Ready to run.",
        "genres": [
            "rpg"
        ],
        "image": {},
        "rtr": true,
        "runtime": "frt_3.4.5.squashfs",
        "reqs": []
    }
}