{
    "version": "2",
    "name": "echo_chamber.zip",
    "items": [
        "Echo Chamber.sh",
        "echo_chamber"
    ],
    "items_opt": null,
    "attr": {
        "title": "Echo Chamber",
        "porter": "Cebion",
        "desc": "Wizard roguelike\nTraverse a dungeon and add a new spell each time you clear a floor.\n\nYour spells cycle in a loop.",
        "inst": "",
        "genres": [
            "rpg"
        ],
        "image": null,
        "rtr": true,
        "runtime": "frt_3.4.5.squashfs",
        "reqs": []
    },
    "status": {
        "source": "Unknown",
        "md5": null,
        "status": "Installed"
    },
    "files": {
        "port.json": "echo_chamber/echo_chamber.port.json",
        "Echo Chamber.sh": "Echo Chamber.sh",
        "echo_chamber": "echo_chamber"
    }
}