{
    "version": "2",
    "name": "openmrac.zip",
    "items": [
        "Openmrac.sh",
        "openmrac/"
    ],
    "items_opt": null,
    "attr": {
        "title": "OpenMRac",
        "porter": "Cebion",
        "desc": "OpenMRac is a split-screen racing game. It is a tweaked source release of MultiRacer.",
        "inst": "",
        "genres": [
            "racing"
        ],
        "image": {},
        "rtr": true,
        "runtime": null,
        "reqs": []
    },
    "status": {
        "source": "PortMaster",
        "md5": "e9ee442a46272ee1e395c0ea78cb22d7",
        "status": "Installed"
    },
    "files": {
        "port.json": "openmrac/openmrac.port.json",
        "Openmrac.sh": "Openmrac.sh",
        "openmrac/": "openmrac/"
    }
}