{
    "version": 2,
    "name": "openmrac.zip",
    "items": [
        "Openmrac.sh",
        "openmrac/"
    ],
    "items_opt": null,
    "attr": {
        "title": "OpenMRac",
        "porter": [
            "Cebion"
        ],
        "desc": "OpenMRac is a split-screen racing game. It is a tweaked source release of MultiRacer.",
        "inst": "Ready to run.",
        "genres": [
            "racing"
        ],
        "image": {},
        "rtr": true,
        "runtime": null,
        "reqs": []
    }
}