{
    "version": 2,
    "name": "Quakespasm.zip",
    "items": [
        "Quakespasm - Aftershock.sh",
        "Quakespasm - Arcane Dimensions.sh",
        "Quakespasm - Dimension of the Machine.sh",
        "Quakespasm - Dimension of the Past.sh",
        "Quakespasm - Dissolution of Eternity.sh",
        "Quakespasm - Insomnia.sh",
        "Quakespasm - Quake.sh",
        "Quakespasm - QZone.sh",
        "Quakespasm - Scourge of Armagon.sh",
        "quakespasm/"
    ],
    "items_opt": null,
    "attr": {
        "title": "Quakespasm",
        "desc": "QuakeSpasm -- A modern, cross-platform Quake game engine by sezero (Ozkan Sezer) based on FitzQuake by John Fitzgibbons. This source port of quake supports many mods and Dimension of the Machine. GL video accelerated with GL4ES!\n\nGL4ES version used: https://github.com/Slayer366/quakespasm-for-GL4ES based on https://github.com/jfgomez21/quakespasm who first modified sezero's Quakespasm to work with GL4ES\n\nGL4ES by ptitseb (same dev who also does box86 and box64) can be found here: https://github.com/ptitSeb/gl4es",
        "inst": "You will need to populate the id1, hipnotic, rogue, dopa, ad, and mg1 directories with your pak files and music tracks.  Some JelOS users may need to use flac instead of ogg or mp3.  It is recommended to use an RK3566 or faster CPU to run Arcane Dimensions or Dimension of the Machine.",
        "genres": [
            "fps",
            "action"
        ],
        "porter": [
            "Slayer366"
        ],
        "image": {},
        "rtr": false,
        "runtime": null,
        "reqs": []
    }
}