{
    "version": 2,
    "name": "Quakespasm.zip",
    "items": [
        "Quakespasm - Aftershock.sh",
        "Quakespasm - Arcane Dimensions.sh",
        "Quakespasm - Dimension of the Machine.sh",
        "Quakespasm - Dimension of the Past.sh",
        "Quakespasm - Dissolution of Eternity.sh",
        "Quakespasm - Insomnia.sh",
        "Quakespasm - Quake.sh",
        "Quakespasm - QZone.sh",
        "Quakespasm - Scourge of Armagon.sh",
        "quakespasm/"
    ],
    "items_opt": null,
    "attr": {
        "title": "Quakespasm",
        "desc": "QuakeSpasm -- A modern, cross-platform Quake game engine based on FitzQuake. This source port of quake supports many mods and Dimension of the Machine. GL video accelerated with GL4ES!\n\nGL4ES version https://github.com/Slayer366/quakespasm-for-GL4ES based on: https://github.com/jfgomez21/quakespasm",
        "inst": "You will need to populate the id1, hipnotic, rogue, dopa, ad, and mg1 directories with your pak files and music tracks.  It is recommended to use an RK3566 or faster CPU to run Arcane Dimensions or Dimension of the Machine.",
        "genres": [
            "fps",
            "action"
        ],
        "porter": [
            "Slayer366"
        ],
        "image": {},
        "rtr": false,
        "runtime": null,
        "reqs": []
    }
}